,YieldScopePriority_X,YieldScopePriority_Y,IsYieldForEnabled,IsYieldedEnabled,TokenAllocation,QuotaTokens,TotalWaitingTimeInMins,IsQuotaFullyLoad,SLA,Priority
140,,,1,1,500,14572,480.8693591,0,TRUE,5
987,,,1,1,500,14572,473.8072651,0,TRUE,6
732,2,0,1,1,600,27700,256.4069727,0,TRUE,8
396,,,1,1,500,14572,503.3666661,1,TRUE,12
398,2,0,1,1,50,29125,131.3343515,0,TRUE,16
468,2,0,1,1,999,29125,119.5997958,0,TRUE,17
907,2,0,1,1,50,29125,72.91113115,0,TRUE,19
261,,,1,1,1500,13859,148.844147,0,TRUE,21
952,1,0,1,1,600,10687,54.71705875,0,TRUE,21
587,2,0,1,1,600,29125,51.60956037,0,TRUE,21
481,1,0,1,1,600,10164,18.39797897,0,TRUE,22
292,1,0,1,1,257,10687,0,0,TRUE,23
297,1,0,1,1,600,10687,1.993621947,0,TRUE,23
423,2,0,1,1,500,29125,6.009117422,0,TRUE,23
438,1,0,1,1,500,10687,0.309809617,0,TRUE,23
673,1,0,1,1,49,10687,8.421033468,0,TRUE,23
680,1,0,1,1,500,10687,4.993669885,0,TRUE,23
878,1,0,1,1,500,10687,0.901815305,0,TRUE,23
965,1,0,1,1,1000,10687,41.35829943,0,TRUE,23
104,1,0,1,1,400,10687,2.479810813,0,TRUE,24
722,2,0,1,1,50,29125,0.388686267,0,TRUE,24
33,,,1,1,600,29125,3.3844699,0,TRUE,25
122,1,0,1,1,50,10164,1.745981315,0,TRUE,25
151,,,1,1,600,29125,0.291966042,0,TRUE,25
954,2,0,1,1,1000,27700,1.467942912,0,TRUE,25
31,1,0,1,0,500,2915,0,0,TRUE,26
269,,,1,1,5000,14572,85.98810279,0,TRUE,26
311,2,0,1,1,1000,27700,68.08759514,0,TRUE,26
161,1,0,1,1,500,10687,0.678068552,0,TRUE,27
327,,,1,1,8000,14572,105.1500447,0,TRUE,27
992,1,0,1,0,300,2915,37.65544407,0,TRUE,27
330,1,0,1,1,1297,10687,24.33970438,0,TRUE,28
106,1,0,1,1,1220,10164,0.066243925,0,TRUE,29
244,1,0,1,0,500,2915,0.05570096,0,TRUE,29
262,2,0,1,1,1000,29125,11.04974781,0,TRUE,29
564,1,0,1,0,2000,10687,0,0,TRUE,29
650,1,0,1,0,500,2915,15.63813643,0,TRUE,29
49,,,1,1,8000,14572,87.03382882,0,TRUE,30
116,2,0,1,1,500,27700,0.554946292,0,TRUE,30
603,2,0,1,1,50,29125,211.1422739,1,TRUE,30
37,,,1,1,5000,14572,74.51678025,0,TRUE,31
265,,,1,1,1500,14572,0.056837455,0,TRUE,31
372,,,1,1,1500,14572,0.061374583,0,TRUE,31
817,,,1,1,1500,14572,0.055287117,0,TRUE,31
928,,,1,1,1500,14572,0.054922222,0,TRUE,31
903,1,0,1,0,2000,10687,0.421600978,0,TRUE,31
591,,,1,1,5000,14572,30.34959073,0,TRUE,32
639,0,10,1,1,234,1875,0.097388567,0,TRUE,32
733,1,0,1,1,3000,9714,3.746153567,0,TRUE,32
803,1,0,1,1,1200,2915,1.692119653,0,TRUE,32
926,1,0,1,0,500,2915,0.641470458,0,TRUE,32
181,,,1,1,273,1943,0.49631973,0,TRUE,32
575,1,0,1,1,3000,3984,2.81458424,0,TRUE,33
252,,,1,1,4000,14572,15.2223914,0,TRUE,33
572,,,1,1,5000,14572,17.73851156,0,TRUE,33
715,,,1,1,5000,14572,15.12862277,0,TRUE,33
203,1,0,1,1,3001,415,0.194256812,0,TRUE,34
522,1,0,1,0,1001,395,5.983123727,0,TRUE,34
689,,,1,1,5000,14572,30.51683785,0,TRUE,34
976,,,1,1,5000,14572,31.38651063,0,TRUE,34
72,,,1,1,5000,14572,5.787650713,0,TRUE,34
458,2,0,1,1,50,29125,161.980604,1,TRUE,34
332,,,1,1,5400,14572,5.159680145,0,TRUE,34
509,,,1,1,5000,14572,7.886438478,0,TRUE,34
599,,,1,1,3000,14572,1.873054132,0,TRUE,34
666,,,1,1,500,14572,178.2699242,1,TRUE,34
938,2,0,1,1,50,29125,120.9909197,1,TRUE,34
966,,,1,1,5000,14572,1.113469783,0,TRUE,34
852,,,1,1,1500,14572,196.8086163,1,TRUE,38
300,1,0,1,1,600,10687,53.34391214,1,TRUE,40
338,1,0,1,0,50,3789,0.231225353,1,TRUE,41
351,,,1,1,234,2339,20904.87742,0,FALSE,41
394,1,0,1,1,400,10687,1.193769625,1,TRUE,41
441,1,0,1,1,500,10687,12.32286563,1,TRUE,41
446,2,0,1,1,2000,27700,61.20911166,1,TRUE,41
469,1,0,1,1,300,10687,1.269668535,1,TRUE,41
568,1,0,1,1,15,10687,2.067048747,1,TRUE,41
628,1,0,1,1,600,10687,39.60304171,1,TRUE,41
654,1,0,1,1,30,10687,0.089577172,1,TRUE,41
873,1,0,1,1,30,10687,2.340324538,1,TRUE,41
891,1,0,1,1,500,10164,3.871391168,1,TRUE,41
957,,,1,1,234,2339,23909.99511,0,FALSE,41
631,2,0,1,1,600,27700,32.04155085,1,TRUE,42
975,2,0,1,1,1000,29125,15.82020867,1,TRUE,42
73,2,0,1,1,50,29125,5.330185417,1,TRUE,43
268,1,0,1,1,100,2915,0.550923803,1,TRUE,43
355,1,0,1,0,500,10687,1.178752647,1,TRUE,43
383,1,0,1,1,400,10687,8.371876523,1,TRUE,43
451,2,0,1,1,100,27700,16.13636325,1,TRUE,43
550,1,0,1,1,600,10164,1.22005722,1,TRUE,43
677,2,0,1,1,50,29125,1.099321412,1,TRUE,43
834,,,1,1,1500,14572,124.2249506,1,TRUE,43
935,2,0,1,1,500,29125,0.196080427,1,TRUE,43
5,1,0,1,0,500,10687,16.94112382,1,TRUE,44
69,2,0,1,1,500,29125,34.46395715,1,TRUE,44
714,2,0,1,1,500,29125,0.704948507,1,TRUE,44
44,2,0,1,1,50,29125,25.55836527,1,TRUE,45
76,2,0,1,1,1000,29125,69.93418673,1,TRUE,45
176,2,0,1,1,1000,29125,96.22893524,1,TRUE,45
230,,,1,1,600,29125,17.17072975,1,TRUE,45
843,1,0,1,1,1000,10164,16.9278146,1,TRUE,45
915,2,0,1,1,1500,27700,17.03404018,1,TRUE,45
375,,,1,1,234,2339,24944.29266,1,FALSE,46
388,,,1,1,234,2339,18900.89361,0,FALSE,46
490,,,1,1,600,29125,2.283971398,1,TRUE,46
642,,,1,1,600,29125,4.871543998,1,TRUE,46
437,1,0,1,1,1367,10687,0.586710155,1,TRUE,47
887,1,0,1,1,1267,10687,0.732256573,1,TRUE,47
40,,,1,1,234,2339,17683.96645,0,FALSE,48
190,0,10,1,1,234,1875,2.493310702,1,TRUE,48
366,,,1,1,5400,14572,92.36280296,1,TRUE,48
408,,,1,1,234,2339,17004.96775,0,FALSE,48
775,1,0,1,1,1367,10164,0.141679348,1,TRUE,48
835,1,0,1,1,1267,10687,0.713877655,1,TRUE,48
945,,,1,1,8000,14572,99.41552608,1,TRUE,48
206,,,1,1,5000,14572,80.66840933,1,TRUE,49
365,1,0,1,0,2000,10687,3.307060947,1,TRUE,49
660,0,10,1,1,234,2216,0.110409435,1,TRUE,49
774,1,0,1,1,1000,2915,0.654986282,1,TRUE,49
807,,,1,1,234,2705,15200.18809,0,FALSE,49
864,,,1,1,350,2705,20881.77871,1,FALSE,49
882,,,1,1,5000,14572,80.46229291,1,TRUE,49
922,,,1,1,5000,14572,77.82679654,1,TRUE,49
961,,,1,1,3573,1943,113.2480789,1,TRUE,49
27,,,1,1,234,2339,12335.72112,0,FALSE,50
102,,,1,1,4000,14572,50.06555838,1,TRUE,50
274,,,1,1,234,2339,14119.90415,0,FALSE,50
397,,,1,1,1500,14572,13.4045865,1,TRUE,50
406,,,1,1,234,2339,14743.45396,0,FALSE,50
443,,,1,1,5000,14572,60.67893998,1,TRUE,50
573,,,1,1,234,2705,13755.85824,0,FALSE,50
301,1,0,1,0,4000,1457,6.586650063,1,TRUE,51
546,1,0,1,1,259,0,0.586210537,1,TRUE,51
551,,,1,1,1500,14572,0.055872895,1,TRUE,51
586,1,0,1,1,1001,415,0.282557373,1,TRUE,51
684,,,1,1,1500,14572,0.073420443,1,TRUE,51
736,1,0,1,1,253,0,1.01711386,1,TRUE,51
758,,,1,1,1500,14572,0.05919787,1,TRUE,51
797,1,0,1,1,2000,0,0.259557465,1,TRUE,51
806,1,0,1,1,1001,415,0.60061093,1,TRUE,51
899,,,1,1,1500,14572,0.05767031,1,TRUE,51
953,,,1,1,1500,14572,0.064060022,1,TRUE,51
989,,,1,1,1500,14572,0.058424937,1,TRUE,51
53,,,1,1,234,7635,2396.254627,0,FALSE,52
92,,,1,1,234,2705,8093.172101,0,FALSE,52
267,,,1,1,8000,14572,26.73303826,1,TRUE,52
309,,,1,1,5000,14572,30.51683785,1,TRUE,52
363,,,1,1,2000,14572,10.95158242,1,TRUE,52
194,,,1,1,234,2339,7156.158708,0,FALSE,53
286,,,1,1,273,1943,0.105202057,1,TRUE,53
289,,,1,1,5000,14572,9.859209333,1,TRUE,53
447,,,1,1,5000,14572,30.36969322,1,TRUE,53
502,,,1,1,234,2339,17750.83325,1,FALSE,53
543,,,1,1,255,1848,0.072651577,1,TRUE,53
857,,,1,1,259,1943,21.87266403,1,TRUE,53
196,,,1,1,4000,14572,0.066913462,1,TRUE,54
232,,,1,1,8000,14572,7.465453732,1,TRUE,54
357,,,1,1,8000,14572,0.78640364,1,TRUE,54
707,,,1,1,234,2339,15799.98938,1,FALSE,54
713,,,1,1,234,2339,15805.84718,1,FALSE,54
769,,,1,1,234,2705,5783.08433,0,FALSE,54
997,,,1,1,5400,14572,1.33706948,1,TRUE,54
112,,,1,1,234,2339,4902.121405,0,FALSE,55
514,,,1,1,350,7635,2942.825169,0,FALSE,55
531,,,1,1,500,2705,7716.447408,0,FALSE,55
574,,,1,1,234,2339,15080.6518,1,FALSE,55
726,,,1,1,234,2705,4944.99476,0,FALSE,55
459,,,1,1,234,2339,3826.680946,0,FALSE,56
593,,,1,1,350,2705,5661.966831,0,FALSE,56
696,,,1,1,350,2339,5322.497981,0,FALSE,56
778,,,1,1,3573,1848,1.097059155,1,TRUE,56
103,,,1,1,350,2705,14819.80772,1,FALSE,57
310,,,1,1,350,2339,4473.660186,0,FALSE,57
535,,,1,1,234,2339,2346.728203,0,FALSE,57
717,,,1,1,234,2339,3209.298186,0,FALSE,57
972,,,1,1,234,2339,2756.741976,0,FALSE,57
152,,,1,1,234,2339,10351.84251,1,FALSE,58
183,,,1,1,234,2705,9131.515655,1,FALSE,58
507,,,1,1,234,2339,2167.512602,0,FALSE,58
613,,,1,1,234,2705,2092.328065,0,FALSE,58
949,,,1,1,234,2705,2034.859352,0,FALSE,58
986,,,1,1,234,2339,9833.763935,1,FALSE,58
67,,,1,1,234,2705,1743.927685,0,FALSE,59
413,,,1,1,234,2705,1524.536491,0,FALSE,59
505,,,1,1,500,2339,11656.7879,1,FALSE,59
734,,,1,1,350,2705,2854.875906,0,FALSE,59
747,,,1,1,234,2705,1541.19531,0,FALSE,59
904,,,1,1,350,2339,2862.5375,0,FALSE,59
908,,,1,1,234,2339,1698.320638,0,FALSE,59
617,,,1,1,234,2705,6849.421727,1,FALSE,60
638,,,1,1,234,2339,1406.752749,0,FALSE,60
657,,,1,1,234,2705,1497.021392,0,FALSE,60
962,,,1,1,234,2339,6494.371507,1,FALSE,60
980,,,1,1,234,2705,7175.988713,1,FALSE,60
48,,,1,1,350,2705,1555.472962,0,FALSE,61
374,,,1,1,234,7635,891.1950208,0,FALSE,61
424,,,1,1,500,2339,2029.236892,0,FALSE,61
496,,,1,1,500,0,13065.12082,1,FALSE,61
539,,,1,1,500,2705,1913.870317,0,FALSE,61
740,,,1,1,350,2705,8530.06137,1,FALSE,61
788,,,1,1,234,2339,1263.992772,0,FALSE,61
195,,,1,1,350,2339,1367.260004,0,FALSE,62
391,,,1,1,500,2705,8131.208982,1,FALSE,62
480,,,1,1,234,2339,5342.710039,1,FALSE,62
641,,,1,1,234,2339,1149.261835,0,FALSE,62
667,,,1,1,350,2705,6962.029174,1,FALSE,62
678,,,1,1,350,2339,1316.037615,0,FALSE,62
790,,,1,1,234,2339,5942.39403,1,FALSE,62
26,,,1,1,234,2339,4036.127973,1,FALSE,63
45,,,1,1,500,2339,1432.915046,0,FALSE,63
144,,,1,1,234,2339,4281.54477,1,FALSE,63
198,,,1,1,234,2339,4515.453216,1,FALSE,63
381,,,1,1,500,7506,889.8751908,0,FALSE,63
777,,,1,1,234,2705,4067.301889,1,FALSE,63
849,,,1,1,234,2705,4113.120353,1,FALSE,63
856,,,1,1,234,2705,4851.294507,1,FALSE,63
52,,,1,1,234,2339,994.3069784,0,FALSE,64
221,,,1,1,500,0,7771.587651,1,FALSE,64
393,,,1,1,500,0,1637.284038,0,FALSE,64
471,,,1,1,499,7506,820.948246,0,FALSE,64
581,,,1,1,234,2339,971.438142,0,FALSE,64
665,,,1,1,350,2705,3066.148047,0,FALSE,64
772,,,1,1,700,2339,1424.220305,0,FALSE,64
89,,,1,1,500,2339,1128.542836,0,FALSE,65
98,,,1,1,350,2339,4085.256395,1,FALSE,65
460,,,1,1,350,2339,1035.656971,0,FALSE,65
723,,,1,1,234,2339,919.2403458,0,FALSE,65
80,,,1,1,500,2339,1094.268399,0,FALSE,66
90,,,1,1,500,7635,1583.584256,1,FALSE,66
168,,,1,1,234,7506,659.8125146,0,FALSE,66
209,,,1,1,234,2339,3069.375729,1,FALSE,66
433,,,1,1,234,2339,2857.221637,1,FALSE,66
594,,,1,1,500,2705,3914.007891,1,FALSE,66
661,,,1,1,500,7506,746.1788601,0,FALSE,66
676,,,1,1,234,2339,2898.398876,1,FALSE,66
132,,,1,1,349,2705,942.4014732,0,FALSE,67
189,,,1,1,233,2339,853.0530791,0,FALSE,67
636,,,1,1,350,2339,933.6885431,0,FALSE,67
671,,,1,1,234,2339,2536.610142,1,FALSE,67
993,,,1,1,350,7635,705.7956145,0,FALSE,67
255,,,1,1,234,2339,2065.689816,1,FALSE,68
452,,,1,1,350,2705,3221.158462,1,FALSE,68
845,,,1,1,500,7635,651.9842072,0,FALSE,68
974,,,1,1,234,2339,785.2183046,0,FALSE,68
133,,,1,1,500,0,979.1098234,0,FALSE,69
220,,,1,1,234,7506,470.2825092,0,FALSE,69
335,,,1,1,350,2339,2416.539099,1,FALSE,69
402,,,1,1,234,7635,489.5067221,0,FALSE,69
720,,,1,1,500,2339,3242.998878,1,FALSE,69
729,,,1,1,350,2339,805.3830387,0,FALSE,69
808,,,1,1,234,2705,1520.047467,1,FALSE,69
995,,,1,1,234,2339,742.1691407,0,FALSE,69
214,,,1,1,350,2705,780.5838613,0,FALSE,70
317,,,1,1,350,7635,776.3647938,0,FALSE,70
449,,,1,1,500,2339,849.9827657,0,FALSE,70
675,,,1,1,500,2339,2457.105053,1,FALSE,70
38,,,1,1,350,2339,1712.800709,1,FALSE,71
96,,,1,1,234,2705,1345.822662,1,FALSE,71
212,,,1,1,350,2705,1515.683233,1,FALSE,71
487,,,1,1,500,7506,495.7813402,0,FALSE,71
561,,,1,1,234,2705,1302.780749,1,FALSE,71
815,,,1,1,234,2339,1340.339225,1,FALSE,71
184,,,1,1,234,2339,1231.933923,1,FALSE,72
512,,,1,1,234,7635,956.2584601,1,FALSE,72
649,,,1,1,234,2339,596.5521034,0,FALSE,72
814,,,1,1,500,0,2471.437128,1,FALSE,72
897,,,1,1,234,2339,1218.483482,1,FALSE,72
694,,,1,1,500,2705,696.0060265,0,FALSE,73
768,,,1,1,234,2705,518.5234502,0,FALSE,73
855,,,1,1,234,2339,556.7488651,0,FALSE,73
893,,,1,1,234,2705,527.5223858,0,FALSE,73
895,,,1,1,350,2705,632.9502869,0,FALSE,73
131,,,1,1,234,2705,1159.389186,1,FALSE,74
287,,,1,1,500,7635,361.233176,0,FALSE,74
741,,,1,1,500,7635,356.5861209,0,FALSE,74
861,,,1,1,500,0,1581.29081,1,FALSE,74
205,,,1,1,255,2705,1059.002403,1,FALSE,75
256,,,1,1,234,2705,410.5262854,0,FALSE,75
686,,,1,1,350,2705,526.4513194,0,FALSE,75
18,,,1,1,234,2705,379.1814091,0,FALSE,76
766,,,1,1,500,2339,551.3746138,0,FALSE,76
789,,,1,1,273,27700,297.2770481,0,FALSE,76
951,,,1,1,350,2339,499.6812444,0,FALSE,76
68,,,1,1,350,2705,1013.734137,1,FALSE,77
93,,,1,1,350,2705,1088.799987,1,FALSE,77
384,,,1,1,350,2705,1016.830277,1,FALSE,77
685,,,1,1,500,2339,1160.123489,1,FALSE,77
710,,,1,1,350,7506,323.753905,0,FALSE,77
222,,,1,1,500,2339,1091.244387,1,FALSE,78
361,,,1,1,350,2339,383.977693,0,FALSE,78
537,,,1,1,234,7506,296.2575588,0,FALSE,78
691,1,0,1,1,90,10164,196.306983,0,FALSE,78
791,,,1,1,500,2705,395.8838837,0,FALSE,78
294,,,1,1,500,2339,374.4190189,0,FALSE,79
682,,,1,1,500,0,481.2381862,0,FALSE,79
29,,,1,1,234,2705,881.7328878,1,FALSE,80
313,,,1,1,700,7635,317.1576217,0,FALSE,80
341,,,1,1,500,2339,980.2465927,1,FALSE,80
525,,,1,1,350,2705,353.9448237,0,FALSE,80
126,,,1,1,234,2705,856.3617158,1,FALSE,81
191,,,1,1,500,2339,917.4281881,1,FALSE,81
201,,,1,1,500,7506,277.5087606,0,FALSE,81
354,,,1,1,500,2705,937.765534,1,FALSE,81
510,,,1,1,500,2339,953.2396444,1,FALSE,81
386,,,1,1,234,7635,215.3084211,0,FALSE,82
409,1,0,1,1,30,10164,140.1927852,0,FALSE,82
171,,,1,1,500,2339,329.8583774,0,FALSE,83
623,,,1,1,234,2339,770.4874855,1,FALSE,83
760,,,1,1,350,7506,689.466881,1,FALSE,83
859,,,1,1,234,2705,800.6413798,1,FALSE,83
110,,,1,1,234,2705,254.4250855,0,FALSE,84
940,,,1,1,234,2339,718.2064716,1,FALSE,84
253,,,1,1,350,2339,278.785909,0,FALSE,85
358,1,0,1,1,100,10164,88.59372469,0,FALSE,85
91,,,1,1,500,2339,319.6842918,0,FALSE,86
378,,,1,1,233,2339,700.1530025,1,FALSE,86
607,,,1,1,234,2339,232.8287572,0,FALSE,86
622,,,1,1,500,7506,581.7368776,1,FALSE,86
725,,,1,1,234,2705,225.0360224,0,FALSE,86
755,,,1,1,234,2339,222.0779532,0,FALSE,86
1,,,1,1,234,7506,139.5490563,0,FALSE,86
180,,,1,1,500,0,293.2542637,0,FALSE,87
318,1,0,1,1,200,10164,61.32494343,0,FALSE,87
454,,,1,1,234,2705,210.8864019,0,FALSE,87
780,,,1,1,234,2705,212.98873,0,FALSE,87
159,,,1,1,234,2705,612.7350945,1,FALSE,87
916,1,0,1,1,9,10164,51.34954253,0,FALSE,87
223,,,1,1,350,2705,215.9592666,0,FALSE,88
924,1,0,1,1,110,10164,44.31778859,0,FALSE,88
994,,,1,1,273,27700,130.2631059,0,FALSE,88
319,,,1,1,500,2339,239.9509079,0,FALSE,89
655,1,0,1,1,250,10164,50.08134616,0,FALSE,89
557,,,1,1,234,2339,570.7084747,1,FALSE,90
637,,,1,1,233,7635,456.5933357,1,FALSE,90
728,,,1,1,234,2705,587.282502,1,FALSE,90
862,,,1,1,234,2705,585.0832548,1,FALSE,90
931,,,1,1,500,2339,695.2016081,1,FALSE,90
592,,,1,1,350,7506,131.2797881,0,FALSE,91
160,1,1,0,1,500,9239,33.65819517,0,FALSE,92
764,1,0,1,1,250,10164,34.01454153,0,FALSE,92
973,1,0,1,1,190,10164,34.39705688,0,FALSE,92
982,1,0,1,1,200,10164,27.42374083,0,FALSE,92
12,,,1,1,350,7635,138.3236206,0,FALSE,93
86,1,0,1,1,50,10164,0.335122838,0,FALSE,93
228,1,0,1,1,19,10164,13.38896075,0,FALSE,93
350,1,0,1,1,37,10164,23.78703844,0,FALSE,93
488,1,0,1,1,25,10164,15.62737542,0,FALSE,93
523,1,0,1,1,51,10164,17.81132006,0,FALSE,93
615,1,0,1,1,50,10164,19.12552264,0,FALSE,94
796,1,0,1,1,51,10164,20.13179685,0,FALSE,94
812,1,0,1,1,25,10164,18.36149745,0,FALSE,94
867,1,0,1,1,250,10164,23.00815825,0,FALSE,94
967,1,0,1,1,27,10164,13.35724231,0,FALSE,94
983,1,0,1,1,51,10164,16.8230719,0,FALSE,94
216,1,0,1,1,210,10164,20.94420514,0,FALSE,95
293,1,0,1,1,200,10164,19.55999781,0,FALSE,95
445,1,0,1,1,100,10164,11.27080351,0,FALSE,95
456,,,1,1,234,7635,95.09867568,0,FALSE,95
582,1,0,1,1,250,10164,19.44686573,0,FALSE,95
672,1,0,1,1,240,10164,22.35062065,0,FALSE,95
704,1,0,1,1,150,10164,10.09429378,0,FALSE,95
837,1,0,1,1,100,10164,12.37152035,0,FALSE,95
868,,,1,1,500,7506,117.4331653,0,FALSE,95
114,,,1,1,499,7506,137.5601746,0,FALSE,95
147,1,0,1,1,21,10164,0.095046012,0,FALSE,96
299,1,0,1,1,29,10164,0.638043865,0,FALSE,96
353,1,0,1,1,25,10164,0.282395597,0,FALSE,96
417,1,0,1,1,51,10164,0.008269098,0,FALSE,96
611,1,0,1,1,51,10164,0.057813127,0,FALSE,96
612,1,0,1,1,49,10164,5.085658052,0,FALSE,96
633,1,0,1,1,43,10164,5.210602127,0,FALSE,96
645,1,0,1,1,51,10164,2.415402703,0,FALSE,96
679,1,0,1,1,51,10164,0.254315043,0,FALSE,96
743,1,0,1,1,7,10164,0.067097,0,FALSE,96
58,1,0,1,1,39,10164,0,0,FALSE,97
61,1,0,1,1,37,10164,3.23002774,0,FALSE,97
107,1,0,1,1,50,10164,0.96436146,0,FALSE,97
129,1,0,1,1,33,10164,0.06753169,0,FALSE,97
153,1,0,1,1,29,10164,3.542044555,0,FALSE,97
218,1,0,1,1,80,10164,1.380551028,0,FALSE,97
236,1,0,1,1,51,10164,0.186509608,0,FALSE,97
275,1,0,1,1,200,10164,7.528594078,0,FALSE,97
280,,,1,1,1500,27700,109.9372873,0,FALSE,97
315,1,0,1,1,300,10164,0.06016597,0,FALSE,97
326,1,0,1,1,100,10164,2.479453923,0,FALSE,97
705,1,0,1,1,250,10164,4.210331023,0,FALSE,97
854,1,0,1,1,250,10164,3.752303563,0,FALSE,97
872,1,0,1,1,200,10164,4.235146873,0,FALSE,97
881,1,0,1,1,150,10164,6.527456132,0,FALSE,97
927,1,0,1,1,250,10164,2.834737535,0,FALSE,97
4,1,0,1,1,250,10164,34.45522228,0,FALSE,98
215,1,0,1,1,250,10164,0.054920493,0,FALSE,98
224,1,0,1,1,200,10164,6.223508268,0,FALSE,98
249,,,1,1,234,2339,530.2309528,1,FALSE,98
250,1,0,1,1,180,10164,4.818119118,0,FALSE,98
260,1,0,1,1,120,10164,0,0,FALSE,98
263,,,1,1,500,2339,644.100573,1,FALSE,98
272,,,1,1,500,2339,193.2899786,0,FALSE,98
420,,,1,1,500,0,225.5811072,0,FALSE,98
465,1,0,1,1,200,10164,8.65321744,0,FALSE,98
532,1,0,1,1,250,10164,0.876617668,0,FALSE,98
576,1,0,1,1,210,10164,9.110507132,0,FALSE,98
610,1,0,1,1,130,10164,0.972241837,0,FALSE,98
933,1,0,1,1,250,10164,2.20050755,0,FALSE,98
84,1,0,1,1,150,10164,7.21038046,0,FALSE,99
302,,,1,1,500,27700,68.66913419,0,FALSE,99
2,1,0,1,1,250,10164,15.08821125,0,FALSE,100
15,1,0,1,1,210,10164,9.565027813,0,FALSE,100
77,1,0,1,1,210,10164,23.94898658,0,FALSE,100
187,1,0,1,1,190,10164,8.64150734,0,FALSE,100
154,,,1,1,234,7635,58.22747555,0,FALSE,101
316,1,1,0,1,500,9239,0.294092207,0,FALSE,101
385,,,1,1,234,2705,476.2768428,1,FALSE,101
479,,,1,1,234,2705,505.9175452,1,FALSE,101
36,,,1,1,300,27700,45.0640399,0,FALSE,102
237,,,1,1,300,27700,58.58498684,0,FALSE,102
517,,,1,1,234,7506,42.98105892,0,FALSE,102
57,1,0,1,1,190,10164,9.330575707,0,FALSE,103
482,,,1,1,500,27700,42.06313693,0,FALSE,103
123,1,1,0,1,500,9239,0.89206611,0,FALSE,104
155,,,1,1,234,7506,27.76181707,0,FALSE,105
277,,,0,1,1000,27700,37.5102622,0,FALSE,105
324,,,1,1,234,7635,338.6822689,1,FALSE,105
407,,,1,1,267,27700,25.92482752,0,FALSE,105
499,1,0,1,1,170,10164,61.97949342,0,FALSE,105
138,,,1,1,234,7635,37.23101576,0,FALSE,106
167,1,1,0,1,500,9239,3.55022405,0,FALSE,106
373,,,1,1,350,7635,55.42672181,0,FALSE,106
742,,,1,1,234,7635,32.84714102,0,FALSE,106
750,,,1,1,234,7635,33.3393508,0,FALSE,106
978,,,1,1,234,7506,340.8445998,1,FALSE,106
985,,,1,1,234,7635,31.40295583,0,FALSE,106
242,,,1,1,500,7635,58.61255436,0,FALSE,107
475,,,1,1,234,2705,406.3129485,1,FALSE,107
492,,,1,1,234,2705,111.9303738,0,FALSE,107
529,,,1,1,234,2339,454.9476962,1,FALSE,107
832,,,1,1,300,27700,23.91502681,0,FALSE,108
950,,,1,1,234,10099,26.65933055,0,FALSE,108
284,,,1,1,234,7635,12.61377848,0,FALSE,109
524,,,1,1,234,7635,318.6294346,1,FALSE,109
730,,,1,1,234,7506,21.2900399,0,FALSE,109
889,,,1,1,349,7635,27.54061877,0,FALSE,109
111,,,1,1,234,2705,63.23766806,0,FALSE,110
213,,,1,1,700,7506,101.1936454,0,FALSE,110
368,,,1,1,500,7506,42.18234955,0,FALSE,110
579,,,1,1,500,7635,45.66955153,0,FALSE,110
840,,,1,1,500,7506,54.68436374,0,FALSE,110
477,,,1,1,350,2705,455.2959766,1,FALSE,111
500,,,1,1,350,7635,12.27432811,0,FALSE,111
518,,,1,1,70,27700,0.412489367,0,FALSE,111
536,,,1,1,500,27700,3.87996885,0,FALSE,111
708,,,1,1,259,27700,5.597301625,0,FALSE,111
858,,,1,1,500,27700,0.361792575,0,FALSE,111
912,,,1,1,500,27700,8.035376457,0,FALSE,111
932,,,1,1,499,27700,0.070047063,0,FALSE,111
942,,,1,1,500,27700,2.199586438,0,FALSE,111
959,,,1,1,300,13859,8.734163508,0,FALSE,111
984,,,1,1,300,27700,0.615065213,0,FALSE,111
16,,,1,1,234,7635,3.859357958,0,FALSE,112
78,,,1,1,234,7506,0.844486503,0,FALSE,112
83,,,1,1,234,7635,0.528330038,0,FALSE,112
135,,,1,1,234,7635,1.524498888,0,FALSE,112
150,,,1,1,234,7635,3.792185392,0,FALSE,112
204,,,1,1,234,7635,7.467432268,0,FALSE,112
273,,,1,1,234,7635,0.744400645,0,FALSE,112
290,,,1,1,234,7506,2.592009552,0,FALSE,112
340,,,1,1,234,7635,1.607957115,0,FALSE,112
345,,,1,1,234,7506,1.245569212,0,FALSE,112
422,,,1,1,234,7635,6.63760291,0,FALSE,112
533,,,1,1,263,7506,0.522029805,0,FALSE,112
614,,,1,1,228,7635,5.417622872,0,FALSE,112
735,,,1,1,234,7635,7.596608097,0,FALSE,112
833,,,1,1,234,7635,7.611709177,0,FALSE,112
865,,,1,1,234,7506,1.913421035,0,FALSE,112
934,,,1,1,1200,27700,301.0884299,1,FALSE,112
946,,,1,1,350,10099,0.189571428,0,FALSE,112
28,,,1,1,234,2705,82.45601654,0,FALSE,113
95,,,1,1,350,7635,6.518815622,0,FALSE,113
164,,,1,1,350,7506,25.54607258,0,FALSE,113
234,,,1,1,350,7635,17.48665137,0,FALSE,113
243,,,1,1,349,7635,0.63641252,0,FALSE,113
303,,,1,1,500,7635,26.50936533,0,FALSE,113
359,,,1,1,500,7635,30.14212387,0,FALSE,113
380,,,1,1,499,7635,28.63842718,0,FALSE,113
470,,,1,1,350,7506,0.917857882,0,FALSE,113
493,,,1,1,1999,27700,65.43072749,0,FALSE,113
604,,,1,1,500,7506,28.37579668,0,FALSE,113
669,,,1,1,700,2705,475.9655237,1,FALSE,113
727,,,1,1,234,7635,12.28303814,0,FALSE,113
731,,,1,1,699,10099,1.67907388,0,FALSE,113
745,,,1,1,500,7635,5.544412157,0,FALSE,113
943,,,1,1,500,7635,6.303506982,0,FALSE,113
991,,,1,1,500,10099,0.082546,0,FALSE,113
145,1,0,1,1,150,10164,4.055557728,0,FALSE,114
426,1,0,1,1,140,10164,12.20222982,0,FALSE,114
257,,,1,1,350,7635,15.24006632,0,FALSE,115
463,,,1,1,350,7635,10.81982338,0,FALSE,115
521,,,1,1,350,7635,0.591727562,0,FALSE,115
555,,,1,1,350,7635,7.770957045,0,FALSE,115
634,,,1,1,350,7506,0.782301923,0,FALSE,115
56,,,1,1,500,7635,17.57535584,0,FALSE,116
200,,,1,1,500,7506,15.09031817,0,FALSE,116
356,,,1,1,500,7635,23.21747871,0,FALSE,116
370,,,1,1,500,7506,19.8090442,0,FALSE,116
392,,,1,0,1000,13859,350.010013,1,FALSE,116
556,,,1,1,500,7635,26.77966581,0,FALSE,116
562,,,1,1,500,7635,11.98278278,0,FALSE,116
712,,,1,1,234,2339,70.31621044,0,FALSE,116
737,,,1,1,500,7506,25.63233554,0,FALSE,116
801,,,1,1,350,2339,106.6387072,0,FALSE,116
830,,,1,1,234,7635,293.802889,1,FALSE,116
958,,,1,1,500,7635,14.77744166,0,FALSE,116
134,,,1,1,234,7635,6.525628428,0,FALSE,117
235,,,1,1,350,2339,57.47553747,0,FALSE,117
431,,,1,1,500,2339,10.26283603,0,FALSE,117
565,,,1,1,234,7635,1.746242877,0,FALSE,117
888,1,0,1,1,180,10164,8.597958528,0,FALSE,117
62,,,1,1,350,7635,1.656664612,0,FALSE,118
74,,,1,1,499,2705,38.80278878,0,FALSE,118
156,,,1,1,349,7635,2.114952248,0,FALSE,118
174,,,1,1,350,7635,1.880864837,0,FALSE,118
197,,,1,1,234,2705,42.73023471,0,FALSE,118
259,,,1,1,500,7635,9.608732163,0,FALSE,118
553,,,1,1,500,7635,8.30668564,0,FALSE,118
614,,,1,1,228,7635,5.417622872,0,FALSE,118
626,,,1,1,234,7635,2.269094048,0,FALSE,118
627,,,1,1,400,2339,88.22295636,0,FALSE,118
8,,,1,1,500,7506,7.230763208,0,FALSE,119
13,,,1,1,499,2339,75.2605679,0,FALSE,119
20,,,1,1,500,7506,2.235581545,0,FALSE,119
146,,,1,1,500,7635,0.569993978,0,FALSE,119
258,,,1,1,500,7506,0.776182433,0,FALSE,119
283,,,1,1,500,7635,4.087218513,0,FALSE,119
323,,,1,1,500,7506,0.07620109,0,FALSE,119
419,,,1,1,500,7506,4.718969577,0,FALSE,119
430,,,1,1,1199,7506,0.097910233,0,FALSE,119
485,,,1,1,500,7506,1.020851687,0,FALSE,119
542,,,1,0,800,9239,48.53881152,0,FALSE,119
598,,,1,1,500,7635,1.091117303,0,FALSE,119
606,,,1,1,500,2705,0.498141542,0,FALSE,119
609,,,1,1,1200,7506,0.358308762,0,FALSE,119
647,,,1,1,500,7635,1.207012985,0,FALSE,119
702,,,1,1,500,7635,5.64152272,0,FALSE,119
821,,,1,1,500,7506,0.104474118,0,FALSE,119
829,,,1,1,499,7635,1.121276798,0,FALSE,119
836,,,1,1,500,7635,0.523464798,0,FALSE,119
847,,,1,1,500,7635,1.544159568,0,FALSE,119
656,,,1,1,234,2705,26.28490452,0,FALSE,120
913,,,1,1,500,0,103.2575561,0,FALSE,120
63,,,1,1,500,7635,9.80224969,0,FALSE,121
109,,,1,1,234,2705,36.79172895,0,FALSE,121
450,,,1,1,233,2339,32.37318844,0,FALSE,122
585,,,1,1,234,2705,32.6941553,0,FALSE,122
646,,,1,1,234,2705,29.70582353,0,FALSE,122
762,,,1,1,234,2339,36.45688902,0,FALSE,122
828,,,1,1,350,2339,75.78518324,0,FALSE,122
870,,,1,1,234,2339,31.65893757,0,FALSE,122
278,,,1,1,255,27700,11.93667531,0,FALSE,123
282,,,1,1,1200,7506,68.84238,0,FALSE,123
457,,,1,1,234,2705,25.64247568,0,FALSE,123
554,,,1,1,234,2705,11.03101753,0,FALSE,123
693,,,1,1,234,2705,23.22258296,0,FALSE,123
570,,,1,1,234,2705,20.06412918,0,FALSE,124
698,,,1,1,234,2339,19.78678339,0,FALSE,124
800,,,1,1,233,2705,21.69286527,0,FALSE,124
941,,,1,1,234,2339,19.83197118,0,FALSE,124
85,,,1,1,234,2339,16.57470128,0,FALSE,125
115,,,1,1,350,2339,29.11060457,0,FALSE,125
208,,,1,1,233,2705,18.38253507,0,FALSE,125
270,,,1,1,234,2339,14.35655768,0,FALSE,125
395,1,0,1,1,1000,140,14.67192328,0,FALSE,125
418,,,1,1,234,2339,15.6301651,0,FALSE,125
498,,,0,1,2000,27700,26.32295567,0,FALSE,125
690,,,1,1,234,2339,16.44543125,0,FALSE,125
906,,,1,1,233,2705,15.94370649,0,FALSE,125
944,,,1,1,233,2705,18.51210416,0,FALSE,125
969,,,1,1,228,2339,18.55662604,0,FALSE,125
24,,,1,1,350,2705,11.53722276,0,FALSE,126
47,,,1,1,500,0,83.07586804,0,FALSE,126
799,,,1,1,244,27700,0.06637419,0,FALSE,126
918,,,1,1,234,2339,10.19336037,0,FALSE,126
108,,,1,1,234,2705,5.399933678,0,FALSE,127
143,,,1,1,1200,10099,8.054408303,0,FALSE,127
169,,,1,1,234,2339,7.122445788,0,FALSE,127
589,,,1,1,234,2705,7.192276077,0,FALSE,127
765,,,1,1,234,2705,8.913722205,0,FALSE,127
785,1,0,1,1,51,10164,4.754823635,1,FALSE,127
822,,,1,1,233,2339,5.941764678,0,FALSE,127
909,,,1,1,233,2705,5.988658235,0,FALSE,127
968,,,1,1,1200,2705,50.10076435,0,FALSE,127
11,,,1,1,234,2339,1.446864042,0,FALSE,128
41,,,1,1,350,2705,1.087682783,0,FALSE,128
127,,,1,1,234,2705,1.034607857,0,FALSE,128
141,,,1,1,234,2705,0.088846473,0,FALSE,128
142,,,1,1,350,2339,14.64542836,0,FALSE,128
165,,,1,1,234,2339,1.19393365,0,FALSE,128
166,,,1,1,1200,10099,2.098814772,0,FALSE,128
177,,,1,1,234,2705,0.341482642,0,FALSE,128
192,,,1,1,234,2705,0.489420738,0,FALSE,128
247,,,1,1,234,2705,3.809400173,0,FALSE,128
400,,,1,1,234,2705,0.558557767,0,FALSE,128
448,,,1,1,1200,7635,46.57815164,0,FALSE,128
472,,,1,1,234,2705,0.067280987,0,FALSE,128
560,,,1,1,234,2339,0.620973575,0,FALSE,128
618,,,1,1,234,2339,0.06822402,0,FALSE,128
620,,,1,1,234,2705,0.868419972,0,FALSE,128
624,,,1,1,234,2339,1.330251877,0,FALSE,128
668,,,1,1,234,2339,0.596185542,0,FALSE,128
716,,,1,1,233,2339,0.793445243,0,FALSE,128
787,,,1,1,233,2339,1.03562269,0,FALSE,128
794,,,0,1,2000,27700,0.397981505,0,FALSE,128
809,,,1,1,234,2339,1.168088107,0,FALSE,128
905,,,1,1,224,2339,1.597541633,0,FALSE,128
948,,,1,1,234,2705,0.823856987,0,FALSE,128
977,,,1,1,700,7635,3.411993753,0,FALSE,128
87,,,1,1,507,2705,27.07927983,0,FALSE,129
264,,,1,1,350,2339,12.25677823,0,FALSE,129
416,,,1,1,350,2705,12.96340408,0,FALSE,129
202,,,1,1,499,2705,34.91805625,0,FALSE,130
831,,,1,1,253,7506,245.9383818,1,FALSE,130
853,,,1,1,400,2339,35.65087492,0,FALSE,130
120,,,1,1,500,2339,15.12768985,0,FALSE,131
240,,,1,1,350,2339,0.272744645,0,FALSE,131
349,,,1,1,500,2339,32.44203687,0,FALSE,131
776,,,1,1,500,2705,29.80844864,0,FALSE,131
890,,,1,1,1200,7506,30.35722648,0,FALSE,131
64,,,1,1,500,2339,9.484500222,0,FALSE,132
117,,,1,1,1200,7506,9.247561807,0,FALSE,132
226,,,1,1,350,2705,12.57192425,0,FALSE,132
348,,,1,1,1200,7506,9.126978252,0,FALSE,132
595,,,1,1,500,2705,13.01784292,0,FALSE,132
596,,,1,1,700,2705,13.35826478,0,FALSE,132
601,1,0,1,1,250,10164,120.8111241,1,FALSE,132
786,,,1,1,253,7506,199.7579212,1,FALSE,132
328,,,1,1,500,2339,22.10403341,0,FALSE,133
382,,,1,1,350,2339,19.99730913,0,FALSE,133
739,,,1,1,1200,7506,21.89365197,0,FALSE,133
825,,,1,1,500,2339,20.13068114,0,FALSE,133
919,,,1,1,1200,7635,8.54289834,0,FALSE,133
960,,,1,1,710,2705,21.54874416,0,FALSE,133
320,,,1,1,350,2339,0.64074126,0,FALSE,134
436,,,1,1,350,2705,1.903003842,0,FALSE,134
540,,,1,1,1200,7506,16.93461459,0,FALSE,134
552,,,1,1,500,2339,16.12007766,0,FALSE,134
597,,,1,1,500,2339,17.31777387,0,FALSE,134
724,,,1,1,500,2339,17.80523923,0,FALSE,134
826,,,1,1,350,2705,1.129610217,0,FALSE,134
929,,,1,1,350,2705,2.832273865,0,FALSE,134
956,,,1,1,350,2705,14.32767033,0,FALSE,134
137,,,1,1,500,2339,24.21676086,0,FALSE,135
193,,,1,1,1200,7506,10.16567567,0,FALSE,135
342,,,1,1,500,2339,9.650610942,0,FALSE,135
527,,,1,1,500,7506,11.0919457,0,FALSE,135
588,,,1,1,500,2339,9.299069053,0,FALSE,135
850,,,1,1,499,2705,9.872763872,0,FALSE,135
185,,,1,1,400,2339,4.870157047,0,FALSE,136
541,,,1,1,234,7635,186.8810921,1,FALSE,136
805,,,1,1,350,2339,8.832982898,0,FALSE,136
810,,,1,1,500,2339,8.150745097,0,FALSE,136
820,,,1,1,234,2705,261.949725,1,FALSE,136
823,,,1,1,500,2339,4.301786147,0,FALSE,136
55,,,1,1,500,2339,2.477190927,0,FALSE,137
130,,,1,1,500,2705,0.879942697,0,FALSE,137
162,,,1,1,1200,7506,0.4530599,0,FALSE,137
210,,,1,1,1200,7506,0.749948308,0,FALSE,137
229,,,1,1,1200,7506,2.938459485,0,FALSE,137
238,,,1,1,500,2339,0.091921638,0,FALSE,137
346,,,1,1,700,2339,0.14552064,0,FALSE,137
390,,,1,1,350,2339,0.441378793,0,FALSE,137
462,,,1,1,499,2339,0.095826313,0,FALSE,137
501,,,1,1,1200,2705,1.902745187,0,FALSE,137
506,,,1,1,500,2339,2.52404898,0,FALSE,137
754,,,1,1,350,2339,0.800060555,0,FALSE,137
782,,,1,1,350,2339,1.113087633,0,FALSE,137
842,,,1,1,1200,7506,2.4087019,0,FALSE,137
844,,,1,1,1200,7506,2.392045685,0,FALSE,137
885,,,1,1,1200,2339,0.942126208,0,FALSE,137
947,,,1,1,349,2705,1.43115904,0,FALSE,137
415,,,1,1,500,2705,0.670460803,0,FALSE,137
19,,,1,1,234,92,3.458998293,0,FALSE,138
763,,,1,1,253,7506,154.6303674,1,FALSE,138
439,,,1,1,500,7506,184.553368,1,FALSE,139
339,,,1,1,1200,7506,1.641304412,0,FALSE,140
652,1,0,1,1,200,10164,70.00095214,1,FALSE,141
670,1,0,1,1,180,10164,53.67610278,1,FALSE,142
898,,,1,1,234,10099,124.1370132,1,FALSE,143
425,,,1,1,500,7506,150.7831763,1,FALSE,144
246,1,0,1,1,200,10164,32.64144422,1,FALSE,145
334,1,0,1,1,250,10164,27.55513933,1,FALSE,145
404,1,0,1,1,39,10164,23.44263906,1,FALSE,145
461,1,0,1,1,250,10164,36.28887312,1,FALSE,145
119,1,0,1,1,250,10164,37.40276342,1,FALSE,146
476,,,1,1,350,2705,214.3258349,1,FALSE,146
839,,,1,1,234,2339,180.5231786,1,FALSE,147
71,1,0,1,1,21,10164,31.18012264,1,FALSE,148
344,1,0,1,1,37,10164,12.21487698,1,FALSE,148
428,1,0,1,1,60,10164,11.55455591,1,FALSE,148
504,1,0,1,1,250,10164,23.8234224,1,FALSE,148
703,1,0,1,1,50,10164,13.43423731,1,FALSE,148
752,1,0,1,1,160,10164,23.5636765,1,FALSE,148
841,1,0,1,1,50,10164,14.10623039,1,FALSE,148
902,,,1,1,234,2705,175.1002212,1,FALSE,148
118,1,0,1,1,210,10164,1.536703102,1,FALSE,149
999,1,0,1,1,200,10164,19.24121746,1,FALSE,149
863,,,1,1,350,2705,211.2505612,1,FALSE,150
173,1,0,1,1,210,10164,6.983779277,1,FALSE,151
179,1,0,1,1,210,10164,11.949976,1,FALSE,151
254,1,0,1,1,190,10164,4.925518313,1,FALSE,151
279,1,0,1,1,60,10164,6.804301462,1,FALSE,151
377,1,0,1,1,33,10164,1.2954055,1,FALSE,151
411,1,0,1,1,31,10164,2.427998868,1,FALSE,151
530,1,0,1,1,100,10164,0,1,FALSE,151
544,1,0,1,1,27,10164,1.263893233,1,FALSE,151
547,1,0,1,1,50,10164,0.711924908,1,FALSE,151
558,1,0,1,1,37,10164,0.717496913,1,FALSE,151
632,1,0,1,1,51,10164,2.696090147,1,FALSE,151
653,1,0,1,1,140,10164,3.155846333,1,FALSE,151
706,1,0,1,1,49,10164,6.449421248,1,FALSE,151
719,1,0,1,1,200,10164,3.272647102,1,FALSE,151
759,1,0,1,1,51,10164,9.35441164,1,FALSE,151
792,1,0,1,1,51,10164,10.29925671,1,FALSE,151
824,1,0,1,1,100,10164,10.41521425,1,FALSE,151
827,1,0,1,1,17,10164,0.116316375,1,FALSE,151
848,1,0,1,1,30,10164,2.895723828,1,FALSE,151
869,,,1,1,234,2339,161.9731801,1,FALSE,151
877,1,0,1,1,25,10164,1.77602973,1,FALSE,151
996,1,0,1,1,90,10164,2.873199043,1,FALSE,151
105,1,0,1,1,250,10164,2.068603172,1,FALSE,152
199,1,0,1,1,190,10164,1.365105102,1,FALSE,152
306,1,0,1,1,250,10164,4.997221303,1,FALSE,152
331,1,0,1,1,200,10164,1.395865637,1,FALSE,152
376,,,1,1,234,2339,158.1976274,1,FALSE,152
379,1,0,1,1,250,10164,7.847678613,1,FALSE,152
389,1,0,1,1,200,10164,2.565976213,1,FALSE,152
513,1,0,1,1,250,10164,2.608953765,1,FALSE,152
520,1,0,1,1,51,10164,0.06553255,1,FALSE,152
658,1,0,1,1,200,10164,6.04074173,1,FALSE,152
674,1,0,1,1,250,10164,0.057117122,1,FALSE,152
683,,,1,1,234,2339,149.824796,1,FALSE,152
751,,,1,1,234,2339,145.5544192,1,FALSE,152
784,1,0,1,1,200,10164,1.381490438,1,FALSE,152
838,1,0,1,1,170,10164,0.055290627,1,FALSE,152
894,1,0,1,1,200,10164,0.620487005,1,FALSE,152
921,1,0,1,1,200,10164,0.069843903,1,FALSE,152
939,1,0,1,1,250,10164,4.545777698,1,FALSE,152
979,1,0,1,1,130,10164,1.052441038,1,FALSE,152
14,,,1,1,500,7635,104.4684493,1,FALSE,153
545,,,1,1,234,7506,74.16922016,1,FALSE,153
600,,,1,1,500,7506,109.5907104,1,FALSE,153
211,,,1,1,234,2339,138.1787299,1,FALSE,155
749,,,1,1,234,2705,137.5568755,1,FALSE,156
6,1,0,1,1,31,10164,3.787849417,1,FALSE,157
22,1,0,1,1,31,10164,2.941329797,1,FALSE,157
54,,,1,1,10,27700,128.3057844,1,FALSE,157
248,,,1,1,234,10099,42.07210923,1,FALSE,157
489,1,0,1,1,1500,10164,68.53114875,1,FALSE,158
566,1,0,1,1,150,10164,11.09145902,1,FALSE,158
970,,,1,1,500,2705,173.2575234,1,FALSE,158
474,,,1,1,500,27700,45.8075619,1,FALSE,159
583,1,1,0,1,500,9239,0.265472017,1,FALSE,159
876,1,0,1,1,800,10164,1.013245938,1,FALSE,159
59,,,1,1,300,27700,31.86724797,1,FALSE,160
455,,,1,1,350,7506,25.44827665,1,FALSE,160
163,,,1,1,234,7635,34.07215947,1,FALSE,161
662,,,1,1,247,7506,27.46210335,1,FALSE,162
798,,,1,1,234,2705,106.1573672,1,FALSE,162
97,,,1,1,234,7635,13.26549278,1,FALSE,163
793,,,1,1,350,7506,53.82262486,1,FALSE,163
571,,,1,1,350,7506,27.31028913,1,FALSE,164
7,,,1,1,234,2705,215.780196,1,FALSE,164
113,,,1,1,500,2705,132.3861075,1,FALSE,164
217,,,1,1,234,7635,21.94772824,1,FALSE,164
233,,,1,1,234,2705,248.4563409,1,FALSE,164
602,,,1,1,350,7635,37.07606387,1,FALSE,164
635,,,1,1,500,7635,54.06656887,1,FALSE,164
276,,,1,1,234,2339,94.53491299,1,FALSE,165
343,,,1,1,234,7635,16.25648389,1,FALSE,165
767,,,1,1,500,2339,137.1362529,1,FALSE,165
148,,,1,1,1001,27700,25.2653174,1,FALSE,166
170,,,1,1,350,7635,26.88225858,1,FALSE,166
387,,,1,1,234,7635,9.821713617,1,FALSE,166
688,,,1,1,300,27700,3.051868777,1,FALSE,166
770,,,0,1,1000,27700,9.96682767,1,FALSE,166
883,,,1,1,234,10099,0.7405111,1,FALSE,167
100,,,1,1,233,10099,4.145544782,1,FALSE,167
347,,,1,1,234,7506,6.996659108,1,FALSE,167
508,1,0,1,1,120,10164,1.538550788,1,FALSE,167
619,,,1,1,350,7506,34.59921441,1,FALSE,167
664,,,1,1,1000,27700,6.78377832,1,FALSE,167
687,,,1,1,234,10099,5.630902258,1,FALSE,167
748,,,1,1,233,7635,7.276577423,1,FALSE,167
761,,,1,1,234,7635,1.94518962,1,FALSE,167
851,,,1,1,234,10099,1.921978548,1,FALSE,167
879,,,1,1,234,7635,6.102632523,1,FALSE,167
0,,,1,1,234,7635,1.12023187,1,FALSE,168
35,,,1,1,234,7506,0.741386855,1,FALSE,168
39,,,1,1,234,7635,0.939258323,1,FALSE,168
88,,,1,1,244,7506,0.056301153,1,FALSE,168
186,,,1,1,234,7635,3.834360615,1,FALSE,168
227,,,1,1,234,7635,2.361275078,1,FALSE,168
241,,,1,1,234,7635,1.07353625,1,FALSE,168
251,,,1,1,500,10099,1.14445244,1,FALSE,168
291,,,1,1,500,7506,31.32213292,1,FALSE,168
298,,,1,1,234,7635,0.98743235,1,FALSE,168
314,,,1,1,234,7635,1.512395272,1,FALSE,168
360,,,1,1,500,7506,30.69275963,1,FALSE,168
367,,,1,1,500,7506,1.49049877,1,FALSE,168
421,,,1,1,246,7506,0.416060552,1,FALSE,168
429,,,1,1,233,2705,3.157584582,1,FALSE,168
434,,,1,1,234,7635,0.419799392,1,FALSE,168
435,,,1,1,350,7635,1.212683415,1,FALSE,168
486,,,1,1,350,7635,33.88850308,1,FALSE,168
516,,,1,1,234,7635,3.35054993,1,FALSE,168
519,,,1,1,234,7506,0.779434653,1,FALSE,168
526,,,1,1,70,27700,1.074831367,1,FALSE,168
549,,,1,1,234,10099,0.230630593,1,FALSE,168
701,,,1,1,233,7506,0.439714028,1,FALSE,168
709,,,1,1,234,7635,1.569695793,1,FALSE,168
783,,,1,1,253,7506,2.937452428,1,FALSE,168
811,,,1,1,234,7635,1.102003923,1,FALSE,168
914,,,1,1,234,7635,0.419381937,1,FALSE,168
936,,,1,1,50,27700,0.761479902,1,FALSE,168
1000,,,1,1,500,7635,1.175179662,1,FALSE,168
321,1,0,1,1,110,10164,10.69618904,1,FALSE,169
569,,,1,1,253,7506,10.61155715,1,FALSE,169
866,,,1,1,500,7506,12.9563979,1,FALSE,169
34,,,1,1,234,2339,67.80980215,1,FALSE,170
414,,,1,1,500,7506,24.99280205,1,FALSE,170
711,,,1,1,350,7635,7.582836363,1,FALSE,170
804,,,1,1,234,2339,65.45471327,1,FALSE,170
795,,,1,1,500,7635,17.48053332,1,FALSE,171
60,,,1,1,350,7506,10.18474273,1,FALSE,172
322,,,1,1,499,7635,9.864418868,1,FALSE,172
478,,,1,1,500,7506,10.90158678,1,FALSE,172
874,,,1,1,500,2705,86.48712489,1,FALSE,172
281,,,1,1,234,2705,53.69674689,1,FALSE,173
352,,,1,1,500,7506,4.069760393,1,FALSE,173
453,,,1,1,500,7635,4.72620449,1,FALSE,173
464,,,1,1,500,7635,6.207393537,1,FALSE,173
917,,,1,1,234,7635,5.418114313,1,FALSE,173
955,,,1,1,500,7635,5.208262797,1,FALSE,173
21,,,1,1,234,2339,46.33296895,1,FALSE,174
51,,,1,1,350,7635,1.200447047,1,FALSE,174
99,,,1,1,500,7506,0.98895686,1,FALSE,174
149,,,1,1,500,7506,0.791651097,1,FALSE,174
172,,,1,1,350,7506,2.717800678,1,FALSE,174
178,,,1,1,500,7635,4.571238135,1,FALSE,174
188,,,1,1,500,7506,1.026603085,1,FALSE,174
285,,,1,1,350,7635,0.516110842,1,FALSE,174
308,,,1,1,500,7506,0.687693072,1,FALSE,174
329,,,1,0,500,9239,0.231259837,1,FALSE,174
364,,,1,1,234,7635,0.321850902,1,FALSE,174
427,,,1,1,500,7506,0.181237593,1,FALSE,174
467,,,1,1,500,7506,0.033192812,1,FALSE,174
503,,,1,1,500,7506,0.30690297,1,FALSE,174
511,,,1,1,499,7635,1.107735422,1,FALSE,174
534,,,1,1,700,10099,1.210340473,1,FALSE,174
538,,,1,1,350,7635,1.947261243,1,FALSE,174
567,,,1,1,500,7506,2.157397048,1,FALSE,174
577,,,1,1,500,7506,0.356545107,1,FALSE,174
625,,,1,1,500,7506,1.04704426,1,FALSE,174
663,,,1,1,500,7506,2.24515151,1,FALSE,174
886,,,1,1,500,7635,0.898114838,1,FALSE,174
896,,,1,1,500,7506,1.10375197,1,FALSE,174
901,,,1,1,234,7635,0.057707835,1,FALSE,174
925,,,1,1,500,7635,3.378411085,1,FALSE,174
483,,,1,1,233,2339,26.17180832,1,FALSE,175
79,,,1,1,233,2339,34.21524499,1,FALSE,176
484,,,1,1,234,2339,34.51049631,1,FALSE,176
884,,,1,1,234,2339,35.59071756,1,FALSE,176
892,,,1,1,500,2339,33.80963143,1,FALSE,176
158,,,1,1,500,7635,0.60667118,1,FALSE,177
219,,,1,1,234,2339,30.69271981,1,FALSE,177
580,,,1,1,350,2705,0.523462268,1,FALSE,177
910,,,1,1,350,7506,2.498790298,1,FALSE,177
920,1,0,1,1,1500,10164,0.181368443,1,FALSE,177
3,,,1,1,234,2705,23.29498908,1,FALSE,178
10,,,1,1,234,2339,24.78468765,1,FALSE,178
30,,,1,1,700,7506,12.98947689,1,FALSE,178
239,,,1,1,234,2339,12.77288512,1,FALSE,178
325,,,1,1,234,2339,13.226955,1,FALSE,178
336,,,1,1,234,2705,9.038029402,1,FALSE,178
616,,,1,1,233,2339,24.99658038,1,FALSE,178
781,,,1,1,234,2705,10.51046796,1,FALSE,178
971,,,1,1,1200,9239,55.46430302,1,FALSE,178
23,,,1,1,234,2705,17.37978767,1,FALSE,179
25,,,1,1,234,2339,19.01295517,1,FALSE,179
405,,,1,1,233,2339,19.62833105,1,FALSE,179
718,,,1,1,233,2705,19.012066,1,FALSE,179
911,,,1,1,233,2339,21.60795231,1,FALSE,179
17,,,1,1,349,2339,30.19356791,1,FALSE,180
81,,,1,1,499,2339,3.644789123,1,FALSE,180
82,,,1,1,350,2705,27.82037888,1,FALSE,180
125,,,1,1,233,2339,16.23560052,1,FALSE,180
773,,,1,1,234,2339,16.82795513,1,FALSE,180
880,,,1,1,234,2705,15.93748851,1,FALSE,180
32,1,0,1,1,190,10164,0.05659517,1,FALSE,181
94,1,0,1,1,200,10164,9.403057015,1,FALSE,181
128,,,1,1,234,2705,11.19286009,1,FALSE,181
548,,,1,1,500,2339,41.01546344,1,FALSE,181
621,,,1,1,233,2339,10.89118766,1,FALSE,181
963,,,1,1,234,2705,10.60652952,1,FALSE,181
9,,,1,1,500,2339,19.44813568,1,FALSE,182
42,,,1,1,234,2705,5.531649553,1,FALSE,182
70,,,1,1,234,2705,8.208075927,1,FALSE,182
296,,,1,1,233,2705,7.358062847,1,FALSE,182
312,,,1,1,234,2705,8.299833922,1,FALSE,182
371,,,1,1,234,2339,4.259878748,1,FALSE,182
410,,,1,1,233,2339,4.75383395,1,FALSE,182
466,,,1,1,234,2705,5.842624915,1,FALSE,182
757,,,1,1,234,2339,5.306664945,1,FALSE,182
988,,,1,1,234,2339,6.51156287,1,FALSE,182
304,,,1,1,234,2339,0.165935827,1,FALSE,183
43,,,1,1,234,2339,0.413627372,1,FALSE,183
65,,,1,1,234,2339,0.850722217,1,FALSE,183
75,,,1,1,233,2339,3.739314287,1,FALSE,183
157,,,1,1,234,2339,2.51754734,1,FALSE,183
207,,,1,1,234,2339,1.308599657,1,FALSE,183
266,,,1,1,234,2339,0.716355533,1,FALSE,183
305,,,1,1,234,2705,1.105552397,1,FALSE,183
442,,,1,1,234,2339,2.91830583,1,FALSE,183
497,,,1,1,234,2705,1.618117233,1,FALSE,183
528,,,1,1,234,2339,3.11074047,1,FALSE,183
590,,,1,1,234,2339,0.310396403,1,FALSE,183
608,,,1,1,234,2339,0.08254635,1,FALSE,183
630,,,1,1,234,2705,0.089233493,1,FALSE,183
648,,,1,1,233,2339,1.063467912,1,FALSE,183
681,,,1,1,499,2339,31.65682852,1,FALSE,183
697,,,1,1,234,2705,1.200704765,1,FALSE,183
721,,,1,1,234,2705,0.973767357,1,FALSE,183
738,,,1,1,234,2339,3.895554082,1,FALSE,183
753,,,1,1,234,2339,3.387016112,1,FALSE,183
819,,,1,1,234,2339,1.511874612,1,FALSE,183
871,,,1,1,500,2339,45.29206876,1,FALSE,183
124,,,1,1,350,2339,27.45216337,1,FALSE,184
307,,,1,1,350,2339,12.19983767,1,FALSE,184
771,,,1,1,350,2339,11.69371805,1,FALSE,184
139,,,1,1,500,2339,36.604938,1,FALSE,185
432,,,1,1,349,2339,7.0477268,1,FALSE,185
495,,,1,1,1200,7506,35.4555186,1,FALSE,185
66,,,1,1,500,2339,18.37603966,1,FALSE,186
473,,,1,1,350,2705,1.166566715,1,FALSE,186
494,,,1,1,499,2339,32.13995932,1,FALSE,186
559,,,1,1,350,2339,29.99442834,1,FALSE,186
699,,,1,1,350,2705,17.63898181,1,FALSE,186
692,,,1,1,1200,7506,10.02096681,1,FALSE,187
605,,,1,1,499,2339,6.467241285,1,FALSE,188
101,,,1,1,500,2339,21.98747937,1,FALSE,188
401,,,1,1,350,2705,8.127561872,1,FALSE,188
563,,,1,1,350,2339,7.364872853,1,FALSE,188
629,,,1,1,500,2339,21.11293029,1,FALSE,188
643,,,1,1,499,2339,19.90255266,1,FALSE,188
659,,,1,1,380,0,52.86558711,1,FALSE,188
900,,,1,1,1200,2705,18.65995077,1,FALSE,188
990,,,1,1,500,2339,23.57874787,1,FALSE,188
295,,,1,1,700,2339,14.10561614,1,FALSE,189
491,,,1,1,499,2339,15.89658183,1,FALSE,189
651,,,1,1,349,2705,3.886195273,1,FALSE,189
930,,,1,1,1200,7506,14.78765457,1,FALSE,189
515,,,1,1,500,2705,9.520215903,1,FALSE,190
337,,,1,1,500,2339,12.14134396,1,FALSE,190
399,,,1,1,500,2339,10.53260174,1,FALSE,190
875,,,1,1,1199,2705,9.878015158,1,FALSE,190
964,,,1,1,499,2339,8.019250055,1,FALSE,190
440,,,1,1,1200,2339,11.23992124,1,FALSE,190
288,,,1,1,500,2339,8.861867167,1,FALSE,191
369,,,1,1,500,2339,5.888374992,1,FALSE,191
412,,,1,1,500,2339,6.015441815,1,FALSE,191
756,,,1,1,499,2339,4.406203248,1,FALSE,191
779,,,1,1,499,2339,5.61731712,1,FALSE,191
816,,,1,1,500,2705,5.043704308,1,FALSE,191
981,,,1,1,500,2339,4.802573227,1,FALSE,191
46,,,1,1,500,2339,0.631433488,1,FALSE,192
121,,,1,1,499,2339,0.91972592,1,FALSE,192
136,,,1,1,500,2705,2.045617483,1,FALSE,192
175,,,1,1,700,2339,3.812492965,1,FALSE,192
182,,,1,1,500,2705,0.484837322,1,FALSE,192
225,,,1,1,500,2339,1.280901172,1,FALSE,192
245,,,1,1,1200,7506,0.840144058,1,FALSE,192
271,,,1,1,1200,7506,0.082026115,1,FALSE,192
333,,,1,1,500,2339,0.539106957,1,FALSE,192
362,,,1,1,500,2339,3.207355017,1,FALSE,192
444,,,1,1,500,2705,0.706909902,1,FALSE,192
578,,,1,1,500,2339,2.57013386,1,FALSE,192
584,,,1,1,500,2705,0.350638522,1,FALSE,192
640,,,1,1,500,2339,0.883789575,1,FALSE,192
644,,,1,1,499,2339,0.088534878,1,FALSE,192
695,,,1,1,1200,7506,2.603214688,1,FALSE,192
700,,,1,1,1200,7506,0.48147959,1,FALSE,192
802,,,1,1,700,2339,0.093483432,1,FALSE,192
813,,,1,1,1200,7506,2.351654203,1,FALSE,192
818,,,1,1,500,2705,0.076296743,1,FALSE,192
846,,,1,1,500,2339,1.181878552,1,FALSE,192
860,,,1,1,1200,7506,1.71445107,1,FALSE,192
923,,,1,1,1200,7506,0.239566642,1,FALSE,192
937,,,1,1,500,2339,0.975677335,1,FALSE,192
998,,,1,1,500,2339,1.425421743,1,FALSE,192
50,,,1,1,1200,2339,6.582315362,1,FALSE,194
403,,,1,1,700,2705,4.588255558,1,FALSE,194
231,,,1,1,1200,2339,0.447635912,1,FALSE,195
746,,,1,1,1200,2705,2.822736267,1,FALSE,195
744,,,1,1,234,92,0.320735363,1,FALSE,196
