JobId,YieldScopePriority_X,YieldScopePriority_Y,IsYieldForEnabled,IsYieldedEnabled,TokenAllocation,QuotaTokens,TotalWaitingTimeInMins,SLA,EstimatedRemainingRunningTimeInMins
6CBB2A0C-B1A4-4475-98DE-4659BA4F7235,1,0,1,1,2000,10687,0.210164685,00:00.0,360
2EC9EB73-36FC-44B6-89BB-3318312AE465,1,0,1,1,2000,10687,5.225699512,00:00.0,360
11446C08-AA20-4A9D-BA65-077F9680C72F,1,0,1,1,1000,3984,24.39939051,00:00.0,360
f7ac7f18-c74f-41ee-8d1a-4d799de8e054,NULL,NULL,1,0,800,9714,200.9070806,NULL,240
DF8BE89A-3E45-4198-827A-30978CC93D89,1,0,1,1,2000,10687,50.94371687,00:00.0,180
F80FFA97-B5BF-4206-8520-04F4F38E7648,1,0,1,1,2000,10687,9.744113028,00:00.0,180
533C76F9-8C06-46C7-893C-BBCA347CCCA5,1,0,1,1,400,10687,30.21645842,00:00.0,120
85051F19-3BB4-4435-97D5-D89F16BC72B6,1,0,1,1,400,10687,66.0417089,00:00.0,120
83EB89C7-642C-4198-8DED-91423EB34BEE,1,0,1,1,400,10687,145.3417091,00:00.0,120
72DAD7CA-5E15-41E8-963E-6BE10639596A,1,0,1,1,1000,2915,7.445268907,00:00.0,120
A3EFE8FD-3F68-4DC6-9A5C-01AEECBA63BC,1,0,1,1,400,10687,40.34713594,00:00.0,120
A0FA5457-8ED9-4790-A6B8-0D264AFF923A,1,0,1,1,400,10687,18.01657455,00:00.0,120
EB35F0FA-ADCF-48E6-BD0C-2D55932326C0,1,0,1,1,400,10687,41.3782617,00:00.0,60
6E352BA6-2B9E-4339-A244-723543936CDA,1,0,1,1,400,10687,14.04585243,00:00.0,60
B46003FC-4CDA-41B2-8CE2-8179C569F330,1,0,1,1,1001,415,6.48788688,00:00.0,60
117ECD27-90CB-463C-B223-9E22552B908D,1,0,1,1,400,10687,18.94112825,00:00.0,60
DC3808FE-3545-4BC4-B667-6A23F462DAE9,1,0,1,1,400,10687,17.88705396,00:00.0,60
73FD71C3-7CC1-43DC-965D-20DA4C3A3A6D,1,0,1,1,1000,3984,14.49250847,00:00.0,60
1EFB1E44-3A7C-481C-B69E-1504C89DC2F7,1,0,1,1,400,10687,136.0758831,00:00.0,60
EB35F0FA-ADCF-48E6-BD0C-2D55932326C0,1,0,1,1,400,10687,97.64287311,00:00.0,60
58DB25D9-DE6A-45E8-9970-736F7E980996,1,0,1,0,259,415,42.9237925,00:00.0,50
8F365044-1307-476F-90B7-6A9FC05826EC,1,0,1,0,259,415,32.48083158,00:00.0,50
3BE2AE54-5B92-47C3-BF6E-3015385CF2CE,1,0,1,0,259,415,36.03439586,00:00.0,50
4BF445B5-D4EE-4AAC-BF52-49A9B3F22C1B,1,0,1,0,259,415,3.468719473,00:00.0,50
74EC80FB-A36A-44D1-AD68-FC9EF100F085,1,0,1,1,259,10687,51.29163352,00:00.0,45
38FFE2A0-D8D6-44C4-87E8-70BD38C00A55,1,0,1,1,259,10687,80.01360497,00:00.0,45
e2c31a95-465e-4486-a552-7888924cb8bf,1,0,0,1,1999,10687,3.793726045,00:00.0,40
98EAEBB6-8BD0-41D6-893F-16001BFD63C5,1,0,1,1,1999,10687,5.420198327,00:00.0,40
6A781006-2DE7-4C17-95BD-0098E518EA14,1,0,1,1,1999,10687,2.043315077,00:00.0,40
D8775FD5-6073-4922-9D3F-72B8DA5957EB,1,0,1,1,1999,10687,51.73714301,00:00.0,40
8A3BCA5E-170E-4917-B014-94C85DF0FD5E,1,0,1,1,1999,10687,48.91060591,00:00.0,40
5842E908-7587-4FD9-B4AA-3B86B06620EA,1,0,0,1,1999,10687,3.992069263,00:00.0,40
B86A5F55-AE2F-4382-9E8D-3EF1E41F7F66,1,0,1,1,1999,10687,16.75824922,00:00.0,40
53afe82a-819c-4402-9e65-c5075fb6b78e,NULL,NULL,1,0,300,9714,62.56490181,NULL,30
8E0723B6-CEA3-473B-9950-524DDA11B030,1,0,1,0,1001,415,4.46386222,00:00.0,30
3ABD5E01-30F0-4648-9EE3-5E3671520FA7,1,0,1,1,259,10687,92.01134372,00:00.0,7
009b7aad-723d-4e97-bf73-9c169b1987d5,NULL,NULL,1,1,1000,10687,80.01156355,NULL,5
6a8e8b62-dfdf-43b2-a9aa-93d4b52427a7,NULL,NULL,1,1,1000,10687,223.9596512,NULL,5
02216a96-7729-41a5-a769-7d62d430462e,NULL,NULL,1,1,1000,10687,62.11205431,NULL,5
608914aa-a650-4bf8-96f2-2ed7b9096005,NULL,NULL,1,1,1000,10687,186.9483313,NULL,5
75d58e41-4db8-4495-902f-efe4c2d02843,NULL,NULL,1,1,1000,10687,112.1948678,NULL,5
7ea1da05-af06-4c4a-ba88-a10d80ac8b1f,NULL,NULL,1,1,1000,10687,112.6047077,NULL,5
77d94106-13eb-4efd-9143-f392cedcb5c2,NULL,NULL,1,1,1000,10687,8.15702014,NULL,5
abbdf327-9aae-401e-bdc0-6c0725affc8c,NULL,NULL,1,1,1000,10687,36.76607579,NULL,5
6dc68a13-b85f-42ae-8e3e-d80ea29b8029,NULL,NULL,1,1,1000,10687,43.58155781,NULL,5
55502ead-95e5-4e4d-8886-902b8293af10,NULL,NULL,1,1,1000,10687,349.4977611,NULL,5
13e257ce-2e7f-4a5d-a08d-1d358f3ef5a8,NULL,NULL,1,1,1000,10687,23.42750937,NULL,5
d1b618a1-54ec-4c99-91ff-84ad9438d55d,NULL,NULL,1,1,1000,10687,120.536596,NULL,5
4bf53a9e-8398-48af-ace3-4e3afdafd7f1,NULL,NULL,1,1,1000,10687,9.488514342,NULL,5
f9888aef-721a-4a30-8f91-c6e2f0d32428,NULL,NULL,1,1,1000,10687,331.9219273,NULL,5
5354270a-1b89-49cd-818d-90a29d8f9096,NULL,NULL,1,1,1000,10687,1.377546022,NULL,5
6c29b4a0-093f-4bc6-8d7c-0c1412fc4e83,NULL,NULL,1,1,1000,10687,5.01554407,NULL,5
42037196-3948-48a3-8d32-0b001abee2b1,NULL,NULL,1,1,1000,10687,552.2507402,NULL,5
9806d7ab-3839-47a3-a2fd-9c18a62bb535,NULL,NULL,1,1,1000,10687,150.2745449,NULL,5
7eafc0f7-d5d3-4248-8da4-df9290e92530,NULL,NULL,1,1,1000,10687,137.6935117,NULL,5
91c75422-e0f0-4384-be49-d01160c8f878,NULL,NULL,1,1,1000,10687,229.5215334,NULL,5
c5fddd12-2591-43d2-a429-5a7e8d8e76c3,NULL,NULL,1,1,1000,10687,78.11444478,NULL,5
fbfb02f3-407d-4c63-95a4-0717eb6c95bf,NULL,NULL,1,1,1000,10687,51.40907111,NULL,5
6a785aeb-c042-468c-99d1-703dec762893,NULL,NULL,1,1,1000,10687,464.9978364,NULL,5
41a90886-6afe-4c4e-83c1-f06e20bf7cee,NULL,NULL,1,1,1000,10687,27.35363859,NULL,5
dab9b70f-dccb-4554-9a38-4710ddf1818d,NULL,NULL,1,1,1000,10687,26.86027775,NULL,5
fc992e2d-d563-4d55-8a54-2f183af38e50,NULL,NULL,1,1,1000,10687,171.378119,NULL,5
d54280e6-c08e-4448-b5a3-d4e336288847,NULL,NULL,1,1,1000,10687,131.8986596,NULL,5
ea95e3cc-05f2-4988-86c3-11804fa2be2a,NULL,NULL,1,1,1000,10687,596.4418869,NULL,5
853bc0f0-c65c-49c3-985d-c6a013ff756a,1,0,1,1,51,10687,15.41805485,NULL,360
313d0dbc-324a-42a8-a390-def841d78b10,NULL,NULL,1,1,350,2150,15.42671533,NULL,360
37fcd110-b6d6-47b1-bafa-a8c9f2f8fd76,NULL,NULL,1,1,300,29125,197.6365649,NULL,360
3682e33d-58a1-4e82-9b55-89a27443dc63,NULL,NULL,1,1,1200,7500,18.77088559,NULL,360
c31ba86e-c11c-4378-8fe4-5116d042c50e,NULL,NULL,1,1,259,29125,425.0626348,NULL,360
8b823b92-539d-4d8c-98ab-f987cbc20aed,NULL,NULL,1,1,400,2150,34.892068,NULL,360
892068a3-bd04-4f4a-986c-1e5b8916b363,NULL,NULL,1,1,100,29125,9.765402265,NULL,360
b46f0fd1-02be-4fb0-9c36-6056ed35a17c,NULL,NULL,1,1,259,29125,61.63265132,NULL,360
7f8fd67f-89e2-454a-98d6-c7231f3bd367,NULL,NULL,1,1,259,9714,33.5121356,NULL,360
43276d42-952e-4633-9e9f-0ac4a2a0a89d,NULL,NULL,1,1,400,2150,204.7911663,NULL,360
1e412a4d-f84b-4867-b85f-672189128c44,NULL,NULL,1,1,350,7500,10.89530358,NULL,360
83196029-b5cc-499c-a9f3-9aa94a0c5a39,NULL,NULL,1,1,200,29125,69.27887786,NULL,360
ad2dd91e-1778-42aa-81d8-1adecb5940c9,NULL,NULL,1,1,400,2150,197.4883392,NULL,360
44839591-2a94-4a33-94ab-7d67a148aa7e,NULL,NULL,1,1,400,2150,20.26943997,NULL,360
fb0309fc-f674-4be8-b2ae-153fee7e2fdc,1,0,1,1,7,10687,5.780466598,NULL,360
e5e2551c-4dcc-47cc-935d-7a5d6d92eeae,NULL,NULL,1,1,259,29125,78.22299416,NULL,360
e82d806b-85f4-4f7e-9049-7df20e303f4a,NULL,NULL,1,1,350,7500,21.80779907,NULL,360
54100278-739b-4a0a-a3b8-e00b0b3481bf,NULL,NULL,1,1,3000,29125,0.720859482,NULL,360
52e12f82-6ade-4e8b-b537-774476a872ea,NULL,NULL,1,1,234,2800,14.40094028,NULL,360
29e52ba2-9397-455c-93a6-31f1ceefad9e,NULL,NULL,1,1,259,9714,5.621887273,NULL,360
720e703b-f62e-4c69-9d31-d926b9140f21,NULL,NULL,1,1,400,2150,280.7500598,NULL,360
c058ada3-1be2-4b83-a52d-b07d25cf3bf4,1,0,1,1,17,10687,2.060117637,NULL,360
bb3309c1-c41f-4051-b8b9-2f1622949c89,NULL,NULL,1,1,259,29125,37.76563015,NULL,360
3537c883-d38b-4dbe-b9ee-e212e6a2e15a,NULL,NULL,1,1,1000,29125,26.72575106,NULL,360
4c65f47f-cd1a-4dbf-9e1d-165bde124aa3,NULL,NULL,1,1,824,29125,16.44298119,NULL,360
09842849-ff41-4e08-9128-a8a71913adc7,NULL,NULL,1,1,700,7500,1.829296188,NULL,360
e5ed8877-4f82-404e-adf1-0efc9ef4bc8f,NULL,NULL,1,1,234,2800,16.52345775,NULL,360
89ca12d0-db30-4a9c-bf3d-5fafb52069eb,NULL,NULL,1,1,200,29125,246.5429296,NULL,360
30766aee-396a-4431-8eef-ef5e6130c6fc,NULL,NULL,1,1,259,29125,50.387971,NULL,360
fd4d5fb8-f2cc-4092-bcca-08d15c7bf557,NULL,NULL,1,1,400,2150,106.0250838,NULL,360
4f84d8dc-370a-444a-ba87-cb5e00a70e73,NULL,NULL,1,1,350,7500,12.18112535,NULL,360
0cc475e1-217b-4755-a3e9-d0f1ec482b0c,NULL,NULL,1,1,259,29125,412.8176817,NULL,360
401db9bb-f4d3-4f9b-9e3c-14a9613110c6,NULL,NULL,1,1,400,2150,75.20776615,NULL,360
8c02d0ee-4fbe-4b1e-a31d-b862938f427d,NULL,NULL,1,1,259,29125,549.0729504,NULL,360
99a64219-1ffd-45c1-8d50-8fcfbd4709b0,1,0,1,1,7,10687,12.81612819,NULL,360
445923c1-474e-4ba3-a3eb-a4286212171a,NULL,NULL,1,1,500,10300,28.95836429,NULL,360
4c5b9b67-0b1f-4262-a89b-123243cb91c6,NULL,NULL,1,1,259,29125,182.5673003,NULL,360
e071236a-4a7c-4877-a445-779a6d375ac6,NULL,NULL,1,1,250,29125,7.91105667,NULL,360
964856ea-432a-4037-9b63-3fc64110f469,1,0,1,1,180,10687,2.22564019,NULL,360
1a535ccf-4ef6-4d66-bc2a-49c72c83d167,NULL,NULL,1,1,400,2150,3.6524394,NULL,360
9cc01143-136a-4803-b60d-3472d2dc8293,NULL,NULL,1,1,100,29125,17.60613756,NULL,360
cee4c5e2-38f9-4f94-828a-3b4959d7c39a,NULL,NULL,1,1,259,29125,7.929360395,NULL,360
ef866818-9356-4f5e-a9fe-59dc170bc169,NULL,NULL,1,1,1200,7500,0.688970238,NULL,360
cc672d7e-8da3-4214-85d4-071014961585,NULL,NULL,1,1,500,29125,70.19731906,NULL,360
feb48ce2-83e1-4400-989f-e5794b7e916b,NULL,NULL,1,1,8000,14572,1.000964945,00:00.0,360
4cecc2f4-7330-45f9-95c3-7efbfcea3460,NULL,NULL,1,1,234,2800,31.67524367,NULL,360
9ee83bfb-5fcc-47c0-8420-93dd3f6e5acd,1,0,1,1,90,10687,14.31551845,NULL,360
0f6ef049-1a65-430e-aae6-acea67cd243e,1,0,1,1,51,10687,20.27156404,NULL,360
58021fb1-1e6f-40c4-ac2c-7014365a4c16,NULL,NULL,1,1,259,29125,552.1540387,NULL,360
9537e6ff-c22e-4d3b-95b0-4f8769698955,NULL,NULL,1,1,259,29125,186.2354042,NULL,360
3c778609-824d-4c9a-a8cd-dd9202ddb780,1,0,1,1,259,0,1.170135492,00:00.0,360
9cbcd495-9a20-492f-982e-f13a66905d63,NULL,NULL,1,1,1200,7500,0.559897493,NULL,360
4e537eea-364f-4f15-b63c-6b6a6012e6dc,NULL,NULL,1,1,400,2150,201.3326566,NULL,360
c87c9fca-dcb5-4cfd-a8ca-ae1b0105b4d1,1,0,1,1,170,10687,2.984423982,NULL,360
498848d3-4b3d-4e89-95c4-c0f1620c4f47,NULL,NULL,1,1,50,29125,15.67080225,NULL,360
9b03da50-2bed-43f0-b508-19245a79b5f1,NULL,NULL,1,1,272,9714,46.26621153,NULL,360
681c6680-b86f-4ae7-ab19-22d9fc38089e,NULL,NULL,1,1,259,29125,1.19247234,NULL,360
ed7d2747-f5ea-4c79-b9bc-48eb6493624c,NULL,NULL,1,1,1000,29125,62.22574052,NULL,360
9443609b-dc95-4eed-9115-dc5f6737edd0,1,0,1,1,90,10687,4.388541038,NULL,360
7178fa17-e28b-45ae-bbfe-055ee042ace9,NULL,NULL,1,1,1200,9714,240.6427342,NULL,360
66227121-8ffa-420b-afd6-fb5a9288218e,1,0,1,1,51,10687,29.1913901,NULL,360
05a7a380-a50f-49d9-93f1-dd8da4c8429f,NULL,NULL,1,1,234,2800,29.05541719,NULL,360
85d7d492-e3cc-4803-a1ea-ed222455434a,NULL,NULL,1,1,1000,29125,95.37882241,NULL,360
8d8a9534-0673-417e-b95a-c5873b661983,NULL,NULL,1,1,234,7500,3.167449048,NULL,360
085243b7-aa1b-4e7c-926f-0bd623b19bf1,NULL,NULL,1,1,259,29125,0.888011613,NULL,360
acde1179-90a2-4042-b81d-6a8e17e075bf,NULL,NULL,1,1,400,2150,691.8051035,NULL,360
69132eb9-722e-4546-9e53-94894af8b8a0,NULL,NULL,1,1,1000,29125,19.38068605,NULL,360
b6c250e2-c03e-4abc-aeb1-dca22019d279,1,0,1,1,200,10687,28.73421201,NULL,360
86f89cc9-b74d-41a1-8e71-a7e3b2c1056b,NULL,NULL,1,1,500,29125,74.60782475,NULL,360
94529759-ee33-4a06-bb81-d544bbb49903,NULL,NULL,1,1,400,2150,1.761398572,NULL,360
04e71fc4-9cba-4286-877b-d9e5167a4bba,NULL,NULL,1,1,51,29125,34.80363801,NULL,360
4333119e-fcdd-4d4c-aa34-4b5c921ad99a,1,0,1,1,51,10687,48.70291269,NULL,360
428448e3-4d38-4c21-a689-23b863911124,NULL,NULL,1,1,400,2150,236.4567305,NULL,360
a575e946-a3ee-4a85-904a-02fe69c67390,NULL,NULL,1,1,500,29125,33.78087831,NULL,360
a3758579-cb1c-452c-91e0-e27403a1cd05,NULL,NULL,1,1,400,2150,249.5787918,NULL,360
8542176d-2219-4244-997a-16bae17187bf,NULL,NULL,1,1,100,29125,61.22943951,NULL,360
163339cd-2ab4-44e5-aa7b-a7cba7ae7d9b,NULL,NULL,1,1,259,29125,121.1234778,NULL,360
4f401d7d-c988-47fe-94d4-d497905eac25,NULL,NULL,1,1,350,2150,19.94575522,NULL,360
8ea2eac9-f2d7-4317-a52f-4ca30e8f6455,1,1,0,1,500,9714,83.10091621,NULL,360
975768a0-7685-4643-b189-df940ef911a5,NULL,NULL,1,0,800,9714,121.5436242,NULL,360
474c4b5d-e19c-4808-acf1-c516d7b26ff3,NULL,NULL,1,1,259,29125,11.04647393,NULL,360
a582926c-f706-49bb-9746-e256d8e4b5a9,1,0,1,1,1000,10687,19.47723858,00:00.0,360
f17ea949-c117-4755-a40a-c267123134b6,NULL,NULL,1,1,350,7800,1.079807198,NULL,360
8ff8eeec-8df0-46e5-98d9-da5ea98af5a4,NULL,NULL,1,1,400,2150,377.3917895,NULL,360
7104faf9-eacd-4696-8e31-cabfca9616f4,NULL,NULL,1,1,259,29125,3.902603907,NULL,360
711c0f8a-7095-45ed-9ff6-97f072172eb2,NULL,NULL,1,1,400,2150,227.9914368,NULL,360
f1a1422f-14f4-492f-a20c-1d1bea621cb4,NULL,NULL,1,1,261,29125,2.94405086,NULL,360
ca4bc033-c321-4390-bfb2-0b151c70fe5b,NULL,NULL,1,1,500,7500,16.56467171,NULL,360
d8947036-a0d5-49f9-8606-554b6f24b5f4,NULL,NULL,0,1,2000,29125,113.7007189,NULL,360
bb2d2058-bfc5-42d3-96a9-cb5d87a60b29,NULL,NULL,1,1,400,2150,620.5287112,NULL,360
4ec8303d-aae8-4ab4-adfe-262837a8e940,1,0,1,1,300,10687,0.743790943,NULL,360
6c9553c5-e074-40a8-ab7a-992f876db651,1,0,1,1,33,10687,2.090993482,NULL,360
37f2741f-91f0-44ea-b1b9-678fb89c69b1,NULL,NULL,1,1,200,29125,3.221768657,NULL,360
aa6ab6f0-4243-4567-9ff9-fd17409e490e,NULL,NULL,1,1,259,9714,88.77245538,NULL,360
e6b42358-1123-4bdb-abfc-7ac1d8503161,NULL,NULL,1,1,234,7800,2.119497245,NULL,360
c92b0078-1354-47cd-a440-342938d37f4a,NULL,NULL,1,1,350,2150,3.655097672,NULL,360
313dc089-070e-4105-bd74-78aa9d5a93a7,NULL,NULL,1,1,234,7800,4.837221295,NULL,360
62b5071c-25b2-4795-8335-309e771066c6,NULL,NULL,1,1,100,29125,124.6447111,NULL,360
b0d0badd-5457-446a-ae06-8520bedf6ec3,NULL,NULL,1,1,500,29125,549.388663,NULL,360
5e40a091-fa87-4b51-9f4d-7c96178c8b6d,NULL,NULL,1,1,400,2150,80.70723806,NULL,360
bd576adb-5e80-48fd-b7b1-d4f292b0403a,NULL,NULL,1,1,400,2150,30.80650096,NULL,360
d1e26e53-25c1-49d2-bda4-7e7514f26533,NULL,NULL,1,1,200,29125,277.1155159,NULL,360
13cbf78f-4feb-42d5-92e5-41e53f95abee,1,0,1,1,51,10687,51.61287901,NULL,360
f2e34ce4-6edd-4997-acc5-2b925354fe45,NULL,NULL,1,1,400,2150,52.68494097,NULL,360
a63080f2-6ab1-4968-b864-7af21e45e6e1,NULL,NULL,1,1,400,2150,33.46596246,NULL,360
066b1051-a083-4f59-9e00-2ee1d12f3d65,NULL,NULL,1,1,259,29125,66.87737658,NULL,360
10eeddc7-6c4c-46bd-b41a-6a0ae4cbb0af,NULL,NULL,1,1,100,29125,32.41467561,NULL,360
0f26c80d-ab82-4b32-84b1-9be2c8d78fe4,NULL,NULL,1,1,100,29125,1.005312163,NULL,360
ab0495bc-2797-4ea2-9414-92674a21cd70,NULL,NULL,1,1,1000,29125,101.4594331,NULL,360
209df384-51e0-42fa-9c31-c4ceecac191d,NULL,NULL,1,1,1000,29125,192.3150715,NULL,360
cb96cb3f-d461-4733-9932-17837919dfe7,NULL,NULL,1,1,234,2150,25.7324205,NULL,360
01dd7746-4dc2-43ba-b85a-6226f38d6ba8,NULL,NULL,1,1,400,2150,7.62747107,NULL,360
8c70e090-5788-421f-8f6e-06e2a6aba6dc,NULL,NULL,1,1,1200,7500,2.191318303,NULL,360
909e6eb3-2a1a-44d7-9b97-3c95632cc0a1,NULL,NULL,1,1,400,2150,13.01602353,NULL,360
cf16145c-bb37-402a-b0ee-8876d566209a,NULL,NULL,1,1,259,29125,518.9422741,NULL,360
07e423d2-e795-4a0c-853a-8c242c218f01,NULL,NULL,1,1,1200,7500,16.96866451,NULL,360
efcb54d9-96c7-450a-9fc9-a7ab1b6a70c8,NULL,NULL,1,1,400,2150,10.24957285,NULL,360
62099f1b-95cb-4671-b061-1ec345cf4429,NULL,NULL,1,1,300,29125,4.02017943,NULL,360
b9ec311b-90c4-483c-924b-d0ef915fac31,1,0,1,1,41,10687,14.2513083,NULL,360
66e9e90b-236f-4b2c-9914-a7c0a72afabf,NULL,NULL,1,1,1000,10687,0.811762447,NULL,360
8be23469-a17e-4dc0-b92f-3988a9c57ef5,NULL,NULL,1,1,400,2150,27.54566651,NULL,360
49e3aaa7-9c6b-400d-8b28-9118ffff3ab9,1,0,1,1,51,10687,14.8761184,NULL,360
9bf74bd7-4cc3-40b9-aa6c-df13e05ef8fa,NULL,NULL,1,1,272,29125,0.405431973,NULL,360
4026038f-0e74-4a39-8e08-4531f01f7c0b,NULL,NULL,1,1,200,29125,129.1685559,NULL,360
b77fb07e-3bde-429a-977c-2869b564444e,1,0,1,1,500,10687,9.221102332,00:00.0,360
e875cb89-f7cc-4a7e-bdb1-73ce73e6817f,NULL,NULL,1,1,100,29125,0.039628448,NULL,360
92ee1a1b-b535-4a47-91b1-b28c07c9374f,NULL,NULL,1,1,400,2150,17.61651543,NULL,360
637a2667-3f3c-47a1-9997-ab50c9eb5e05,1,0,1,1,41,10687,9.307360425,NULL,360
17deb1cb-6a11-400c-ad0e-2971cc08d16a,NULL,NULL,1,1,1000,29125,60.68786806,NULL,360
6f2b1afe-63ee-478a-bcec-39ac84be64d7,NULL,NULL,1,1,1000,29125,335.5994727,NULL,360
e172fdd4-d4e0-477f-8f4c-57fe5ff95d1a,NULL,NULL,1,1,200,29125,165.3792807,NULL,360
0e766233-eb12-4b09-b706-daa9f6a61a9d,NULL,NULL,1,1,1000,29125,56.71258146,NULL,360
7d34100b-7e47-4001-81cd-5918fa564f29,1,0,1,1,1297,10687,12.43214091,00:00.0,360
e18a2b1e-68a1-45f6-858c-5aa154a0fe2f,NULL,NULL,1,1,400,2150,49.61172759,NULL,360
387cacc5-61b7-4821-af40-baa5054abb0d,NULL,NULL,1,1,500,29125,85.48293448,NULL,360
bf01e3eb-ddb4-4152-b417-ba27bae069b9,NULL,NULL,1,1,100,29125,133.6754367,NULL,360
cc74b072-de4a-417f-868c-09b245130bb5,NULL,NULL,1,1,400,2150,14.5591378,NULL,360
4865aca9-d9d7-4402-972d-008ef879b4ef,NULL,NULL,1,1,1000,10687,2.109842048,NULL,360
d098fd9b-541a-49e9-a048-82d7815add46,1,0,1,1,180,10687,4.762485885,NULL,360
24425d68-358b-43b4-80b3-5586461819ff,NULL,NULL,1,1,400,2150,195.5129271,NULL,360
8089168e-9e5c-42e3-8f56-9bb1ee71ce97,1,0,1,1,7,10687,52.60206611,NULL,360
2ccb43db-010d-4d13-a73a-24c3b1b69a44,1,0,1,1,23,10687,0.202005667,NULL,360
40ddc789-a8c8-4a10-9401-6397819525e4,NULL,NULL,1,1,1000,29125,62.84236348,NULL,360
dfbec744-6750-4142-929e-a9a37c273e63,NULL,NULL,1,1,1200,9714,131.7865922,NULL,360
7f71a484-596e-40aa-9ff1-ad4d60f6429c,NULL,NULL,1,1,200,29125,66.46580517,NULL,360
a11e917e-f7e9-44da-9929-b4a4308fd8cb,NULL,NULL,1,1,500,29125,129.6566336,NULL,360
e1ca02fd-141a-4e3b-adff-8a9d42b816b1,NULL,NULL,1,1,1200,9714,129.7621336,NULL,360
fe93bf72-73bb-43c5-8da9-51f72906e2d4,NULL,NULL,1,1,272,9714,76.95993136,NULL,360
26484fc3-4310-43c7-9ff5-94982f3fff7f,NULL,NULL,1,1,500,29125,61.90889897,NULL,360
83b6d8e2-1a50-4d2c-bb54-29af1ebf2c1f,NULL,NULL,1,1,1500,29125,125.6341464,NULL,360
42cdfc78-4f6c-440e-a37b-8ec89503bac7,NULL,NULL,1,1,400,2150,22.96854073,NULL,360
80515dd9-a7d3-4d62-b399-4a3031c5451c,1,0,1,1,150,10687,0.393920153,NULL,360
7c771bf7-4239-42b4-9856-276697f12ed2,NULL,NULL,1,0,1000,9714,26.46825735,NULL,360
fc23a78b-a689-49e1-9b0b-77f1f56f619c,NULL,NULL,1,1,500,29125,25.34428787,NULL,360
28e8aacb-3aab-4b7a-8c86-f9263467d7b5,NULL,NULL,1,1,259,9714,70.44557479,NULL,360
ae219297-744b-426c-823e-8880ba844c34,NULL,NULL,1,1,400,2150,243.9872497,NULL,360
b31b878b-c227-4290-aca2-ce51acc816cf,NULL,NULL,1,1,400,2150,97.4495637,NULL,360
f7cd5002-a188-4fe0-b895-64eeb22f6797,NULL,NULL,1,1,400,2150,31.89126789,NULL,360
d6bff6e2-760b-4e86-944f-675b733dae17,NULL,NULL,1,1,1200,7500,3.542949233,NULL,360
6ab6535a-6d44-4680-b97c-93b86327f60e,NULL,NULL,1,1,700,7500,15.48466874,NULL,360
ba87966e-314c-4569-90ae-058167eb1d40,1,0,1,1,180,10687,2.316894888,NULL,360
ee9681e4-0503-416b-99e9-b68645467d46,1,0,1,1,200,10687,44.06201072,NULL,360
2ea01772-0dc0-44d1-a38a-b55ae148c89d,NULL,NULL,1,1,350,7800,0,NULL,360
a659a7e4-b24c-4bbc-92c5-913f32fc3d18,NULL,NULL,1,1,500,7500,2.73970621,NULL,360
4b2e8210-9a09-4a20-a61e-1fe4b361ec9f,1,0,1,1,200,10687,1.490825703,NULL,360
5c352495-0716-4f43-a24a-ab0b370b82bd,NULL,NULL,1,1,500,29125,33.44165027,NULL,360
76b90d25-b3a1-43da-89dd-e363b9ee58e1,NULL,NULL,1,1,200,29125,187.3661132,NULL,360
bda4e01a-46a8-4ef9-90da-2988930fd4eb,NULL,NULL,1,1,500,7500,21.05126235,NULL,360
efe49185-6d69-4567-9c7f-cf9ece5d77bd,NULL,NULL,1,1,700,7500,25.2220841,NULL,360
46995a6a-6e50-4150-bda4-3e1ac38ffe5f,NULL,NULL,1,1,400,2150,52.39305959,NULL,360
6a6a2a39-345f-4244-8773-16d1a64403c9,NULL,NULL,1,1,400,2150,447.861569,NULL,360
de7fe4d9-a8f0-4e82-bb9b-2ef41ebe80de,1,0,1,1,51,10687,73.36264232,NULL,360
befdcc81-4af7-4f76-94e7-788f73bdbef9,NULL,NULL,1,1,400,2150,271.9076257,NULL,360
389f7f23-2031-4c9e-9262-f66a3ef52b35,NULL,NULL,1,1,700,2800,8.693497955,NULL,360
98381f05-6e96-4af9-b583-0f464f8461f9,1,0,1,1,21,10687,2.349418667,NULL,360
93905a03-52c6-4a58-a440-2d8983122e18,NULL,NULL,1,1,100,29125,52.6052355,NULL,360
7f12edb8-1424-46ee-b5d0-b89a158d2e78,NULL,NULL,1,1,234,7500,13.22028372,NULL,360
5f223a4d-eb49-4d8b-a687-39afc370de52,1,0,1,1,800,10687,0,40:00.0,360
a97eb302-5f2f-469c-9762-c67fdd4fd811,NULL,NULL,0,1,2000,29125,76.21586271,NULL,360
0f7928e3-da42-460d-8f4d-f17c10cda17b,NULL,NULL,1,1,234,7800,7.840581745,NULL,360
b98d7d01-5833-4760-91cd-c915bd32c308,1,0,1,1,39,10687,27.46301308,NULL,360
04cd6b25-de85-45ef-827f-acdb45a4a7ba,NULL,NULL,1,1,100,29125,111.3307329,NULL,360
76a6a19b-ddbd-489d-b7fb-8dfc418875e9,NULL,NULL,1,1,350,7800,0.603333513,NULL,360
2fa46d32-1347-4107-bd3f-cb6c2a7f2a1d,NULL,NULL,1,1,259,9714,128.0488037,NULL,360
724831de-70c1-4382-84cd-c936c63ffb55,1,0,1,1,33,10687,29.56216432,NULL,360
bbc42357-27c4-46e7-8228-f0f9a1fdc7a3,NULL,NULL,1,1,300,29125,41.71446353,NULL,360
d7a63645-b395-4125-ba7d-94c52f001434,NULL,NULL,1,1,234,2150,27.15502534,NULL,360
846fbab8-5496-4c7e-af2a-4aa3166f2d79,NULL,NULL,1,1,234,7500,4.297247962,NULL,360
b75684d0-1adb-4d51-a452-7b06ef74dc30,1,0,1,1,200,10687,0.555070865,NULL,360
5048f2da-73ef-41a3-9e18-7098719d1a1a,NULL,NULL,1,1,234,7800,11.10292354,NULL,360
a6edc53e-eef6-4d99-91f7-68411d9f582e,1,0,1,1,1000,0,0.322353737,00:00.0,360
403f3158-dd54-427d-933c-f89affd70bb5,NULL,NULL,1,1,200,29125,20.72209943,NULL,360
81ff9685-bbfa-404a-a39e-9f4de770b2d5,NULL,NULL,1,1,1000,29125,28.30503473,NULL,360
27530d9a-5800-4ce0-b79d-3e6d9630396a,NULL,NULL,1,0,259,147,15.52340946,NULL,360
b153f40b-1f0e-460f-9805-92cd7ba7ef6b,NULL,NULL,1,1,8000,14572,2.44586928,00:00.0,360
9f32064a-100e-4cd3-9a60-f2d3c8d5bd2a,NULL,NULL,1,1,500,29125,125.8697255,NULL,360
0fd6a35f-4b83-4eac-a439-2f606cb3cbf8,1,0,1,1,21,10687,4.188515677,NULL,360
46307e1e-990f-4df7-982b-76fa280c8879,NULL,NULL,1,1,500,29125,51.32445528,NULL,360
d1db3207-4fc1-4d6d-b1f1-adf5e3b36ea2,NULL,NULL,1,1,400,2150,308.658704,NULL,360
f57ca3eb-d1eb-4240-9b2f-343198c805a7,NULL,NULL,1,1,259,29125,189.2789899,NULL,360
a326b445-68c7-4de4-b5de-cb97849a0b79,NULL,NULL,1,1,250,29125,5.96462883,NULL,360
69c28e90-f2c8-4d5e-bde4-435859f171cb,NULL,NULL,1,1,100,29125,151.0116897,NULL,360
37d116d2-3644-4afe-96b1-6b5e2b5b6166,NULL,NULL,1,1,200,29125,28.61590128,NULL,360
77e70bd1-6c4a-4636-8010-4ba190b78fec,NULL,NULL,1,1,700,7500,31.59367237,NULL,360
6e717de2-5f10-425a-8324-cca981901321,1,0,1,1,500,10687,10.35606585,00:00.0,360
be81935d-016c-4455-9eb9-c3c6a081437e,NULL,NULL,1,1,1000,29125,13.00850439,NULL,360
243bc143-7eaf-4a71-8e11-7d2850c85dd1,NULL,NULL,1,1,700,2800,14.45251217,NULL,360
5cd49920-9cba-4ba4-a3aa-c6fa303840dc,1,0,1,1,51,10687,16.74005816,NULL,360
81f913a4-c67d-4eb5-806e-1d8192429892,NULL,NULL,1,1,259,29125,98.7168368,NULL,360
faea168a-2896-4ebf-af73-e3e710c564c1,NULL,NULL,1,1,400,2150,38.81002706,NULL,360
814e148e-2c1c-44f2-829c-511bbe5ddb74,NULL,NULL,1,1,259,7500,364.5851326,NULL,360
27ecf553-c8b9-4b3e-8dba-4638458bf8f3,1,0,1,1,200,10687,8.431286565,NULL,360
d363e360-586d-4ef4-a51e-bc0f89b7ff95,NULL,NULL,1,1,700,2150,11.41839804,NULL,360
13a87501-b42e-4e9b-9cf9-8f994e20b625,NULL,NULL,1,1,400,2150,2.375583313,NULL,360
e8922e2b-ad3a-4e8f-a905-bb71c4e9a660,NULL,NULL,1,1,400,2150,24.23428249,NULL,360
8ec432df-342f-467f-b575-6983149aa179,NULL,NULL,1,1,350,7500,8.80400289,NULL,360
36165021-395a-4af8-b358-2932f754eeca,NULL,NULL,1,1,1200,7500,2.182150215,NULL,360
66f83700-6e06-405c-8aa3-2f5ebee95920,NULL,NULL,1,1,500,29125,73.54971986,NULL,360
1228fb7b-2492-4aa7-b5a6-7df95412f4c5,1,0,1,1,30,10687,49.23327075,NULL,360
d1cdac50-7c5f-4e44-89cf-f7a0c672566e,1,0,1,1,200,10687,0.84737608,NULL,360
b39e8fed-20d4-4bbc-aa8d-84149b1c106f,NULL,NULL,1,1,824,29125,22.17172678,NULL,360
b64b62de-8813-4c16-93b3-949eddc1aff8,NULL,NULL,1,1,234,7800,0.086433685,NULL,360
491b501d-942b-4a05-830d-9b1534dce52c,NULL,NULL,1,1,400,2150,16.69032035,NULL,360
dc31434c-c183-4e31-9c30-038db8b83b25,1,0,1,1,120,10687,4.48405924,NULL,360
6196e699-1aaf-4b8c-97a9-0d277b7c6de1,1,0,1,1,9,10687,8.604705478,NULL,360
999f5afa-d2e3-4e76-981e-ca0f84d67434,NULL,NULL,1,1,400,2150,34.73441011,NULL,360
d8406d4a-316e-49eb-98d7-005421d53cff,NULL,NULL,1,1,100,29125,0.21359054,NULL,360
05976eff-7c9c-4087-a190-2381525e296f,NULL,NULL,1,1,259,29125,184.4832765,NULL,360
0f39bb41-f852-4422-8a29-dbb7b329ec5d,NULL,NULL,1,1,1000,29125,20.17360228,NULL,360
8991bea8-94de-4148-9b45-419fd0d86ffe,1,0,1,1,60,10687,4.232186482,NULL,360
1f1d3baa-6e69-4370-b8a2-2e50133880b3,NULL,NULL,1,1,259,9714,238.1747919,NULL,360
cb0d3a0d-97f1-4f5b-a8da-7c99ba1e7807,NULL,NULL,1,1,200,29125,43.38946877,NULL,360
66a76af5-62af-4f9c-b090-8471fed6be30,NULL,NULL,1,1,259,29125,42.43879583,NULL,360
fc3c1097-aad4-48c5-b8a9-df71219eec6a,NULL,NULL,1,1,259,29125,182.2127682,NULL,360
650c9441-9827-490c-8f26-6c661ebc8edf,1,0,1,1,250,10687,3.62493505,NULL,360
82d7de1b-bd62-4be6-a81b-594c46201b9a,1,0,1,1,51,10687,10.19435255,NULL,360
123a2a63-bbab-4c86-ac32-9aa751d3a07e,NULL,NULL,1,1,1000,29125,3.745875797,NULL,360
5b9002ac-8fb4-4f62-ad86-9855b23c7d78,NULL,NULL,1,1,200,29125,208.0096646,NULL,360
c19c856e-f933-4048-ac83-7ddb190f4b63,NULL,NULL,1,1,400,2150,10.1240699,NULL,360
9f4548eb-467b-4d0b-86fa-ee3b4e653349,NULL,NULL,1,1,700,7500,2.456058323,NULL,360
11e3d0a8-305c-4329-91b8-3fcf55cc16a6,NULL,NULL,1,1,259,29125,230.7889547,NULL,360
07cc63a2-fff3-4d77-a54f-6bed7c2e2a11,NULL,NULL,1,1,500,29125,38.13114468,NULL,360
e3871c95-0493-4a7e-ba01-915870cf85a9,NULL,NULL,0,1,2000,29125,2.04852595,NULL,360
75d87f57-2194-4cd3-84b6-7f0528628908,NULL,NULL,1,1,350,7800,6.297236217,NULL,360
66b22f7a-05f3-40c7-9724-1e17228537b6,NULL,NULL,1,1,200,29125,154.5936811,NULL,360
41e5424c-6c7d-424d-bbdc-3dd79b0d5a5b,NULL,NULL,1,1,824,29125,31.61863985,NULL,360
f1a22fb6-fdcd-44c3-a96a-19644f3c81b2,NULL,NULL,1,1,1000,29125,70.8818235,NULL,360
b8097b3c-26ec-40bc-ad28-70da42505612,NULL,NULL,1,1,350,2800,28.47310202,NULL,360
b8c366d6-2872-4d40-80b5-ea7baae46472,NULL,NULL,1,1,272,9714,124.8042224,NULL,360
6e9e4049-0da9-4aed-b021-df2c6fe59eba,1,0,1,1,33,10687,18.442079,NULL,360
5b1ea85c-b7b5-4c4e-964c-33ccc86285ee,NULL,NULL,1,1,259,29125,175.0662477,NULL,360
1a9252b4-cd6f-4054-bdd2-c8614e5d278a,NULL,NULL,1,1,1000,29125,4.748981142,NULL,360
846a9a10-73ff-46d4-acbf-06e6dca50bb1,NULL,NULL,1,1,201,29125,66.09078529,NULL,360
de9067d8-b4d5-4f9d-aeee-d2e7eb4857e3,1,0,1,1,51,10687,5.208406155,NULL,360
aabdb1d0-278a-4a9b-b744-493fc3f43f64,NULL,NULL,1,1,259,7500,93.64634877,NULL,360
a59ffe7f-694c-4d75-a168-1b16846155f9,NULL,NULL,1,1,400,2150,713.6834728,NULL,360
2780dc6f-760f-4081-8d38-941fa1f94b69,NULL,NULL,1,1,400,2150,8.802516517,NULL,360
4dc72f3c-d911-4a2a-9ac7-50bd2f493bbc,NULL,NULL,1,1,400,2150,4.684968602,NULL,360
34819aec-4207-45c5-a16f-866503a5a173,NULL,NULL,1,1,234,2800,24.05311311,NULL,360
4e9ca475-56b7-4563-bfbe-ae7f4f74962d,NULL,NULL,0,1,2000,29125,107.0174403,NULL,360
26bc94af-a445-46c4-9e65-7d3bf6d976ae,NULL,NULL,1,1,400,2150,20.71329803,NULL,360
08a2caf1-4774-4954-9874-1a33ea052e88,1,0,1,1,130,10687,0.16655215,NULL,360
adf39003-38f5-425a-90a6-2822d9fdb754,1,0,1,1,300,10687,14.04959018,00:00.0,360
e01015ba-353a-4eb6-a353-7df645d0bc4c,NULL,NULL,1,1,234,2150,10.05645455,NULL,360
8f35ea66-12e9-4165-86dd-fbe14a39f032,NULL,NULL,1,1,1500,14572,31.01486795,00:00.0,360
622d076f-e275-40d1-a706-30d4bf2e8fc0,NULL,NULL,1,1,1000,29125,465.2175224,NULL,360
4324058b-ffd1-4329-89ff-159d775c8dcd,NULL,NULL,1,1,400,2150,56.46846459,NULL,360
d6d6f221-38ff-46b3-8eee-24ec2f4f2d36,NULL,NULL,1,1,259,29125,83.31618107,NULL,360
b233bfdc-dc99-48ed-9213-94f4775c23d3,NULL,NULL,1,1,259,29125,302.6900643,NULL,360
e828dc7f-fa5c-4018-91e9-3d2e0371e3b2,NULL,NULL,1,1,1200,7500,11.02903425,NULL,360
0b3e6022-4e85-42e1-9d0e-c9c7573e7de1,NULL,NULL,1,1,201,29125,1.926823925,NULL,360
e52d650b-721c-41c6-9d40-23beb990f6c4,NULL,NULL,1,1,272,29125,2.027208362,NULL,360
15e5d403-3b74-45a7-bf22-606e6be0f810,NULL,NULL,1,1,100,29125,3.401648047,NULL,360
dbb9327d-6b27-4d6d-8236-293e75ffd727,NULL,NULL,1,1,400,2150,33.87167706,NULL,360
b1680974-1369-401c-b36f-972b70b73d8c,NULL,NULL,1,1,234,7500,9.623061672,NULL,360
c30752f3-d8fd-45a1-8edf-b6004bbf0aef,1,0,1,1,180,10687,0.229657522,NULL,360
1d5d9a64-7212-40cd-952f-1ff12ff0d133,NULL,NULL,1,1,20,14572,12.21626216,00:00.0,360
a6e5dcfc-50d7-42d5-9d60-5ed9d0c366ea,NULL,NULL,1,1,400,2150,146.7765394,NULL,360
33d10f58-7b3d-454f-b65f-1931d6f0d85c,1,0,1,1,51,10687,53.12997917,NULL,360
bb2be81d-34b5-4207-ba6d-a4f0f8a372fa,NULL,NULL,1,1,259,29125,39.21545191,NULL,360
4bbc6cc3-30fc-41ed-af2e-be9f3d6930f3,NULL,NULL,1,1,1200,7500,5.364091037,NULL,360
29c1bca2-7d8b-4810-80f0-460c90cdbe28,1,0,1,1,180,10687,6.984008847,NULL,360
72abad36-9a5f-49e9-839d-6049397dd779,NULL,NULL,1,0,800,9714,148.3363846,NULL,360
5764295f-0bf1-48a4-b81c-18ff19cf5487,1,0,1,1,250,10687,4.816615313,NULL,360
e302d42f-786b-4ce4-9d2a-e540e505cdb9,NULL,NULL,1,1,1500,29125,139.3811053,NULL,360
7fc13279-cb40-4091-b245-11017029fb8e,NULL,NULL,1,1,200,29125,185.710555,NULL,360
01ec0359-d0f6-4b45-9d21-265e33c5230e,1,0,1,1,51,10687,9.069469417,NULL,360
f8c9af45-2cb0-4875-af04-beb57269842a,NULL,NULL,1,1,234,7500,24.71032663,NULL,360
174f7a73-d651-48f4-85c5-731a6f7be40a,NULL,NULL,1,1,200,29125,121.7758456,NULL,360
cbad72c8-f4a9-472b-8391-38f1154d06d6,NULL,NULL,1,1,300,29125,3.96411437,NULL,360
924c1e7e-f6cb-46ad-9075-c40967656f6a,NULL,NULL,1,1,501,29125,110.1620539,NULL,360
d7576a4e-83f1-42f1-88de-22a536afb3b4,NULL,NULL,1,1,500,29125,6.280801347,NULL,360
df5916a1-cee5-4add-85fd-810140c689b8,NULL,NULL,1,1,259,29125,148.4935573,NULL,360
9b75861f-7b04-4a2b-8cde-ae8ed7284165,NULL,NULL,1,1,500,29125,92.93451233,NULL,360
b6890433-2a85-45bd-82b9-a5bce228c617,NULL,NULL,1,1,400,2150,86.81816015,NULL,360
d531578d-e7e0-4ecd-b513-2d1835696b04,NULL,NULL,1,1,350,2150,0.609620442,NULL,360
711a2c8d-65bd-4601-8191-fa2ecc8a51d6,1,0,1,1,190,10687,0.236415077,NULL,360
eee2059a-d365-488c-a82d-3df31acbb99d,NULL,NULL,1,1,201,29125,115.6381675,NULL,360
7d0c63e8-6855-4ca1-ab86-99a1ce130391,NULL,NULL,1,1,234,2150,12.94656504,NULL,360
f3d3ad41-1fbe-4266-919b-259e4e5a82ba,NULL,NULL,1,1,350,7500,7.038619183,NULL,360
1b600c2b-8913-4c1a-b1d7-0aed8d8e7f4c,NULL,NULL,1,1,259,29125,353.1428045,NULL,360
2b8f15ed-98ef-4103-a2c0-c609605bc1b8,NULL,NULL,1,1,400,2150,10.03041024,NULL,360
661702bd-b783-4bb8-965c-fe2e954386f2,1,0,1,1,51,10687,87.45656779,NULL,360
f26deefe-8d04-4c75-aa1f-544ce41aa73d,NULL,NULL,1,1,400,2150,1.723205663,NULL,360
17a66d5c-a2c1-4e4a-ab99-f78a21227cd8,NULL,NULL,1,1,500,7500,3.98788604,NULL,360
31be5627-a8ab-4955-a7c1-2756dae1aef6,1,0,1,1,190,10687,2.252066767,NULL,360
bdc927d1-a0ea-45ec-9b9e-5a95375efe9e,NULL,NULL,1,1,400,2150,54.4116139,NULL,360
68eb4ac6-d52c-4490-9f64-67f3e9cb2950,NULL,NULL,1,1,500,29125,0.393254002,NULL,360
b001712e-7208-4009-b111-e41eec6eb681,NULL,NULL,1,1,234,2150,2.971501985,NULL,360
3b050fb4-bf97-4ac0-ae1e-3cb880b549ce,NULL,NULL,1,1,500,29125,16.1093725,NULL,360
8ebc81d0-34e9-4336-a09d-08dd1865cfb7,NULL,NULL,1,1,234,2150,15.9163891,NULL,360
a61f079c-0c73-4e0f-96a3-ca8eee54f26d,1,0,1,1,120,10687,7.15885514,NULL,360
873e49b6-e484-4e53-8736-f0bae549eba3,NULL,NULL,1,1,400,2150,66.48175912,NULL,360
5b5f115e-9aee-4d79-8bc7-86204a0a286a,NULL,NULL,1,1,1000,29125,0.947062615,NULL,360
b4bc3bdf-24e8-462d-81f9-4062d676c8eb,NULL,NULL,1,1,100,29125,223.7490022,NULL,360
81c19f71-5ad0-4068-9d3d-566e0954f4e0,1,0,1,1,37,10687,24.96343672,NULL,360
4f6ca8e5-8d56-4598-8456-54bb55f28f2d,NULL,NULL,1,1,100,29125,34.54437341,NULL,360
ecdec250-0d79-4877-bfbf-56655afb0186,NULL,NULL,1,1,250,29125,155.1506302,NULL,360
79c8aa3e-224c-428b-8224-5b96048f887b,NULL,NULL,1,1,200,29125,126.6637557,NULL,360
037dca84-ce6c-42d3-b2bc-698ba740e2c2,NULL,NULL,1,1,272,29125,78.31959757,NULL,360
db0963b0-0dd4-4e19-9b38-8851498bead8,NULL,NULL,1,1,259,147,54.04759855,NULL,360
b5549c30-1e97-40e3-8ea2-7573d088ed17,NULL,NULL,1,1,51,29125,12.47672045,NULL,360
c81dee23-5d6a-44cb-b9fb-ee038f04dc97,NULL,NULL,1,1,350,2150,23.71636032,NULL,360
607808ec-4b86-4e84-88bf-ddd764a95e45,NULL,NULL,1,1,8000,14572,2.582173042,00:00.0,360
313bd263-95dc-41b8-b415-e69aa532a111,NULL,NULL,1,1,300,29125,1.17513178,NULL,360
6a5596aa-216c-4eab-b630-c809d8b7a59c,NULL,NULL,1,1,200,29125,232.4512976,NULL,360
c14f58c8-ff58-483f-bc2f-e136138eb442,NULL,NULL,1,1,234,2150,8.86558955,NULL,360
4c8b78ff-a146-4f43-9a7a-4dfc6a8e16c7,1,0,1,1,43,10687,2.349722792,NULL,360
23c7d099-664c-4597-9c87-2ef46a50b97f,NULL,NULL,0,1,2000,29125,165.1924551,NULL,360
7a9b7c9c-1fd0-53ea-9446-367062a33784,NULL,NULL,1,1,400,29125,11.44734736,NULL,360
a1820907-8c84-4de4-b6a6-b45167ce0d4a,NULL,NULL,1,1,500,29125,67.35023964,NULL,360
d9cb2659-be31-4a57-9441-6e3ce06afb51,NULL,NULL,1,1,259,29125,91.4050847,NULL,360
b6e2e9ad-4bb9-41c2-9b72-e40c0a2ea0dc,NULL,NULL,1,1,1000,29125,2.020955417,NULL,360
eb8aabcb-2c31-4387-9e57-e0bf4f632670,NULL,NULL,1,1,500,29125,84.79032708,NULL,360
a7a066c1-5422-4541-8ec7-2b2431de3fe1,NULL,NULL,1,1,400,2150,38.45553558,NULL,360
863719a5-e600-4e51-b8fc-f9b7fe2ca976,1,0,1,1,200,10687,1.954493642,NULL,360
3b7ba92a-51a4-4047-a59b-a5c336c8385d,1,0,1,1,51,10687,33.9158248,NULL,360
de516690-0d56-40bc-a90c-b20e6054a493,NULL,NULL,1,1,100,29125,20.43275478,NULL,360
93a9b921-dd6c-43c7-9c92-60839470bd81,NULL,NULL,1,1,100,29125,28.32919158,NULL,360
4ca36d63-399e-4d6b-bd35-477ef420b4f9,1,1,0,1,500,9714,126.1494209,NULL,360
a0c36c70-b408-434b-8a5e-8cfb2317256a,NULL,NULL,1,1,350,2800,23.66498418,NULL,360
bc776df0-9ab3-4ee7-8347-c32700be273c,1,0,1,1,33,10687,1.85730669,NULL,360
5b196d23-7ee1-42f8-9bc8-18e87720df95,NULL,NULL,1,1,700,7500,14.55591254,NULL,360
1b309683-d36e-4677-92c8-9a48e5a7cc78,NULL,NULL,1,1,259,120,301.2986108,NULL,360
f2d8f2af-09c8-4597-a54a-fbade91bf825,NULL,NULL,1,1,400,2150,30.83408861,NULL,360
b1e3701d-1270-4346-9fb2-e40a62e1a69d,1,NULL,1,1,259,10687,78.46786538,NULL,360
f66275a6-dcf8-49a0-afc6-c8b6a6b45a7a,NULL,NULL,1,1,259,29125,14.65884353,NULL,360
6a216359-ffb3-4f85-aa3a-b590db86bc23,NULL,NULL,1,1,500,7800,1.532805298,NULL,360
f1bbcb79-b12a-4af7-9739-15038aacc3fe,1,0,1,1,51,10687,21.2006166,NULL,360
3f4a88ac-4f5a-440d-a1e2-88cbd46ef65b,NULL,NULL,1,1,400,2150,699.7382605,NULL,360
54cfd774-502b-47bf-8037-d2ecfd2180f9,NULL,NULL,1,1,400,2150,644.7891539,NULL,360
6a39b960-0dde-4b2b-8719-aa64f6e75c3e,NULL,NULL,1,1,234,2150,16.93219506,NULL,360
b53e644c-93f4-4218-8739-d764222b77e8,NULL,NULL,1,1,234,7800,12.76872543,NULL,360
53fbb219-2860-4958-8988-3b5058b46c1e,NULL,NULL,1,1,259,29125,0.868151502,NULL,360
24c646be-0556-4c89-b449-360f2a25527c,NULL,NULL,1,1,400,2150,177.7212539,NULL,360
7eccf150-6e6b-4502-a64d-a0cb95ad3b8e,1,0,1,1,10,0,11.36856361,00:00.0,360
e16d9d9a-0726-406b-834d-3fe3814a016f,NULL,NULL,1,1,259,29125,319.0908198,NULL,360
17cbeb8e-a276-429a-86a2-2310e8cfc7d6,NULL,NULL,1,1,234,2150,9.412370312,NULL,360
ba5c0469-fe96-4dca-aea7-f3c3f3a9ffae,NULL,NULL,1,1,350,2800,9.164030415,NULL,360
afa785af-00ea-45b7-b2ca-a6054a2ea5db,1,0,1,1,200,10687,3.460195283,NULL,360
d47832ca-ca2b-4703-b21b-84cc7bfdaaaf,NULL,NULL,1,1,234,7500,13.85161797,NULL,360
9044ad74-2910-45da-9ffe-702c67839227,NULL,NULL,1,1,500,29125,26.47262291,NULL,360
00b1e668-35fd-4614-af9b-1ee3ef14aa18,NULL,NULL,1,1,700,2800,22.86509895,NULL,360
4bb6251c-db61-4bf4-bc73-be7db3faf761,1,0,1,1,35,10687,13.68102657,NULL,360
c31a2460-20fe-4c79-a4e6-841a403d99a0,NULL,NULL,1,1,200,29125,9.12731347,NULL,360
fc098f74-6c6d-4456-8306-e1ee678aa9f7,NULL,NULL,1,1,259,29125,233.0638126,NULL,360
008168a6-2456-4a22-bc8b-b201a14807f1,NULL,NULL,1,1,234,2800,8.487333277,NULL,360
9a390884-49c0-4fb4-99c1-2a2371c10099,NULL,NULL,1,1,1999,29125,58.91166045,NULL,360
d2160f42-d394-471f-a41a-95894fa42ec7,NULL,NULL,1,1,1000,29125,661.2629543,NULL,360
1106EACE-E56F-452D-9CDB-C6306D66032D,1,0,1,1,1000,0,5.290205615,00:00.0,360
CAD72A3D-7A38-419A-9295-675FA899852D,1,0,1,1,200,10687,2.333099792,NULL,360
D52A83E8-9791-483A-AFBB-B3E67C5F9E0B,1,0,1,1,10,0,17.21048698,00:00.0,360
32A48DB8-4BB7-4D89-93E9-0B030BAC7730,1,0,1,1,51,10687,14.24679034,NULL,360
BED745C1-3730-4755-9DA0-120B4BF5FFAA,1,0,1,1,51,10687,11.2272582,NULL,360
A595B4DF-B52A-4AF2-9EB1-6EC3AF458EE0,1,0,1,1,180,10687,14.91999135,NULL,360
57BBE03E-E81A-4632-92DE-FF834AFC1DFD,1,0,1,1,27,10687,1.176373537,NULL,360
9E8C6490-6B4C-4CBD-860C-023E057F590C,1,0,1,1,27,10687,14.48219591,NULL,360
163A869E-6B4B-430E-9957-7CB1B9393575,1,0,1,1,1000,0,12.19907017,NULL,360
0A801C11-CCA2-486F-875B-A977899BE458,1,0,1,1,250,10687,1.60114304,NULL,360
3B158997-C3ED-4B77-B18E-BAF51A6F4ED8,1,0,1,1,50,10687,15.44743869,40:00.0,360
B78A63F0-8C6E-4F5A-9A7A-D0A561194E67,1,0,1,1,51,10687,40.86770254,NULL,360
2311C85A-1F7A-44D9-8794-E677E3C9ECE4,1,0,1,1,120,10687,1.976015693,NULL,360
A22DE3B8-B6FE-43C1-9C46-FDB20B0368E0,1,0,1,1,100,10687,4.612292573,NULL,360
D5EE7EB7-314A-4534-AFF0-00AECBA7E4D0,1,0,1,1,25,10687,13.36301787,NULL,360
23347DCD-78F8-4E63-AC91-09C67C9396D7,1,0,1,1,27,10687,75.29014076,NULL,360
04568E87-07ED-47DD-8482-1FFE35351DFD,1,0,1,1,2000,10687,3.775889407,00:00.0,360
3BC91D78-CC19-4F25-9B68-3470E277DB22,1,0,1,1,51,10687,21.07214385,NULL,360
B2DF2099-DD15-418B-9474-386E7A84BECB,1,0,1,1,100,10687,1.674200612,NULL,360
1A6FBEFD-E372-43FD-A435-391590D53FCF,1,0,0,1,1999,10687,0.395895693,00:00.0,360
A610836B-AEC2-4749-87A1-3A0662C5AE6D,1,0,1,1,500,10687,0.678393962,00:00.0,360
DA30129D-9D63-480A-B292-3F810B925277,1,0,1,1,150,10687,3.077853057,NULL,360
9783A03C-3768-444B-9E8C-425D8B789E1C,1,0,1,1,51,10687,0.613239378,NULL,360
FBFD7066-CFB2-4A3D-B110-4BEF2F953B79,1,0,1,1,180,10687,2.69713582,NULL,360
80C15CA1-468A-4E6C-945D-5761AB6AF045,1,0,1,1,210,10687,0.488927258,NULL,360
D3A640E9-BC3C-4F46-8E72-5A745A245918,1,0,1,1,31,10687,27.14402499,NULL,360
2BB4635F-FE12-40F3-A4F4-6353634BD890,1,0,1,1,300,10687,4.289798892,NULL,360
E5726CD3-A377-4C27-9DA9-64DFE4377164,1,0,1,1,31,10687,15.83727854,NULL,360
E8DEC526-30FF-4386-BF8B-6F23E4E0A0B6,1,0,1,1,250,10687,4.256729492,NULL,360
7E34E7D0-8D87-4094-A3EF-7CD1BF6C540B,1,0,1,1,259,0,1.0213374,00:00.0,360
50BA9C14-6079-42A1-B180-86245475C40C,1,0,1,1,25,10687,5.284917998,NULL,360
2B32E2DE-BB6B-46E8-98DC-88BB9B808CCF,1,0,1,1,250,10687,12.63886327,NULL,360
38CD1D1D-436F-4BE2-B0FC-955C01D731E9,1,0,1,1,11,10687,14.0702738,NULL,360
F2793126-E533-427B-A631-B6C52BFBA5EF,1,0,1,1,200,10687,14.51366287,NULL,360
E4248411-037B-4370-8A26-F1502EB14317,1,0,1,1,51,10687,40.20565808,NULL,360
AC580C8A-AAB7-46F3-BE69-01E19A0CB942,1,0,1,1,250,10687,1.433390007,NULL,360
CC413EA1-A8E0-4073-B2B2-059A3C1AF0CE,1,0,1,1,27,10687,29.50616104,NULL,360
68E2CF32-887B-4378-B949-146E4AB6602A,1,0,1,1,29,10687,2.098502105,NULL,360
F337A48F-B553-47B8-8666-1548F8900BA6,1,1,0,1,500,9714,1.591915973,NULL,360
4CA64F38-1A9F-4750-8ACE-171A6D5D36E1,1,0,1,1,240,10687,1.93690349,NULL,360
6B2EE2AA-E580-4F08-B3BD-186295A2F857,1,0,1,1,190,10687,0,NULL,360
780D6957-30F1-4CDD-9736-1B408E595CE2,1,0,1,1,600,10687,50.29139248,00:00.0,360
DE8B51E8-C052-4034-9B11-1D135479CA7E,1,0,1,1,170,10687,0,NULL,360
27386544-7F1C-407A-988A-1FF76D43D3C5,1,0,1,1,5000,10687,11.1682428,00:00.0,360
27386544-7F1C-407A-988A-1FF76D43D3C5,1,0,1,1,5000,10687,11.1682428,00:00.0,360
5B8FE30E-0A9D-481E-B9D2-27B46E318F64,1,0,1,1,1000,10687,4.352944795,00:00.0,360
F253C767-3000-41AA-BD8B-2A10909DD681,1,0,1,1,60,10687,8.20061551,NULL,360
00A13434-F38C-4F4B-9110-2AFEE757CFA4,1,0,1,1,250,10687,0.605834587,NULL,360
A01AC79A-6062-48EB-A0D7-2F0E9EC176A0,1,0,1,1,39,10687,0.250502213,NULL,360
3AEC047E-0B4F-4648-A2E2-315C4E0147DB,1,0,1,1,600,10687,11.84808235,00:00.0,360
3128CF8E-5EB9-4C67-BA42-325F8B6C2F20,1,0,1,1,250,10687,1.410528458,NULL,360
D60E4B43-85D9-4737-B030-3CAF596EB176,1,0,1,1,4000,0,3.122284823,00:00.0,360
209D3394-446C-41C1-BA98-3CC44B88072C,1,0,1,1,190,10687,4.911221285,NULL,360
E9FCA81A-BF25-45AC-A194-3DBA42A6952B,1,0,1,0,1000,10687,29.36154023,10:00.0,360
4333119E-FCDD-4D4C-AA34-4B5C921AD99A,1,0,1,1,51,10687,9.239751735,NULL,360
C11B1739-2231-4039-9547-503C4FA27CAD,1,0,1,1,51,10687,149.1868948,NULL,360
6B78428D-21CD-4224-89A9-5A371A574C41,1,0,1,1,17,10687,27.62177044,NULL,360
F5458CA4-57D9-48AD-A6AF-6259CE5570CB,1,1,0,1,500,9714,56.63596796,NULL,360
A721151B-2BB9-4011-8DB7-6886634B1A09,1,0,1,1,170,10687,0,NULL,360
CD3BF772-A0A4-4B43-BBF6-6AD6549F1040,1,0,1,1,15,10687,16.3787988,NULL,360
AAF59FEE-CB99-4E26-8B1E-6BBFA6CF9BE6,1,0,1,1,190,10687,0.950717667,NULL,360
5E7F8857-32F6-401D-8086-7330DF6A87C5,1,0,1,1,250,10687,0.781396907,NULL,360
093C3309-39CC-406C-B62D-742EBEEB2895,1,0,1,1,51,10687,28.96084149,NULL,360
0C523F67-BDE1-4FE2-BB53-83D62667C204,1,0,1,1,180,10687,0.359707967,NULL,360
F14C2BEC-7EDC-4B63-8BB6-84B164600F54,1,0,1,1,210,10687,0.088241025,NULL,360
E1F94797-0B18-4F42-B0BD-89FE2CD32E57,1,0,1,1,43,10687,16.8151601,NULL,360
0B2314D7-6E82-4F09-97D1-8B2294D75145,1,0,1,1,1297,10687,0.280835305,00:00.0,360
A80EC2E0-3DA2-4206-9002-8C769258CFD7,1,0,1,1,21,10687,0.80354706,NULL,360
07163913-E2E5-4EB8-9C36-91C520ED55CE,1,0,1,1,170,10687,0.325019615,NULL,360
AF73B07A-5436-4DC5-AB86-A247F57A2C91,1,0,1,1,37,10687,34.0154831,NULL,360
8FAACB9F-AD4D-478F-9578-A6C5B702AA15,1,0,1,1,51,10687,67.43442465,NULL,360
2F4C8AA5-191C-421C-9D16-A789867426B0,1,0,1,1,51,10687,4.311164422,NULL,360
FDD99382-A66C-4126-B1AA-A87B94743821,2,0,1,1,1000,29125,0,00:00.0,360
0B7FBE6E-1112-43CC-95E5-A8D3AB8F7C6C,1,0,1,1,17,10687,18.56206236,NULL,360
75B67EFF-BF07-44E2-8ECF-AC5045F90233,1,0,1,1,180,10687,0.233581067,NULL,360
584BB70F-3FF1-4133-A13A-B734C3F98FEA,1,NULL,1,1,272,10687,0.818917395,NULL,360
7DFC0B74-C6D8-4594-88C2-CBEA9EE3D4B6,1,0,1,1,43,10687,2.038136137,NULL,360
066C652A-FB8C-49A5-9191-CCD9741B0EE4,1,0,1,1,51,10687,50.17004339,NULL,360
ECE6642A-23D6-4954-90E9-D274D252B54D,1,0,1,1,1000,0,0.525666728,00:00.0,360
44716942-1A7C-45D6-963A-DA0E7E8E7C7F,1,0,1,1,200,10687,7.765944893,NULL,360
2280EBF4-E827-4296-96FC-E396956361B9,1,0,1,1,51,10687,14.80832515,NULL,360
538A91D9-ECB7-49D2-A220-E505ADE3FAEC,1,0,1,1,51,10687,8.550279507,NULL,360
F302A974-804B-4B1A-BE61-EBD17AAB9690,1,0,1,1,200,10687,1.965279422,NULL,360
23DD96E5-B951-4620-97A8-F3BAE86F6D28,1,0,1,1,33,10687,33.28262037,NULL,360
07D1C834-D838-4EAF-828F-FD172B9B19DB,1,0,1,1,170,10687,3.655548757,NULL,360
34DE517E-D579-4FA1-8A17-FF032945A992,1,0,1,1,1297,10687,0.895009838,00:00.0,360
DEE3B4CC-5FDF-43A5-9F87-007BD3AB4F18,1,0,1,1,37,10687,34.66130168,NULL,360
0904C796-EF80-4473-8020-06607152C8E8,1,0,1,1,600,10687,58.79195559,00:00.0,360
2545971C-093D-45FF-ABBE-0673553420A7,1,0,1,1,170,10687,49.64946775,NULL,360
E0E22364-37F6-4002-A8F8-079BF644C825,1,0,1,1,51,10687,41.34378155,NULL,360
FA457D44-6B01-464D-8E0C-083537CAEFDC,1,0,1,1,23,10687,10.63087674,NULL,360
E27EA6BD-407A-4DFD-9AFB-0F4370540EC9,1,0,1,1,800,10687,0.089111847,40:00.0,360
3A660A83-13A1-4BA9-A30B-118A3080F0ED,1,0,1,1,250,10687,0.769275747,NULL,360
95D31BC7-84FF-4EC9-B708-161A1AE4D574,1,0,1,1,180,10687,0,NULL,360
0F24FF86-B150-4747-B190-16E5D5F96EA7,1,0,1,1,19,10687,52.28023982,NULL,360
1CDDBE09-E94C-4330-9B68-18F63D7EBB1A,1,0,1,1,200,10687,0.885238322,NULL,360
002714C0-7BCE-4B9C-A7D3-1D46BF3B7839,1,0,1,1,200,10687,0.945230465,NULL,360
B0EEBD78-29E6-4D95-97D2-1F784CF2F2A5,1,0,1,1,170,10687,3.43567043,NULL,360
3973121B-8AEB-48B5-84DC-2338753F9A56,1,0,1,1,51,10687,19.8393324,NULL,360
A3009BEC-B219-49B5-BD13-2F245CD02ED9,1,0,1,1,51,10687,5.090093863,NULL,360
55CDED43-7C45-495C-94C3-345582B0E5D9,1,0,1,1,51,10687,10.78353711,NULL,360
447D4BA2-FEA6-4E84-8DFE-435CC5B28DFC,1,0,1,1,180,10687,0.345677418,NULL,360
721E6EA1-72B3-4274-9556-4ABAD07361E9,1,0,1,1,250,10687,8.104886808,NULL,360
04C817DD-11B2-4869-B48A-4B7EE7E24256,1,0,1,1,210,10687,2.981897233,NULL,360
94A8DB7B-9E5C-4FAF-B15E-541567D71F8B,1,0,1,1,200,10687,5.447579673,NULL,360
032E9F58-3B02-4748-9CD2-5702D923244F,1,0,1,1,200,10687,1.814434775,NULL,360
24955AE1-EDEA-4FC5-A99D-5921641C476A,1,0,1,1,200,10687,6.862963527,NULL,360
48FF5265-EFBB-468C-9B8A-5A0DBEC0F4F5,1,0,1,1,51,10687,18.57875976,NULL,360
58635832-5C4E-43FF-99E8-60A13397B424,1,0,1,1,250,10687,23.19896395,NULL,360
8432EE5E-8FC7-4619-BDF9-62AAB7AABBEC,1,0,1,1,200,10687,21.79652002,NULL,360
D6F39C76-895C-44CB-96F2-6425207DC764,1,0,1,1,41,10687,46.81003209,NULL,360
88F0EDEA-5C15-4900-8343-69069A70D704,1,0,1,1,170,10687,13.61729588,NULL,360
41B6B10C-E7C3-40B6-B347-69C7176F6AE4,1,0,1,1,25,10687,25.22720727,NULL,360
4AAD7315-1499-4A24-A24C-6D3F70E18A05,1,0,1,1,180,10687,0.526609483,NULL,360
C81452DE-B5C3-459E-A1AD-6EE9F2839E01,1,0,1,1,51,10687,23.1169214,NULL,360
BD1E1F68-8F79-4FCB-A803-71F397E80ABA,1,0,1,1,180,10687,6.092480315,NULL,360
294B15AF-321B-4522-8B02-72D86D1D4F1E,1,0,1,1,190,10687,3.483373603,NULL,360
F46FF80E-C473-4144-9041-768102E4B546,2,0,1,1,1000,29125,90.11964329,00:00.0,360
C3B9A10C-840A-4E71-A53C-77C3A9A8F0CC,1,0,1,1,31,10687,19.4957786,NULL,360
6D31E87E-D6EC-4A4B-B8DC-7B704FC8CA7B,1,0,1,1,51,10687,10.68073202,NULL,360
E4E89F30-9B6C-4EED-BB70-7E0F7D03162E,1,0,1,1,90,10687,6.469605037,NULL,360
ADEB956B-0F26-4D50-9EE1-7E8FD367D7AB,1,0,1,1,41,10687,18.5746051,NULL,360
49186098-031B-447D-AB17-854DB690D374,1,0,1,1,200,10687,5.28536787,NULL,360
01F4732B-F5D4-472F-B0D5-85617F3D3AD4,1,0,1,1,43,10687,14.95727448,NULL,360
9D042412-F376-4AD8-9A53-8A1C3549C836,2,0,1,1,1000,29125,0.171668228,00:00.0,360
4D465281-4F1C-4D3D-91F3-A0B955350365,1,0,1,1,30,10687,1.875628805,NULL,360
EC29DDA5-F655-4F3D-BE2D-A1BA9D67B34A,1,0,1,1,5000,10687,0,00:00.0,360
CB65CF33-51F3-4883-B387-A24EB53913C5,1,0,1,1,250,10687,9.694259168,NULL,360
C634E094-7528-443D-9A0A-A26DEB308EFC,1,0,1,1,30,10687,12.80898916,NULL,360
AA0F7125-67CE-4D4F-B6F4-A4F4D6506367,1,0,1,1,272,10687,4.261450725,00:00.0,360
D12796E3-5CC5-4A91-82C8-A74C11896189,1,0,1,1,51,10687,2.997493653,NULL,360
0CFB20B3-1C5B-459C-82E8-A76DA09CA3E6,1,0,1,1,200,10687,7.529508183,NULL,360
F21BF5A1-300C-4D99-9079-AAAD7948041C,1,0,1,1,31,10687,7.076281847,NULL,360
9DB16FD0-6277-4224-BB89-AB71E2D99733,1,0,1,1,51,10687,20.58995498,NULL,360
14FD3F80-63AD-4369-9E76-ABB42D2B804D,1,0,1,1,41,10687,36.75141411,NULL,360
1FE9AAEF-F76C-4E43-ACD0-AD2A08CA1A36,1,0,1,1,43,10687,0.256254603,NULL,360
17771D81-F40A-4423-965F-AE21707E1D8F,1,0,1,1,35,10687,40.3962133,NULL,360
012E2894-B485-481A-A9C1-B5358697656C,1,0,1,1,90,10687,2.182130648,NULL,360
CE66530E-054E-4206-AF7D-B5F18F3AD15E,1,0,1,1,200,10687,7.409635397,NULL,360
5E76901F-C0B4-4060-85A3-B762F1B21540,1,0,1,1,190,10687,32.31366257,NULL,360
626D6260-47AE-4B03-8343-B892A0EA15DF,1,0,1,1,250,10687,8.422754582,NULL,360
BCD271D9-9535-4AEA-A172-B8AA7C5D4AC3,1,0,1,1,200,10687,0.174756808,NULL,360
323B0602-369F-422D-A5D9-BC56CA7D5C5D,1,0,1,1,35,10687,1.82348245,NULL,360
7C47D19F-E09B-4B89-A81A-BCAB8035278C,1,0,1,1,200,10687,8.157527507,NULL,360
57B39860-18FF-436B-863D-BD2543A3C3E6,1,0,1,1,37,10687,13.31707879,NULL,360
B025A4AA-CDDB-4F64-BA40-BF8AA6C57A5B,1,0,1,1,180,10687,10.68776987,NULL,360
E64ECECC-D93D-4BCA-9239-C00CA9B843A2,1,0,1,1,190,10687,1.015339522,NULL,360
2995F278-DDA3-44F0-9304-C4128C63D453,1,0,1,1,600,10687,1.970412,00:00.0,360
C73CA080-940C-4FB4-9898-C915F30FFE9F,1,0,1,1,200,10687,7.708412158,NULL,360
BAE6A102-C1C0-4E2E-8CE2-CA41BA68664B,1,0,1,1,50,10687,0.386083998,40:00.0,360
59808E5F-F514-43D9-A056-CB8276241457,1,1,0,1,500,9714,48.68617067,NULL,360
CEE21670-CCE6-4B61-B8EA-CD8F769E937F,1,0,1,1,200,10687,1.137687145,NULL,360
306C8981-3590-4AE3-923D-D02003061CE0,1,0,1,1,1000,10687,2.367433372,00:00.0,360
93D23C5F-5538-422A-AFF1-D1D899AE1A17,1,0,1,1,200,10687,0.682242267,NULL,360
34A5891B-EEDF-4B56-B71F-D49A2B42C9C6,1,0,1,1,100,0,0.312572612,00:00.0,360
E2DE22C7-F5A6-47C3-8E33-D8445CCCAA1E,1,0,1,1,110,10687,4.614191865,NULL,360
BE6D20E1-3457-452A-8355-D95DE21D57E9,1,0,1,0,2000,10687,5.19363099,00:00.0,360
85CD22F4-A029-416A-888F-DB33DC6E2852,1,0,1,1,51,10687,33.79407618,NULL,360
FCE600B8-40AE-4DAD-940C-E22CA7B3DFAA,1,0,1,1,51,10687,14.26163836,NULL,360
A2509216-893D-41AA-A07E-E4BAB1D0C4FC,1,0,1,1,41,10687,8.607595867,NULL,360
239C56BC-F441-4638-9C71-E5D7A6B2F792,1,0,1,1,1000,0,4.212609125,00:00.0,360
1313CB44-47B4-420A-9EDF-E8B530D4A6AD,1,0,1,1,190,10687,5.495010702,NULL,360
F4AA817D-0F00-4AE4-91BA-EB5A3FDC9A7A,1,0,1,1,31,10687,10.18740941,NULL,360
1689A853-7AAF-4B1A-B917-F1A9A9335C9B,1,0,1,1,31,10687,19.4175777,NULL,360
0BB628D1-343E-494E-9715-FA3DF08EB99C,1,0,1,1,51,10687,4.934738303,NULL,360
10374A81-7C4B-4B0F-990D-FA8AB0FC8FDC,1,0,1,1,150,10687,10.18052517,NULL,360
867EFDA7-2174-4168-BE18-FDD0591FAA29,1,0,1,1,51,10687,3.631155705,NULL,360
C2D2E18C-3C7B-49C0-BC88-FECCF2055555,1,0,1,1,180,10687,50.04763443,NULL,360
0ED2DE0A-99DB-4792-84AF-004940421007,1,0,1,1,23,10687,12.66131468,NULL,360
54A38F92-90B9-40E8-9F73-010410470F54,1,0,1,1,500,10687,4.848096418,00:00.0,360
35882CF2-0BB7-42FC-A2EC-01E48CE7C419,1,0,1,1,210,10687,47.60498682,NULL,360
161280B3-03B3-4FA9-9C09-02DECA36997C,1,0,1,1,250,10687,5.649467497,NULL,360
2A673EB3-EC2D-4FDB-ABF1-0327F8EC1F8E,1,0,1,1,250,10687,7.829638945,NULL,360
4C5B4C1C-CD58-42DB-8CED-03758E52A437,1,0,1,1,160,10687,1.201228805,NULL,360
7BC3B5ED-0883-4CBE-B4DA-065B5D333DCB,1,0,1,1,27,10687,1.280875275,NULL,360
72AF18EA-E5ED-49CD-B505-081EF63C18CF,1,0,1,1,240,10687,0.066369637,NULL,360
2F6A2BBF-B2AD-4647-808C-087AA734B78F,1,0,1,1,200,10687,13.93912217,NULL,360
69995652-924B-4AC9-9EEF-088E2DF6486C,1,0,1,1,51,10687,13.67094257,NULL,360
A9A2632E-A263-48DD-9C41-089A6A0A9DFF,1,0,1,1,200,10687,3.288492112,00:00.0,360
774C3964-2DF5-4021-89DC-093686B4650A,1,1,0,1,500,9714,1.173779997,NULL,360
4EC3D2D6-DE9A-415E-878E-09B2C515BCD3,1,0,1,1,51,10687,1.224239048,NULL,360
D8ABCDA1-1CF9-497D-90AB-0EA0A2D5F2CA,1,0,1,1,41,10687,7.558478863,NULL,360
61B2549C-CF63-4825-A60C-12BC664E00AC,1,0,1,1,51,10687,30.79812836,NULL,360
38F9F3A2-FC1F-4EBE-9456-1585988A3EF6,1,0,1,1,500,10687,0.178178677,00:00.0,360
B2F26E12-B3F1-4241-A506-1589CE7AFFA7,1,0,1,1,180,10687,9.759155717,NULL,360
482A92E8-6C32-4EBA-897D-167B56713117,1,0,1,1,31,10687,2.246101765,NULL,360
EE1D1DEC-A329-4840-8562-169E78D90C32,1,0,1,1,600,10687,22.35490915,00:00.0,360
C72EA1EE-FEAB-4AF7-877A-1C70D37AC5EB,1,0,1,1,190,10687,3.11370745,NULL,360
24888141-2418-43A9-BA21-1D0C08ADAB81,1,0,1,1,500,10687,15.87621984,00:00.0,360
A9BF1778-5516-4023-830B-1DAAF3CB3F4C,1,0,1,1,51,10687,7.607118777,NULL,360
19C9FF72-5B57-41E1-A6C1-1FC98B45D46E,1,0,1,1,51,10687,21.11796243,NULL,360
36ED01AD-44E7-48F0-A97E-207A950F0556,1,0,1,1,50,10687,1.041633168,40:00.0,360
E276FC0C-F41D-40FD-9BAD-216109C14C8C,1,0,1,1,35,10687,4.006423562,NULL,360
20BCC434-07CF-490B-A5D5-23A04B31E914,1,0,1,1,51,10687,13.83655672,NULL,360
705D81D3-E9B8-4021-9189-23B7F0AE398B,1,0,1,1,300,10687,0.433169708,NULL,360
57655F26-BB16-4591-8B38-26204A26334B,1,0,1,1,200,10687,2.387027547,00:00.0,360
846A958E-C76C-4420-97E9-26567A62263A,1,0,1,1,39,10687,25.75734434,NULL,360
0871CE0F-658C-44EF-9397-268FCB50FD0C,1,0,1,1,51,10687,120.4246091,NULL,360
8E9E544F-0128-49ED-9D49-27D307DABE9B,1,0,1,1,110,10687,11.03150594,NULL,360
CD001B75-A576-493B-8D58-2847F53BBF0B,1,0,1,1,200,10687,7.309296622,NULL,360
583807AB-FC34-4285-9755-292953D083E2,2,0,1,1,1000,29125,64.6379577,00:00.0,360
AE17EF9B-7586-4933-9D18-2C250F5A2CE2,1,0,1,1,50,10687,3.157264622,NULL,360
194E68FB-4EEA-4469-A324-2C323CD00617,1,0,1,1,41,10687,59.39854211,NULL,360
0646D304-E9FA-4E19-ADEF-2C3E25996FB3,1,0,1,1,25,10687,4.810386907,NULL,360
B89526C1-33D7-447C-A442-2CF6BAF51890,1,0,1,1,200,10687,10.62458041,NULL,360
412FE6B1-C0EE-4D70-97E9-2D86B18DCF43,1,0,1,1,41,10687,26.64448029,NULL,360
FA946033-D799-46D9-9755-2F7AF6D37D90,1,0,1,1,50,10687,105.3221451,40:00.0,360
75173036-0914-4DE2-BC99-33608480E5E9,1,0,1,1,35,10687,16.45588525,NULL,360
6ACF19A8-5C6A-4BE6-95ED-338DB8C97505,1,0,1,1,33,10687,75.81075801,NULL,360
542CD261-9D24-43FF-818C-37F416D540A7,2,0,1,1,1000,29125,14.38328674,00:00.0,360
4994BCA1-9BA7-48C4-BBFD-386D494D9871,1,0,1,1,180,10687,2.542366618,NULL,360
D59BA408-F680-4A17-A83A-386EA7BD4ADD,1,0,1,0,2000,10687,5.411678687,00:00.0,360
456457A2-F7B8-41ED-BC71-3AF8F6E48832,1,0,1,1,33,10687,93.51539741,NULL,360
DFF16962-77F5-467E-A95E-3B417AD42B10,1,0,1,1,51,10687,13.0969161,NULL,360
F76B042D-3626-431D-A7EB-3B605E4311FD,1,0,1,1,190,10687,1.415464373,NULL,360
3BC9741E-29B4-4CB2-B2EF-3CDECEA6FF1F,1,0,1,1,250,10687,2.495196388,NULL,360
D3522973-6EBF-4BE0-9994-3DBFD63B7CB5,1,0,1,1,150,10687,9.805919595,NULL,360
440FD89F-F62F-42A3-8C4C-457FF2E5FB27,1,0,1,1,200,10687,8.745576823,NULL,360
983E8F2C-5613-42B0-B03E-4592515DCF9E,1,0,1,1,51,10687,0.439100075,NULL,360
77833503-EE76-4AE0-BF0E-484B445B47BE,1,0,1,1,35,10687,56.22021706,NULL,360
17272502-CE9B-4647-8E8C-48AC7B9C8F8D,1,0,1,1,200,10687,0.490569592,NULL,360
84BC62A0-9D1A-423B-A842-4A8B5F9AECD5,1,0,1,1,51,10687,9.915534243,NULL,360
EE843952-FB65-41A2-BDEB-4B1BA8BCE012,1,0,1,1,43,10687,104.3703454,NULL,360
F877A0F3-0553-4CBB-9C65-506A09B87991,1,1,0,1,500,9714,0.70898041,NULL,360
94A8DB7B-9E5C-4FAF-B15E-541567D71F8B,1,0,1,1,200,10687,10.45122019,NULL,360
28B844C2-50E0-4A51-B859-541C50C457EB,1,0,1,1,51,10687,18.57927494,NULL,360
1911004D-8B5E-40A8-B419-54AC3B886248,2,0,1,1,1000,29125,144.1298264,00:00.0,360
756566A5-DDB3-4D19-A447-5573421F1279,1,0,1,1,250,10687,8.559996913,NULL,360
31F4EA1A-0D53-476B-8670-56413A22711A,1,0,1,1,180,10687,0.811475628,NULL,360
C861FAC3-EBC7-475F-AB15-5823FA49F0DA,1,0,1,1,600,10687,19.00199408,00:00.0,360
AC4D8C7E-C8C4-46EA-A292-5941AD8A3AEA,1,0,1,1,250,10687,0.429635163,NULL,360
789055CA-A0ED-470B-902F-5C1F2EBEB587,1,0,1,1,37,10687,5.48335902,NULL,360
1E76484C-F2F6-4C25-8DB4-5F1E74BB3EBC,1,0,1,1,200,10687,10.54554959,NULL,360
FCB90D7D-DB2A-4D74-A3D1-5FE9262C0731,1,0,1,1,49,10687,35.84566985,NULL,360
9717441E-0F41-43F6-A1AE-61DF4FB62AA9,1,0,1,1,210,10687,1.805456693,NULL,360
29CA9EBB-17C5-4CB0-A54D-63746F66FE8E,1,1,0,1,500,9714,423.02986,NULL,360
E5EDB680-113D-40FF-9D41-63C00D5F5175,1,0,1,1,200,10687,4.955262695,NULL,360
22C91126-AB1C-4F30-B9B0-63DD67BC88D9,1,0,1,1,31,10687,18.02995246,NULL,360
2179E2AA-1B7C-4399-B64E-6456F1B3CE0D,1,0,1,1,200,10687,13.36271249,NULL,360
B167DF62-7610-43E1-8D5B-6681A466C845,1,1,0,1,500,9714,0.92275837,NULL,360
CD4B244A-44C7-423C-91AA-68085ED3374E,1,0,1,1,100,0,0.701319175,NULL,360
F85047EA-EA4B-4070-AB3E-6886E04E201E,1,0,1,1,1297,10687,18.43331937,00:00.0,360
8202A471-B51B-4FC8-B8E7-6A2A770AF2A7,1,0,1,1,1000,0,3.52744425,00:00.0,360
EA0211EF-869F-41F4-A81A-6D9E55012DA7,1,0,1,1,35,10687,5.771705758,NULL,360
B7C1C14B-81DB-4DE0-B674-6E4B2D0CF48F,1,0,1,1,51,10687,7.84802876,NULL,360
FFE9D0BE-628D-4307-A6AB-6E82EABC63FD,1,0,1,1,51,10687,20.71947566,NULL,360
91BB05D8-BA08-4B4E-8CDE-6E9766D51148,1,0,1,1,200,10687,0.24868058,NULL,360
71E028F3-81DB-4E1D-8012-6FA5A97B42BC,1,0,1,1,51,10687,12.6069611,NULL,360
E30F8B51-F983-4AB6-B109-6FBB92078366,1,0,1,1,39,10687,18.91546258,NULL,360
AB63DAB9-54EA-4D54-AE2C-779467EF9C25,1,0,1,1,43,10687,24.75837313,NULL,360
4482ECA9-4101-47BE-BE46-79950A455702,1,0,1,1,120,10687,14.49139066,NULL,360
7994F333-9B2C-4F84-952D-79AB4E952D0C,1,0,1,1,50,10687,2.65727409,NULL,360
19BCEF9A-39EF-4A5C-8218-7FCBF0DEC47B,1,0,1,1,130,10687,0.909158332,NULL,360
AE7346FE-CE76-46CB-A821-807E9B2E8F19,1,0,1,1,31,10687,15.86451846,NULL,360
87EABE85-BF20-4F4E-98DB-832CF2B53081,1,0,1,1,39,10687,54.51838549,NULL,360
FE7A24ED-5CA1-445C-A591-84939D367B13,1,0,1,1,180,10687,0.6577834,NULL,360
0CE2FCFE-7548-479D-9E90-858CCD5F059A,1,0,1,1,190,10687,1.099099362,NULL,360
8546D111-69AC-47AE-839D-858E66331C68,1,0,1,1,300,10687,0.637922528,NULL,360
0D2DAB61-7316-4D8C-8598-87AD7453758E,1,0,1,1,1000,0,2.183803655,00:00.0,360
204E5A2D-2E4F-4417-926C-87F30331219C,1,0,1,1,200,10687,28.59336469,NULL,360
7346EC3B-0EC9-4A01-BDE9-880BDD528619,1,0,1,1,39,10687,33.17883337,NULL,360
7346EC3B-0EC9-4A01-BDE9-880BDD528619,1,0,1,1,39,10687,12.17487235,NULL,360
10F38781-5E2E-475C-BF90-8A691C5F2B55,1,0,1,1,51,10687,55.45803896,NULL,360
2008AD51-F6DB-48C3-9D89-8CC90EE355E9,1,0,1,1,210,10687,27.37359865,NULL,360
132D84DB-7A9E-434A-B2B9-8DA3A14BD171,1,0,1,1,51,10687,23.05722233,NULL,360
FB03A3C9-6E40-44B2-9461-9051AE4741D6,1,0,1,1,250,10687,0.425754773,NULL,360
85D0BC70-47CB-4D71-95C1-9089AC723F18,1,0,1,1,190,10687,2.41545602,NULL,360
010A3465-F1A0-40C8-9418-91304AFCBB1F,1,0,1,1,51,10687,16.02799492,NULL,360
9AB2ADF6-C091-4E2F-82F7-913F72024101,1,0,1,1,1000,10687,82.33618414,00:00.0,360
A1A9C940-29D8-4C2D-B152-9564B0E65A12,1,0,1,1,51,10687,6.718093872,NULL,360
42BF4631-EDDA-48D7-AD70-95E1DE3C9316,1,0,1,1,180,10687,1.580023575,NULL,360
AD279F9C-D01C-4DFA-8455-97F777F23C7B,1,0,1,1,50,10687,0.720386565,NULL,360
B538300E-50B0-4A21-8F30-98AD135D8BEA,1,1,0,1,500,9714,11.45223111,NULL,360
A4438FC5-DF3C-41B7-91B0-99499169ED05,1,0,1,1,150,10687,11.14698146,NULL,360
19EB04DF-321B-486D-8E20-99663614F849,1,1,0,1,500,9714,136.1564773,NULL,360
83BB5AF1-132F-400D-9D02-9AE0C079B672,1,0,1,1,1297,10687,15.61182544,00:00.0,360
F038B3F7-6417-4272-9AA1-9AF06821FA8E,1,0,1,1,210,10687,1.821015562,NULL,360
6E60D2B3-7881-4C2B-BFDA-9D79CA366A58,1,0,1,1,37,10687,11.06242965,NULL,360
9E1881BB-FEC8-4734-B224-9DD9AACDDF19,1,0,1,1,130,10687,7.489137225,NULL,360
EFCCA3BE-B6AB-4D00-92C1-9EECBC7C152B,1,0,1,1,35,10687,42.15007604,NULL,360
03706561-05E3-4A39-8059-A08A04286274,1,0,1,1,180,10687,14.15417308,NULL,360
06786479-051D-438E-8182-A3E7A0A7ED2E,1,0,1,1,400,10687,5.18976009,NULL,360
07BC4263-47AD-4D8C-8761-A4F159516BD5,1,0,1,1,13,10687,41.44086161,NULL,360
D2C8ED00-BD29-4080-BF1E-A809FE31F7AB,1,0,1,1,170,10687,10.26050946,NULL,360
9DDC82B8-2418-41B8-8C95-A8DC081B4976,1,0,1,1,43,10687,0.274120812,NULL,360
ADEF25D6-2472-403D-98A6-AA545C139D04,1,0,1,1,500,10687,3.490426512,00:00.0,360
8CBBD497-0D5C-4B77-93CF-ACFE37936F18,1,1,0,1,500,9714,88.8407512,NULL,360
1B83C3FF-AD44-46F8-98A1-AEC1CE66F2AB,1,0,1,1,43,10687,27.94082309,NULL,360
360F6175-3920-4E29-93BF-B000FE11D9F8,1,0,1,1,170,10687,1.058263112,NULL,360
72720660-FD3E-4175-B6A4-B1A0F6150DAA,1,0,1,1,190,10687,52.08204345,NULL,360
DDC23E3B-DC10-4FBE-823B-B28BEB91973D,1,NULL,1,1,259,10687,20.07065709,NULL,360
9E6CA0F3-E569-4E6C-BE7F-B2D6D5F59208,1,0,1,1,170,10687,1.652085117,NULL,360
FB71C1A9-7819-43CF-BE8F-467FF1FBD37D,1,0,1,0,2000,10687,0.230020643,00:00.0,360
C0E53254-5E08-41BE-ABC9-89833285C461,NULL,NULL,1,1,8000,14572,36.26486131,00:00.0,360
D13C0CAB-BCED-445E-B123-1ABB952B0FBD,NULL,NULL,1,1,600,29125,434.055659,20:00.0,360
680B16BE-674A-4371-92B5-D571D1AA8773,NULL,NULL,1,1,5400,14572,227.5415255,00:00.0,360
7FA9792B-27F3-43E2-A707-09F1D0375B33,0,10,1,1,1200,7500,5.735756582,00:00.0,360
6552D1B4-2F67-4F67-9E33-3FB2C96CAB37,1,0,1,1,1297,10687,13.57665389,00:00.0,360
02D29AE9-2D88-4AE8-A0DD-63899EEC9E00,NULL,NULL,1,1,8000,14572,45.15623824,00:00.0,360
55E66CBA-C1E5-4B65-8DD0-92A8CC2D2BB3,1,0,1,1,1000,0,5.523672042,00:00.0,360
466E1340-CEFD-48A9-A161-9D6B85E4272C,1,0,1,1,500,10687,0.180110697,00:00.0,360
0DB1F7FE-5F0D-416F-8BD3-A3F20F4C17FD,NULL,NULL,1,1,4000,14572,197.2979695,00:00.0,360
6D895602-18CB-4B41-9E3F-DA0AEFD72B9E,1,0,1,0,2000,10687,1.723648713,00:00.0,360
34371B80-4F67-4328-8C15-E2EBCD84B0E7,NULL,NULL,1,1,1500,14572,0.461457055,00:00.0,360
8E045884-F086-4AD3-BDB0-2FA02B05B09B,1,0,1,1,1297,10687,2.398513343,00:00.0,360
4C97AB62-3332-45C9-BB7C-3085B614B136,NULL,NULL,1,1,600,29125,0.074138225,20:00.0,360
19FA13DD-B46A-4185-A420-33538D61AE53,2,0,1,1,1000,29125,37.35835464,00:00.0,360
EA0FEE0B-E96E-44B1-A544-48EE19AFD496,1,0,1,1,824,0,4.74577929,00:00.0,360
77FDC7C7-581E-4AAD-B7CA-567B0375B00F,NULL,NULL,1,1,600,29125,19.8726187,20:00.0,360
BB09D25D-20BA-4925-8B7D-636C2E314511,1,0,1,0,2000,10687,35.61837419,00:00.0,360
C917C97E-C57B-4E5E-8530-66245F63A4A3,NULL,NULL,1,1,8000,14572,3.712171313,00:00.0,360
45D509A0-2614-4215-973C-7E2FDA904D67,1,0,1,1,400,10687,0.256776617,00:00.0,360
FE299824-03A1-40C3-AAEC-81082180B9F2,1,0,1,0,1001,415,0.735599492,00:00.0,360
74412D86-0176-48D9-835D-81B3E3213E41,NULL,NULL,1,1,1500,14572,97.29196566,00:00.0,360
5CF2466C-D9F7-4ABC-837F-81FCEF8EF20E,1,0,1,0,2000,10687,22.93435346,00:00.0,360
0F727690-6BA1-4B3F-89F7-8F834C4148AF,NULL,NULL,1,1,5000,14572,36.20652086,00:00.0,360
1E97F6DE-E62C-41DB-BDED-9F6C2B7E59FD,NULL,NULL,1,1,1500,14572,60.68353673,00:00.0,360
F56E2A0D-33D5-4525-9168-B3D728C74DFE,1,0,1,1,1000,3984,1.793247045,00:00.0,360
A9965847-A235-43D7-BD3D-B5E13D0C523A,1,0,1,1,1297,10687,26.44316778,00:00.0,360
CA093ED7-3F7E-4832-BBE4-DBAB33C7C980,NULL,NULL,1,1,5400,14572,18.89121119,00:00.0,360
314D1287-ABFE-45E0-AC4F-FA38D8482844,1,0,1,1,30,10687,0.851075735,40:00.0,360
5A9A1FB0-2E6F-434C-B76F-FC67D1BABB40,NULL,NULL,1,1,8000,14572,10.33179249,00:00.0,360
ADFF0074-EBB5-47C7-AB09-013E28B7427C,2,0,1,1,1000,29125,212.7283522,00:00.0,360
CD2F3B1F-384C-42E2-A42B-038531437219,2,0,1,1,1000,29125,176.5662973,00:00.0,360
CA5D4562-EE46-4194-8C32-06EF331688FF,1,0,1,1,50,10687,22.33790142,40:00.0,360
0DE7BB81-1761-4F72-B5BF-0E026F0D2811,1,0,1,1,1000,10687,16.93108528,00:00.0,360
FA889ABD-3783-4E7B-8B5A-0F79AB098ED2,1,0,1,1,500,10687,46.17802009,00:00.0,360
B0364621-0173-47E7-821D-35A673C5B4CE,1,0,1,1,500,0,0.806052613,00:00.0,360
148F88E1-9C52-41D4-937F-7336F7753ACC,NULL,NULL,1,1,8000,14572,0.184297785,00:00.0,360
1EA21DF4-689E-4A20-8734-A1BD110812C8,NULL,NULL,1,1,5000,14572,355.7874293,00:00.0,360
9386583E-5975-448E-8044-D3A2BED7FF11,1,0,1,1,1000,10687,69.00211708,40:00.0,360
9ACF9770-79C5-44D5-9A38-DF56F8FCA630,NULL,NULL,1,1,5000,14572,68.71190879,00:00.0,360
68050D10-9C9F-4FBC-B88C-E70E7976CB80,1,0,1,1,1362,10687,1.174310967,00:00.0,360
B96638DD-5691-432E-B811-EAD7E438FAA1,1,0,1,1,50,10687,0.971653888,40:00.0,360
66281B79-A5B1-48BC-99E2-EC4F36055743,2,0,1,1,1000,29125,1.369234125,00:00.0,360
ADFF0074-EBB5-47C7-AB09-013E28B7427C,2,0,1,1,1000,29125,259.375886,00:00.0,360
BB9546BD-2997-4C3B-BFFF-01AF09E3C755,1,0,1,1,1362,10687,2.830733065,00:00.0,360
8CF4F14A-0E4A-4FFE-8B23-02A321E38C4A,NULL,NULL,1,1,600,29125,132.7500113,20:00.0,360
5F364F04-0204-42F2-907B-047C5FE7CCD8,NULL,NULL,1,1,5400,14572,22.95959189,00:00.0,360
D66B982C-27B7-4B18-82DF-047CFB7BC744,1,0,1,1,500,10687,4.265715467,00:00.0,360
59AA88DD-821F-4BA6-BBE2-08291A9F684F,NULL,NULL,1,1,1500,14572,26.16446988,00:00.0,360
44C3F92B-6F14-4B5A-A255-1896C80FF745,1,0,1,1,1000,10687,12.59097359,00:00.0,360
B41CFBF0-9A0C-4789-AE65-1E7E638E51A2,1,0,1,1,50,10687,1.129103098,40:00.0,360
B2D59D08-B20C-4B80-A63F-257531DCBCF5,1,0,1,1,1362,10687,41.43801523,00:00.0,360
ABDDC016-E611-46A2-9416-2B7C80E6757B,1,0,1,1,1000,10687,0,00:00.0,360
1B05E486-764D-496C-8AD6-2E0ACC1126A1,2,0,1,1,1000,29125,9.720215332,00:00.0,360
5323C90B-9347-489D-9F3F-2EFAC419C669,1,0,1,1,1000,10687,5.022517657,00:00.0,360
81652CD7-79F0-42BC-A055-3030B5907227,1,0,1,0,2000,10687,18.47385657,00:00.0,360
96BAF222-EBB5-4EEB-9112-374EC71FF2FE,2,0,1,1,1000,29125,11.05969461,00:00.0,360
DAA1F34D-95E9-4A59-B851-3B8FBF13A05D,NULL,NULL,1,1,600,29125,0.482314042,20:00.0,360
9AFACFDD-7474-4A41-A7A8-440B13FF88F8,NULL,NULL,1,1,8000,14572,91.40441477,00:00.0,360
F5007DE2-3FBE-481B-BAFE-44C379CF40D9,NULL,NULL,1,1,600,29125,0.57330497,20:00.0,360
0B831620-44C3-4CF1-BB75-4AE098EF6F98,NULL,NULL,1,1,1500,14572,1.39838259,00:00.0,360
B00C4349-A051-4236-B0F6-54093CAD6649,NULL,NULL,1,1,4000,14572,91.38322138,00:00.0,360
C2BF4D22-0F9E-4518-8C0D-57C58D1ED80E,1,0,1,1,1001,415,0.687796687,00:00.0,360
29863DAB-A8E8-43EE-92EC-6269F6472947,1,0,1,1,50,10687,0.92661999,40:00.0,360
06B3378C-FBCD-42E0-A912-6A238FCDBBFE,NULL,NULL,1,1,8000,14572,1.993726513,00:00.0,360
290065BD-E521-4EC7-8B2B-6D91B51C9702,1,0,1,1,300,10687,0.495709922,00:00.0,360
51860DE6-D4BD-43F5-A06B-6DE1885D3163,2,0,1,1,1000,29125,0.489478548,00:00.0,360
9217D0E2-79E8-42F3-B737-6DE1A032C824,NULL,NULL,1,1,600,29125,0.269802548,20:00.0,360
52EE8C28-A66A-461C-87E4-71669EEA6C48,1,0,1,1,1297,10687,2.389805942,00:00.0,360
A682F107-6AF5-4B71-8F27-716A2FDECAD5,1,0,1,1,200,10687,0,00:00.0,360
289E24D0-342C-4196-A73C-73567333C6EE,1,0,1,1,300,10687,3.792876742,00:00.0,360
B6BD6780-E6A9-4571-B810-81865703B881,NULL,NULL,1,1,8000,14572,2.843983985,00:00.0,360
51A9910A-F45E-4D21-9729-8C3CDCE50D38,NULL,NULL,1,1,8000,14572,21.47213646,00:00.0,360
56BA8B26-FBA4-4FD4-9EFA-9489496E9962,NULL,NULL,1,1,8000,14572,48.19838922,00:00.0,360
1A64B94A-6E0A-4F66-8E1B-AB9F5AA3C105,1,0,1,1,1297,10687,5.174004213,00:00.0,360
8BFC065F-8915-4F48-B1A9-AD0E770672A6,1,0,1,1,500,10687,0.630995305,00:00.0,360
0C983379-2917-4448-81E3-B10362AD83F9,NULL,NULL,1,1,5400,14572,187.4973317,00:00.0,360
07100B32-8D99-45D7-B57B-B479FBE319A1,NULL,NULL,1,1,1500,14572,2.25369123,00:00.0,360
DA92A8B2-D61E-42CA-AD35-B6493D85016E,1,0,1,1,500,10687,1.219320682,00:00.0,360
D29D33AD-3C19-4307-9974-B6D635149DAC,1,0,1,0,2000,10687,0.296372252,00:00.0,360
75318748-DA0A-472E-823F-C16BFDBDED3B,NULL,NULL,1,1,5000,14572,38.65451801,00:00.0,360
2BBBFAB5-CD23-4A48-AFE9-C4BA190C4880,2,0,1,1,1000,29125,23.5747222,00:00.0,360
75FED904-F40F-47A6-86E1-C502A80FE1BD,2,0,1,1,1000,29125,307.3051602,00:00.0,360
57DEAB83-6256-48A6-872D-D129AF15AFD0,1,0,1,1,100,0,0.512674467,00:00.0,360
0841335F-0609-42DA-A9F5-D73D65E9E132,1,0,1,1,1000,10687,1.3041196,00:00.0,360
C79BAF22-DF8B-436A-B17D-DBD2F7305F5A,1,0,1,1,1000,3984,0,00:00.0,360
07247213-F1D8-4C9E-AAD6-EEE044E0B0A6,1,0,1,1,1297,10687,17.91418126,00:00.0,360
ADFF0074-EBB5-47C7-AB09-013E28B7427C,2,0,1,1,1000,29125,22.00687659,00:00.0,360
A8ACA761-6E93-4446-BCB4-06DB9BE486AD,1,0,1,1,50,10687,5.959147405,40:00.0,360
CA5D4562-EE46-4194-8C32-06EF331688FF,1,0,1,1,50,10687,114.5190961,40:00.0,360
0DE7BB81-1761-4F72-B5BF-0E026F0D2811,1,0,1,1,1000,10687,16.93108528,00:00.0,360
FA8F5B57-7221-406C-85BC-0E9AE3685079,1,0,1,1,1000,10687,1.526327645,00:00.0,360
E5D34556-38FB-46BA-8989-156E73D44CC7,0,10,1,1,1200,7500,0.821270312,00:00.0,360
EA36AB2E-2AC3-4219-90AC-156F3319C7A7,NULL,NULL,1,1,8000,14572,5.641188092,00:00.0,360
FFD7202D-5875-4147-A7B7-15B8EA181D20,NULL,NULL,1,1,8000,14572,3.237815845,00:00.0,360
CBFBA27D-AA61-4B4F-A9D4-1B03DEBEB5D2,1,0,1,0,1500,1457,5.789832415,00:00.0,360
D83FCF7F-167E-4D79-B540-1B9098F23F86,1,0,1,1,500,10687,50.70064945,00:00.0,360
6BC1A98F-9FC2-497C-AD2D-1CDAAAA0C7F2,2,0,1,1,1000,29125,146.8849901,00:00.0,360
59959E0E-333C-4FAB-9702-1D02A0E54E76,NULL,NULL,1,1,1500,14572,1.550556905,00:00.0,360
AC4282B6-7AC2-4AEB-B54B-1E4DC1C49491,1,0,1,0,50,10687,0.236047245,00:00.0,360
20AB40CE-C1B5-4B7A-A085-20A46D76C449,1,0,1,1,1000,3984,0,00:00.0,360
9D770C4F-61A5-4EE8-9BEB-224F2E31FDD9,1,0,1,1,200,10687,0,00:00.0,360
D2066313-2CB1-4B51-87D3-2337488C0F59,NULL,NULL,1,1,5000,14572,28.29057298,00:00.0,360
86D39747-6656-4B01-8CD0-243E85C69E0A,NULL,NULL,1,1,5400,14572,72.42061981,00:00.0,360
10670B27-4455-441D-97D4-247EA09E4B45,1,0,1,1,20,0,0.329629017,00:00.0,360
71A79F9A-9FD2-4C63-B556-25618AF8D622,1,0,1,1,2000,10687,0.209044633,00:00.0,360
26E0CA5C-1FB8-4A9D-8EF5-270EAE15E5FD,NULL,NULL,1,1,600,29125,0.364240145,20:00.0,360
57BCC95C-6899-4E4A-99E8-27F0794C3443,NULL,NULL,1,1,5000,14572,45.10522872,00:00.0,360
1876F0D5-35FD-48AB-92AA-29196B05E7CF,1,0,1,1,1000,10687,18.3151785,00:00.0,360
D401AAD4-9E67-43B8-B0DE-2F20BA708802,2,0,1,1,50,29125,0.771592102,40:00.0,360
F78EAFBF-5848-44F9-AF9C-2F64A0622CC7,1,0,1,1,1297,10687,29.4839415,00:00.0,360
A774ECBA-97F5-479F-98F7-32A06292594A,1,0,1,0,1000,10687,4.946028028,10:00.0,360
9107FBD3-357F-4E4A-A39D-33C140549AF7,NULL,NULL,1,1,8000,14572,138.1722835,00:00.0,360
70D7F3BD-A36F-4E4F-812D-33C8BE9818A9,NULL,NULL,1,1,600,29125,0.855508165,20:00.0,360
7363873E-09AC-4726-967B-3908A764CB72,NULL,NULL,1,1,1000,14572,3.057693857,00:00.0,360
F56D0AE2-B7F9-43A0-BEB6-406F06848F18,1,0,1,1,1362,10687,33.1810727,00:00.0,360
5B26644C-594D-4C88-83BB-41E869280BBF,1,0,1,1,30,10687,9.790760133,40:00.0,360
188DAEAA-7E9B-4E16-AC5B-433FD71EF734,2,0,1,1,50,29125,0.101815662,40:00.0,360
6B54CEC1-8E08-45D6-8D7F-43C0FAADC547,NULL,NULL,1,1,5000,14572,0.323364477,00:00.0,360
9AFACFDD-7474-4A41-A7A8-440B13FF88F8,NULL,NULL,1,1,8000,14572,214.4095827,00:00.0,360
3ACB4DD3-9B27-491B-9D9C-461DD268079B,1,0,1,1,500,10687,19.42852179,00:00.0,360
693D91BF-FA35-42CF-8255-464F897FBDEB,1,0,1,1,400,10687,0.419965433,00:00.0,360
DBBB9867-C1AE-4E30-9F7B-4B3817118094,NULL,NULL,1,1,600,29125,9.901333,20:00.0,360
4B82F030-FEDA-448A-BB52-4B7F4DEA5974,NULL,NULL,1,1,8000,14572,33.06992819,00:00.0,360
4154A324-6FAC-4769-AC58-4FFE3BC67443,1,0,1,1,1297,10687,4.37575073,00:00.0,360
B9D6CF4E-8808-483B-9424-5372973D2523,1,0,1,1,500,10687,33.55282207,00:00.0,360
B00C4349-A051-4236-B0F6-54093CAD6649,NULL,NULL,1,1,4000,14572,140.3898065,00:00.0,360
99E95140-698F-48A7-8CEA-56C7D11CFE85,NULL,NULL,1,1,5000,14572,11.05952554,00:00.0,360
D332C3EB-635D-472D-AB38-5B3A378CE938,1,0,1,0,1500,1457,20.88965458,00:00.0,360
EAA4003A-2915-47A8-9851-6402B9159604,1,0,1,0,2000,10687,0.308790293,00:00.0,360
5C3FAA69-2DD4-4031-9298-6578C7B6676E,NULL,NULL,1,1,600,29125,0.792035137,20:00.0,360
F6C7A5AA-28CB-450F-A1F4-6B54AEA3CA5D,NULL,NULL,1,1,600,29125,36.75817095,20:00.0,360
A9373862-6B13-4734-8C87-6E300971C4BE,1,0,1,1,500,10687,1.507647402,00:00.0,360
83D10656-8F36-4101-B5EF-70A1C9BA3105,1,0,1,1,1000,10687,89.96928484,40:00.0,360
FC505A6C-4695-45BA-B4B3-71C1BFFF5281,1,0,1,0,1000,10687,0.870541522,00:00.0,360
FFCF9154-AE52-48D4-AE03-738E455C789A,2,0,1,1,1000,29125,206.0138075,00:00.0,360
64261DE9-289D-4D1C-9B17-73A1B7148853,2,0,1,1,1000,29125,206.2481175,00:00.0,360
1B84342C-875E-4059-84C1-761F75A963B2,NULL,NULL,1,1,8000,14572,4.290085768,00:00.0,360
930CD57C-DBF8-4AAA-A910-76C702868B30,0,10,1,1,1200,7500,1.386755302,00:00.0,360
A043C02E-15F3-4E31-9A10-77411743FA2E,NULL,NULL,1,1,600,29125,3.461011783,20:00.0,360
A5AE2103-4F2B-4824-A9D0-7793771D6ED4,1,0,1,0,1000,1457,23.01655104,00:00.0,360
21AEB503-FED9-4B44-B204-861605604DEA,NULL,NULL,1,1,600,29125,175.9081095,20:00.0,360
CBCA382A-DE77-4830-B443-883B2F4777E2,2,0,1,1,1000,29125,13.83116566,00:00.0,360
E0F041ED-4CA1-48E7-83C0-896FA63058B6,2,0,1,1,1000,29125,94.19623106,00:00.0,360
E60E4710-7F62-40C0-981C-89E993DA9ACA,1,0,1,1,500,10687,0.798269622,00:00.0,360
70A9C4D8-1463-4961-BCC5-91AC691CE33F,1,0,1,1,1000,10687,69.14391875,40:00.0,360
26C27B0E-2A2F-42CE-B9DB-9358BD4AA112,NULL,NULL,1,1,600,29125,123.650804,20:00.0,360
4E8F8407-F612-4213-B998-965C40BD8792,0,10,1,1,1200,7500,4.949097913,00:00.0,360
1C6B48D9-D7F5-4D6E-A35F-96D80073F293,NULL,NULL,1,1,600,29125,0.534712127,20:00.0,360
D040DFCA-5204-4E46-A442-96E2A5DF7A52,1,0,1,1,500,10687,0.889052945,00:00.0,360
CA8F6CD5-0FDD-4D41-8EAB-A0576ED76E5A,NULL,NULL,1,1,4000,14572,28.56473607,00:00.0,360
55123ED8-7F7A-43FC-BCA4-A0839B6856E2,1,0,1,1,2000,10687,0.598974533,00:00.0,360
38230094-55EC-4BB6-A301-AAA8878AC8A5,2,0,1,1,50,29125,8.500907543,40:00.0,360
C721F170-0FE9-496D-9448-ADC66262AFEB,1,0,1,1,600,10687,3.775221847,00:00.0,360
A04DFCEA-3E24-4206-8ECC-AFBB18CCA4EE,0,10,1,1,1200,7500,26.82394308,00:00.0,360
8C617CB7-6859-4899-843E-B0824D312C5C,1,0,1,1,1000,10687,0.322531857,00:00.0,360
324EAF91-C116-439E-9343-B1F5BBAAB34C,NULL,NULL,1,1,600,29125,203.7123803,20:00.0,360
8CA7D130-CCD6-49CC-A22A-B26AB9B83847,NULL,NULL,1,1,8000,14572,84.00310466,00:00.0,360
E709C77E-B29A-43AA-BE50-B3CF9BBE519B,1,0,1,1,500,10687,4.449169615,00:00.0,360
3D40227F-EDFC-491D-8D9A-B7FB0DCD6754,NULL,NULL,1,1,1500,14572,25.40994008,00:00.0,360
83AC21F5-F5E0-4E2F-852C-C0F54C64612F,1,0,1,1,500,10687,0,00:00.0,360
D66E7751-003E-4564-B51E-C3688709D5D9,NULL,NULL,1,1,8000,14572,13.09208316,00:00.0,360
9E943A9A-8430-4B58-91AB-C7BDE9031E2F,1,0,1,1,200,10687,0.692606863,00:00.0,360
3911793E-6D84-4E24-BB8E-C8E63B977EBF,NULL,NULL,1,1,1500,14572,9.824653485,00:00.0,360
5186ED65-5BA3-4229-8039-CA17DA0735CF,NULL,NULL,1,1,8000,14572,76.48288463,00:00.0,360
A907F472-EC51-4459-9A9C-D0915C92E3D3,NULL,NULL,1,1,8000,14572,0.125446603,00:00.0,360
F42C7029-7997-42BA-A0A8-D76937E35B5D,1,0,1,0,10,10687,42.30996454,00:00.0,360
F6307CF7-01CF-452B-B13E-DAD91CEEC9EB,1,0,1,0,1000,10687,116.6735126,10:00.0,360
EC344043-FC54-42FD-9882-DC564914CFEE,1,0,1,0,2000,10687,82.33875505,00:00.0,360
FB4ABEA9-FEAA-4A36-85FF-E36076E8C141,1,0,1,0,1000,10687,8.260040467,00:00.0,360
2FBD15AD-CD65-436C-9C3A-EB471C1526C8,1,0,1,1,1000,10687,0.818614682,00:00.0,360
BC943D53-6CE2-4D9E-A6E3-EB4C09C35313,2,0,1,1,50,29125,0.67591112,40:00.0,360
E316BD1A-3AF5-4FFD-A6C2-ED76A43B0E88,1,0,1,0,1000,10687,52.75597375,10:00.0,360
46665F53-793D-4B41-8079-F112C543C196,1,0,1,1,300,10687,1.838517842,00:00.0,360
938ABD1F-74E9-499D-B65C-F45028A1F23B,NULL,NULL,1,1,8000,14572,261.1823999,00:00.0,360
69582932-9902-4216-BD5A-FA1C3C91A6AD,1,0,1,0,10,10687,0.342328235,00:00.0,360
ACE60753-D3A5-4160-85C6-FE2B35A3613B,1,0,1,1,1000,0,4.221745205,00:00.0,360
4DB8613C-C237-4740-8D41-0071317596B0,1,0,1,1,259,10687,18.7020976,00:00.0,360
0C85F7C4-13D7-41F0-9381-010D4E834CEE,1,0,1,0,1001,415,0,00:00.0,360
D9B41A02-1715-482F-AB1F-0122907F9E63,1,0,1,1,100,0,0,00:00.0,360
3E06D0DB-721F-4EDF-AF48-03DC8BEF57B9,1,0,1,0,1999,10687,4.143612745,00:00.0,360
2099DAF5-E7E3-4497-8893-040753468049,NULL,NULL,1,1,600,29125,138.9983427,20:00.0,360
1633AA18-819A-4E6E-93FB-04819D532372,NULL,NULL,1,1,8000,14572,0.186100733,00:00.0,360
C044A25E-F776-4B75-9DBF-077728B33B35,1,0,1,1,1001,415,0,00:00.0,360
E239E2AB-2176-4902-967B-0A19B6D841FE,1,0,1,0,1000,1457,4.513840903,00:00.0,360
CD78A8C3-374D-451C-B5E8-0B1FC9D1857A,1,0,1,0,2000,10687,0.934000513,00:00.0,360
8912401B-6BC3-4B8D-9220-0D9618AA3750,1,0,1,1,30,10687,28.76972532,40:00.0,360
CD535575-2052-49F8-A3C9-0EF7119598EF,1,0,1,0,1000,10687,0.278324743,00:00.0,360
A1C2CB3A-D553-49A4-9AAA-0F8A44069319,1,0,1,1,1362,10687,11.57411209,00:00.0,360
83CE2F80-D426-4FE2-A0E6-0FFCE7D77826,1,0,1,0,2000,10687,96.83749308,00:00.0,360
4F0851F1-6BDD-4A81-A332-1372B320728D,1,0,1,0,1000,10687,3.981472805,00:00.0,360
5F4ACB2A-CF16-44F7-AF1D-1448C2F8741E,2,0,1,1,1000,29125,28.98707252,00:00.0,360
C133E93A-05D5-4D06-B62C-1678310FCCF8,1,0,1,1,1297,10687,1.471878128,00:00.0,360
70213DC2-8B7B-4931-B6FB-1682534B6AA9,NULL,NULL,1,1,1500,14572,67.44664255,00:00.0,360
5289EA0E-DBE5-497C-90AF-17A2EC547A4B,1,0,1,1,1000,10687,0.501460765,00:00.0,360
B2F57B55-384B-4D3E-BA43-181D6F72ADAB,1,0,1,1,259,10687,0.549141823,00:00.0,360
68919299-BABF-4245-8AE2-1A9E1FD143DA,2,0,1,1,1000,29125,40.09755829,00:00.0,360
6503CBF1-BA4A-4343-A49F-1ADB4E3ECD94,2,0,1,1,1000,29125,37.81553923,00:00.0,360
D83FCF7F-167E-4D79-B540-1B9098F23F86,1,0,1,1,500,10687,44.70943728,00:00.0,360
ED33BE22-0227-4532-A5D4-1DFAED820AD2,2,0,1,1,50,29125,26.6812425,40:00.0,360
C51C3693-E321-4525-B184-1ED476B3AD20,1,0,1,0,200,10687,0.953195957,00:00.0,360
B0D02015-AE49-457B-8196-1EDA60771D40,2,0,1,1,50,29125,2.962570482,40:00.0,360
942CA4F3-91E6-42B9-9C4C-1FFAFA4AB94E,1,0,1,1,50,10687,3.062783455,40:00.0,360
06C187F7-73C7-4D65-91CE-26335B2F261F,1,0,1,0,2000,10687,0.242635802,00:00.0,360
74B13E4C-B18C-4BAB-87B8-2651B09186A1,NULL,NULL,1,1,1500,14572,8.092476228,00:00.0,360
AD3CF21E-7758-4DF6-9694-27A50B0167AA,NULL,NULL,1,1,8000,14572,10.46352738,00:00.0,360
5B8C43E8-149C-4B5D-9EB4-27ED1C2D62F5,1,0,1,1,1000,0,13.56563121,00:00.0,360
F4000DCF-4B89-4F4F-AF2C-2840EF662275,1,0,1,0,2000,10687,0.593241687,00:00.0,360
CBCFB2B2-234E-4F0A-9779-2914D2641061,1,0,1,1,1362,10687,0,00:00.0,360
234FFB30-5A7E-435E-BDA9-293AB86B543F,1,0,1,1,1000,0,3.62567058,00:00.0,360
960CD0B4-1283-43EF-AC44-293F8EEA3071,1,0,1,1,500,10687,0.653090195,00:00.0,360
B63D2D3D-E240-4DED-87E3-2983974D8474,NULL,NULL,1,1,5000,14572,2.699572855,00:00.0,360
B63D2D3D-E240-4DED-87E3-2983974D8474,NULL,NULL,1,1,5000,14572,2.699572855,00:00.0,360
7297F5B5-B9CA-4598-80CE-29B3E9272C70,NULL,NULL,1,1,8000,14572,0.990679318,00:00.0,360
835ADFAE-B6E9-430D-9698-29D3BE84A87F,NULL,NULL,1,1,8000,14572,82.93557654,00:00.0,360
1511E379-73E9-4728-B342-2BF156966858,NULL,NULL,1,1,1500,14572,6.889733797,00:00.0,360
8971BCB0-009A-4273-B86F-2C911A914B9A,1,0,1,1,500,10687,6.477322372,00:00.0,360
D4B89787-0011-4447-B6B2-2D17E7535933,NULL,NULL,1,1,5400,14572,177.8403947,00:00.0,360
49A53A1F-540E-43C4-B240-2D7882863485,1,0,1,1,1000,10687,52.92844451,00:00.0,360
4785BBAB-D52F-49B5-BA69-2D798EF34E70,1,0,1,1,100,0,2.470048427,00:00.0,360
24BB913D-3F5E-4EC8-B237-2E7CA8578EDF,2,0,1,1,50,29125,30.94944137,40:00.0,360
E0527EF8-8E98-4458-957F-2F5E5BA1690C,1,0,1,1,1000,0,1.104624282,00:00.0,360
D570FE8B-5C6A-4F31-B20A-2F767366094A,1,0,1,1,1297,10687,18.21694784,00:00.0,360
20F962BE-2F26-4DBD-A504-31DB1985A452,1,0,1,1,500,10687,11.42852268,00:00.0,360
16692D16-02BB-4BE1-A2EB-33344E107A3C,NULL,NULL,1,1,8000,14572,23.67424627,00:00.0,360
B777B22D-C197-4546-9F01-34A929C7A32C,1,0,1,0,1001,415,1.278914282,00:00.0,360
28D6CFCA-F9EF-4F2D-A15D-34D043D528FC,2,0,1,1,1000,29125,44.03915684,00:00.0,360
1EA9E7D7-1EAA-4EFE-B041-36834348CC41,NULL,NULL,1,1,5000,14572,102.2272687,00:00.0,360
531E3B8B-A39B-4489-A45A-37D2881F9E1C,1,0,1,1,1000,2915,0.329208835,00:00.0,360
E436E3B0-F09F-4DC9-90CF-39A21FF36E4C,1,0,1,0,1001,415,0.639567808,00:00.0,360
A610836B-AEC2-4749-87A1-3A0662C5AE6D,1,0,1,1,500,10687,120.8635764,00:00.0,360
1EC61A8E-833B-4FF4-BB80-3B1BECEE7CEE,NULL,NULL,1,1,600,29125,2.98312442,20:00.0,360
EA41EDC4-C631-4026-AA71-3B4CDEC24566,1,0,1,1,600,10687,30.63025802,00:00.0,360
D4EC3BB2-C6AF-4C5A-AA66-3BA832B35A64,NULL,NULL,1,1,5400,14572,125.5824981,00:00.0,360
36C032FF-7D85-43E9-8884-3DDB38ADD787,NULL,NULL,1,1,600,29125,2.419603062,20:00.0,360
EDB9A936-B639-414E-AF5C-3F7255A1E517,1,0,1,1,800,10687,2.19345593,40:00.0,360
0616852A-75B4-4E93-BE7F-3FD02E4959A6,1,0,1,1,1000,0,0,00:00.0,360
440B2553-107F-4BAB-878C-4609420BA6B3,1,0,1,1,400,10687,1.765232663,00:00.0,360
0B831620-44C3-4CF1-BB75-4AE098EF6F98,NULL,NULL,1,1,1500,14572,102.4235455,00:00.0,360
7143E70A-7E5C-4BEF-899A-4AFE2BE56E4C,1,0,1,1,272,10687,38.13076302,00:00.0,360
671EF207-56A4-4FB5-9769-4B7688EE5BE4,2,0,1,1,1000,29125,0.280863238,00:00.0,360
0615CF62-BDF1-4236-B797-4BD904989F00,1,0,1,1,1000,10687,0.789054682,00:00.0,360
7623809B-BCC2-474E-99AC-4D1A09E48D2B,NULL,NULL,1,1,8000,14572,11.11387492,00:00.0,360
D2909F89-7C9E-4D6A-A258-4DD8828D86B2,NULL,NULL,1,1,4000,14572,0.928949933,00:00.0,360
1034F2F6-BC7A-43AF-9247-5167EE00438D,1,0,1,1,600,10687,0.693326998,00:00.0,360
E3BD12DE-ACD9-4C0E-A047-51AF6A03D2A7,NULL,NULL,1,1,600,29125,4.07184173,20:00.0,360
F7ADDE52-90C1-44DB-88B9-52C57A89EC4D,1,0,1,1,1999,10687,0.097040452,00:00.0,360
B00C4349-A051-4236-B0F6-54093CAD6649,NULL,NULL,1,1,4000,14572,165.3896731,00:00.0,360
166E785E-F1AC-4FE3-B0DB-5421DBEAC825,1,0,1,0,4000,2915,10.63188857,00:00.0,360
D51342E1-3321-4AE0-97BA-5502868669FF,NULL,NULL,1,1,600,29125,32.34562552,20:00.0,360
4C7FF07D-35CB-4B3D-BEFC-562704F91684,NULL,NULL,1,1,8000,14572,201.7388597,00:00.0,360
4C7FF07D-35CB-4B3D-BEFC-562704F91684,NULL,NULL,1,1,8000,14572,188.561616,00:00.0,360
348B3157-B485-447D-9163-567D37B66D0E,2,0,1,1,1000,29125,6.236076122,00:00.0,360
4086F08F-F5EA-4A00-9D60-5691D0CCC273,1,0,1,1,500,10687,11.07912775,00:00.0,360
A0D3BB58-FADC-45FC-8E0C-56DF2FCD90D9,1,0,1,1,50,10687,0.859951895,40:00.0,360
C861FAC3-EBC7-475F-AB15-5823FA49F0DA,1,0,1,1,600,10687,0.996773577,00:00.0,360
D774ECA9-5ADB-4F90-9E2A-5967B54BF6F3,NULL,NULL,1,1,600,29125,123.6733646,20:00.0,360
3C8D0338-F340-4935-BCA6-5C1472308352,1,0,1,1,1000,10687,36.64388906,40:00.0,360
E4D19E6F-133A-4744-9B8D-5C6A3456D53C,1,0,1,1,100,0,9.163232705,00:00.0,360
111F7816-9D51-47BE-97EA-5D1F5B6E503A,NULL,NULL,1,1,4000,14572,18.77132289,00:00.0,360
F459CC5F-3A15-4001-94BA-5D481B08B1EE,NULL,NULL,1,1,600,29125,0.560637878,20:00.0,360
2A2F81D8-B7AB-4861-94FE-5D915162828D,NULL,NULL,1,1,600,29125,46.89249051,20:00.0,360
5EB86CAF-D0A4-4594-86FB-5DA44F08A7A1,NULL,NULL,1,1,1500,14572,44.83859575,00:00.0,360
5EB86CAF-D0A4-4594-86FB-5DA44F08A7A1,NULL,NULL,1,1,1500,14572,58.06214421,00:00.0,360
801D3FFC-E08D-42FE-9407-5EC75AA25C0A,1,0,1,0,500,10687,4.9263617,00:00.0,360
E10B8100-364B-41E0-B1C2-60CF4BF58184,NULL,NULL,1,1,1500,14572,3.313491933,00:00.0,360
0175B0F3-302B-4230-9DF6-628F66950242,1,0,1,1,200,0,0.268913355,00:00.0,360
F06F0BF8-4887-4DF6-95F5-62F02AC9FB87,NULL,NULL,1,1,600,29125,18.05780259,20:00.0,360
6C163798-2A89-418F-B276-63E268A54F98,2,0,1,1,1000,29125,489.2670576,00:00.0,360
6C163798-2A89-418F-B276-63E268A54F98,2,0,1,1,1000,29125,261.2965033,00:00.0,360
B2F983C7-D501-4143-A45E-644FFDAFF922,NULL,NULL,1,1,1500,14572,46.47103057,00:00.0,360
713C7958-9A13-4B22-B0CD-64A99FC6446A,1,0,1,0,2000,10687,2.376754642,00:00.0,360
A53AD055-7601-4D33-B462-67886B83D587,2,0,1,1,1000,29125,122.7746877,00:00.0,360
D35E9E79-69A2-4B6D-865A-67A4A6B85D2E,NULL,NULL,1,1,600,29125,65.85301303,20:00.0,360
2FE4E02E-B448-4B49-B15F-68D486CE78F1,0,10,1,1,1200,7500,0.275846148,00:00.0,360
