,YieldScopePriority_X,YieldScopePriority_Y,IsYieldForEnabled,IsYieldedEnabled,TokenAllocation,QuotaTokens,TotalWaitingTimeInMins,EstimatedRemainingRunningTimeInMins,IsQuotaFullyLoad,WhetherHasSLA,Priority
0,1.0,0.0,1,1,190,10687,0.950717667,360,0,0,70
1,,,1,1,4000,14572,165.3896731,360,1,1,137
2,,,1,1,400,2150,86.81816015,360,0,0,130
3,2.0,0.0,1,1,50,29125,0.67591112,360,0,1,81
4,1.0,0.0,1,1,190,10687,52.08204345,360,1,0,94
5,1.0,0.0,1,1,50,10687,5.959147405,360,0,1,52
6,,,1,1,500,29125,33.44165027,360,0,0,113
7,1.0,0.0,1,1,1000,0,0.322353737,360,1,1,90
8,1.0,0.0,1,1,200,10687,7.529508183,360,1,0,91
9,1.0,0.0,1,0,1500,1457,5.789832415,360,1,1,98
10,1.0,0.0,1,1,51,10687,16.74005816,360,1,0,93
11,1.0,1.0,0,1,500,9714,48.68617067,360,1,0,109
12,1.0,0.0,1,1,1000,10687,1.3041196,360,1,1,77
13,,,1,1,600,29125,123.6733646,360,0,1,98
14,,,1,1,350,7500,12.18112535,360,0,0,113
15,,,1,1,234,2150,10.05645455,360,0,0,116
16,,,1,0,259,147,15.52340946,360,1,0,159
17,,,0,1,2000,29125,76.21586271,360,1,0,146
18,1.0,0.0,1,0,1000,1457,23.01655104,360,0,1,76
19,,,1,1,400,2150,204.7911663,360,0,0,138
20,,,1,1,1200,7500,0.688970238,360,1,0,143
21,,,1,1,300,29125,41.71446353,360,0,0,114
22,1.0,0.0,1,0,10,10687,42.30996454,360,1,1,82
23,1.0,0.0,1,1,259,10687,92.01134372,7,1,1,28
24,1.0,0.0,1,1,31,10687,27.14402499,360,0,0,74
25,,,1,1,234,2150,2.971501985,360,1,0,135
26,1.0,0.0,1,1,5000,10687,0.0,360,0,1,67
27,1.0,0.0,1,1,31,10687,18.02995246,360,1,0,93
28,,,1,1,200,29125,208.0096646,360,0,0,126
29,,,1,1,234,7800,4.837221295,360,1,0,131
30,,,1,1,600,29125,0.534712127,360,0,1,91
31,,,1,1,234,2150,12.94656504,360,0,0,117
32,1.0,0.0,1,1,33,10687,2.090993482,360,0,0,72
33,2.0,0.0,1,1,1000,29125,206.0138075,360,1,1,115
34,1.0,0.0,1,1,200,10687,7.708412158,360,1,0,91
35,,,1,1,259,7500,93.64634877,360,1,0,136
36,1.0,0.0,1,1,190,10687,5.495010702,360,1,0,92
37,,,1,1,1000,10687,150.2745449,5,1,0,95
38,1.0,0.0,1,1,180,10687,0.345677418,360,1,0,90
39,,,1,1,500,29125,85.48293448,360,1,0,137
40,,,1,1,1000,10687,5.01554407,5,0,0,67
41,1.0,0.0,1,1,1000,10687,0.0,360,1,1,75
42,1.0,0.0,1,1,110,10687,11.03150594,360,1,0,93
43,,,1,1,400,2150,10.1240699,360,0,0,125
44,,,1,1,8000,14572,45.15623824,360,0,1,109
45,,,1,1,8000,14572,201.7388597,360,1,1,140
46,2.0,0.0,1,1,50,29125,30.94944137,360,1,1,102
47,1.0,0.0,1,1,49,10687,35.84566985,360,1,0,94
48,2.0,0.0,1,1,1000,29125,13.83116566,360,0,1,81
49,1.0,0.0,1,1,500,10687,10.35606585,360,1,1,73
50,,,1,1,100,29125,32.41467561,360,0,0,114
51,1.0,0.0,1,1,23,10687,0.202005667,360,1,0,90
52,1.0,0.0,1,1,41,10687,7.558478863,360,0,0,73
53,1.0,0.0,1,1,400,10687,17.88705396,60,1,1,33
54,,,1,1,500,29125,73.54971986,360,0,0,115
55,1.0,0.0,1,1,37,10687,13.31707879,360,1,0,91
56,1.0,0.0,1,1,39,10687,12.17487235,360,0,0,73
57,1.0,0.0,1,0,259,415,36.03439586,50,1,1,57
58,1.0,0.0,1,1,1000,0,2.183803655,360,1,1,91
59,1.0,0.0,1,1,190,10687,32.31366257,360,1,0,92
60,,,1,1,350,2150,3.655097672,360,0,0,124
61,1.0,0.0,1,1,1000,0,3.52744425,360,1,1,91
62,1.0,0.0,1,1,60,10687,8.20061551,360,1,0,92
63,,,1,1,600,29125,0.482314042,360,1,1,110
64,,,1,1,500,29125,16.1093725,360,1,0,132
65,1.0,0.0,1,1,2000,10687,0.210164685,360,0,1,64
66,0.0,10.0,1,1,1200,7500,1.386755302,360,0,1,35
67,1.0,0.0,1,1,180,10687,0.229657522,360,0,0,71
68,,,1,1,400,2150,10.03041024,360,0,0,124
69,,,1,1,600,29125,2.419603062,360,0,1,91
70,1.0,0.0,1,1,200,10687,8.157527507,360,1,0,93
71,1.0,0.0,1,1,180,10687,10.68776987,360,0,0,71
72,1.0,0.0,1,1,35,10687,16.45588525,360,1,0,91
73,1.0,0.0,1,1,500,10687,11.07912775,360,0,1,52
74,1.0,0.0,1,1,500,10687,11.42852268,360,1,1,71
75,2.0,0.0,1,1,1000,29125,14.38328674,360,0,1,81
76,,,1,1,400,2150,146.7765394,360,1,0,155
77,1.0,0.0,1,1,300,10687,0.495709922,360,1,1,70
78,,,1,1,400,2150,271.9076257,360,1,0,162
79,,,1,1,8000,14572,84.00310466,360,1,1,131
80,1.0,0.0,1,1,39,10687,0.250502213,360,0,0,72
81,,,1,1,400,2150,4.684968602,360,1,0,145
82,,,1,1,500,7500,21.05126235,360,0,0,112
83,1.0,0.0,1,1,1000,10687,12.59097359,360,1,1,77
84,1.0,0.0,1,1,200,10687,1.965279422,360,1,0,92
85,,,1,1,1500,14572,1.550556905,360,0,1,96
86,1.0,0.0,1,1,250,10687,0.769275747,360,0,0,70
87,,,1,1,5000,14572,36.20652086,360,1,1,128
88,1.0,0.0,1,1,60,10687,4.232186482,360,1,0,90
89,1.0,0.0,1,1,41,10687,14.2513083,360,1,0,92
90,1.0,0.0,1,1,51,10687,14.80832515,360,0,0,73
91,1.0,0.0,1,1,1362,10687,0.0,360,1,1,85
92,1.0,0.0,1,1,33,10687,1.85730669,360,1,0,92
93,1.0,0.0,1,1,31,10687,15.83727854,360,0,0,71
94,0.0,10.0,1,1,1200,7500,0.821270312,360,0,1,34
95,,,1,1,5000,14572,68.71190879,360,1,1,130
96,1.0,0.0,1,1,200,10687,1.137687145,360,0,0,70
97,1.0,0.0,1,0,259,415,3.468719473,50,1,1,53
98,,,1,1,234,2800,29.05541719,360,1,0,137
99,1.0,0.0,1,1,43,10687,2.349722792,360,0,0,70
100,1.0,0.0,1,1,200,10687,3.460195283,360,0,0,72
101,1.0,0.0,1,1,200,10687,1.814434775,360,1,0,90
102,,,1,1,500,7500,2.73970621,360,0,0,112
103,,,1,1,4000,14572,18.77132289,360,0,1,106
104,1.0,0.0,1,1,51,10687,14.26163836,360,0,0,73
105,,,1,1,1200,7500,5.364091037,360,0,0,124
106,,,1,1,1000,10687,596.4418869,5,1,0,109
107,1.0,0.0,1,1,120,10687,4.48405924,360,1,0,91
108,1.0,0.0,1,1,1001,415,0.0,360,1,1,91
109,1.0,0.0,1,1,1000,10687,18.3151785,360,1,1,77
110,,,1,1,272,9714,76.95993136,360,0,0,116
111,,,1,1,400,2150,177.7212539,360,1,0,156
112,1.0,0.0,1,1,400,10687,40.34713594,120,0,1,25
113,,,1,1,250,29125,5.96462883,360,0,0,112
114,1.0,0.0,1,1,400,10687,18.01657455,120,1,1,42
115,,,1,1,1000,29125,13.00850439,360,0,0,112
116,1.0,0.0,1,1,51,10687,21.11796243,360,1,0,91
117,,,1,1,400,2150,56.46846459,360,1,0,149
118,,,1,0,800,9714,121.5436242,360,1,0,151
119,1.0,0.0,1,1,190,10687,0.236415077,360,1,0,92
120,,,1,1,500,29125,51.32445528,360,1,0,133
121,1.0,0.0,1,1,1297,10687,12.43214091,360,1,1,78
122,1.0,0.0,1,1,17,10687,27.62177044,360,1,0,93
123,2.0,0.0,1,1,50,29125,0.101815662,360,0,1,82
124,1.0,0.0,1,1,51,10687,5.208406155,360,0,0,72
125,,,1,1,5400,14572,72.42061981,360,1,1,132
126,,,1,1,1000,10687,27.35363859,5,1,0,88
127,1.0,0.0,1,1,51,10687,15.41805485,360,1,0,92
128,,,1,1,200,29125,69.27887786,360,0,0,116
129,,,1,1,200,29125,43.38946877,360,1,0,133
130,,,1,1,234,7500,13.85161797,360,0,0,111
131,,,1,1,259,29125,39.21545191,360,1,0,135
132,,,1,1,1000,14572,3.057693857,360,1,1,115
133,1.0,0.0,1,1,500,10687,0.889052945,360,1,1,72
134,,,1,1,1000,29125,95.37882241,360,0,0,117
135,1.0,0.0,1,1,50,10687,2.65727409,360,0,0,71
136,1.0,0.0,1,0,2000,10687,22.93435346,360,1,1,95
137,1.0,0.0,1,1,1999,10687,51.73714301,40,0,1,26
138,,,1,1,700,2800,14.45251217,360,0,0,126
139,1.0,0.0,1,1,170,10687,0.0,360,0,0,70
140,1.0,0.0,1,1,19,10687,52.28023982,360,0,0,74
141,1.0,0.0,1,1,35,10687,4.006423562,360,0,0,70
142,,,1,1,8000,14572,2.582173042,360,0,1,107
143,,,1,1,1000,29125,28.30503473,360,1,0,134
144,1.0,0.0,1,1,35,10687,1.82348245,360,0,0,70
145,,,1,1,500,29125,0.393254002,360,1,0,131
146,,,1,1,1500,14572,44.83859575,360,1,1,118
147,1.0,0.0,1,0,259,415,42.9237925,50,1,1,58
148,,,1,1,1500,14572,58.06214421,360,0,1,101
149,1.0,0.0,1,1,1000,10687,82.33618414,360,0,1,62
150,1.0,0.0,1,1,250,10687,2.495196388,360,1,0,92
151,1.0,0.0,1,1,200,10687,0.174756808,360,1,0,92
152,1.0,0.0,1,1,1000,10687,16.93108528,360,0,1,56
153,,,1,1,400,2150,27.54566651,360,1,0,146
154,,,1,1,824,29125,16.44298119,360,1,0,132
155,1.0,0.0,1,1,51,10687,23.05722233,360,0,0,72
156,1.0,0.0,1,1,200,10687,2.387027547,360,0,1,50
157,1.0,0.0,1,1,400,10687,30.21645842,120,0,1,24
158,1.0,0.0,1,1,1000,3984,1.793247045,360,1,1,85
159,1.0,0.0,1,1,190,10687,2.41545602,360,1,0,90
160,1.0,0.0,1,1,180,10687,0.526609483,360,1,0,91
161,1.0,0.0,1,1,180,10687,4.762485885,360,1,0,91
162,1.0,0.0,1,1,51,10687,7.84802876,360,0,0,71
163,,,1,1,259,29125,78.22299416,360,1,0,136
164,,,1,1,8000,14572,36.26486131,360,0,1,107
165,1.0,0.0,1,1,150,10687,11.14698146,360,1,0,91
166,1.0,0.0,1,0,2000,10687,96.83749308,360,0,1,78
167,1.0,0.0,1,0,2000,10687,0.242635802,360,1,1,92
168,1.0,0.0,1,1,39,10687,25.75734434,360,0,0,73
169,,,1,1,400,2150,52.39305959,360,0,0,128
170,,,1,1,500,29125,549.388663,360,0,0,134
171,1.0,0.0,1,1,150,10687,10.18052517,360,1,0,92
172,,,1,1,259,29125,549.0729504,360,1,0,153
173,1.0,0.0,1,1,600,10687,3.775221847,360,0,1,51
174,1.0,0.0,1,0,1999,10687,4.143612745,360,0,1,73
175,,,1,1,400,2150,1.723205663,360,0,0,123
176,1.0,0.0,1,1,190,10687,3.11370745,360,1,0,90
177,,,1,1,234,7500,13.22028372,360,0,0,111
178,1.0,0.0,1,1,51,10687,7.607118777,360,0,0,73
179,,,1,1,259,29125,0.868151502,360,0,0,112
180,1.0,0.0,1,1,250,10687,1.433390007,360,1,0,90
181,1.0,0.0,1,1,180,10687,0.811475628,360,0,0,72
182,,,1,1,350,7800,1.079807198,360,1,0,131
183,1.0,0.0,1,1,51,10687,40.20565808,360,1,0,93
184,1.0,0.0,1,1,180,10687,1.580023575,360,1,0,92
185,,,1,1,400,2150,699.7382605,360,1,0,152
186,,,1,1,250,29125,7.91105667,360,0,0,112
187,1.0,0.0,1,1,27,10687,75.29014076,360,1,0,96
188,2.0,0.0,1,1,50,29125,0.771592102,360,1,1,101
189,1.0,0.0,1,1,1297,10687,13.57665389,360,0,1,56
190,,,1,1,234,7800,0.086433685,360,1,0,130
191,,,1,1,8000,14572,11.11387492,360,1,1,128
192,,,1,1,200,29125,232.4512976,360,0,0,127
193,1.0,0.0,1,1,210,10687,27.37359865,360,1,0,93
194,,,1,1,51,29125,12.47672045,360,1,0,131
195,1.0,0.0,1,1,500,10687,4.265715467,360,0,1,52
196,1.0,0.0,1,1,1297,10687,0.280835305,360,0,1,55
197,,,1,1,259,29125,184.4832765,360,1,0,144
198,,,1,1,51,29125,34.80363801,360,1,0,133
199,1.0,0.0,1,0,1000,1457,4.513840903,360,1,1,95
200,1.0,0.0,1,1,500,10687,0.0,360,1,1,70
201,,,1,1,400,2150,447.861569,360,0,0,142
202,,,1,1,600,29125,434.055659,360,0,1,109
203,1.0,,1,1,259,10687,20.07065709,360,1,0,101
204,,,1,1,1500,14572,46.47103057,360,1,1,119
205,,,1,1,1000,10687,36.76607579,5,0,0,69
206,,,1,1,600,29125,0.855508165,360,1,1,111
207,,,1,1,700,7500,31.59367237,360,1,0,137
208,1.0,0.0,1,1,21,10687,2.349418667,360,1,0,92
209,1.0,0.0,1,1,259,10687,80.01360497,45,0,1,15
210,1.0,0.0,1,1,1000,10687,0.818614682,360,1,1,77
211,,,1,1,1000,10687,80.01156355,5,0,0,71
212,1.0,0.0,1,1,100,0,0.512674467,360,1,1,92
213,1.0,0.0,1,1,7,10687,12.81612819,360,1,0,92
214,,,1,1,1000,29125,4.748981142,360,1,0,130
215,,,1,1,1000,10687,26.86027775,5,0,0,68
216,1.0,0.0,1,1,51,10687,73.36264232,360,1,0,97
217,,,1,1,600,29125,0.364240145,360,1,1,112
218,,,1,1,600,29125,0.792035137,360,1,1,111
219,,,1,1,259,29125,83.31618107,360,1,0,138
220,,,1,1,400,2150,49.61172759,360,0,0,127
221,,,1,1,200,29125,121.7758456,360,0,0,120
222,,,1,1,1200,9714,129.7621336,360,0,0,124
223,1.0,0.0,1,1,500,10687,0.653090195,360,1,1,71
224,1.0,0.0,1,1,90,10687,14.31551845,360,0,0,72
225,1.0,0.0,1,1,190,10687,0.0,360,0,0,71
226,,,1,1,259,29125,182.2127682,360,0,0,123
227,,,1,1,350,2150,15.42671533,360,0,0,125
228,,,1,1,400,2150,80.70723806,360,1,0,148
229,1.0,0.0,1,1,51,10687,18.57875976,360,1,0,92
230,1.0,0.0,1,1,51,10687,120.4246091,360,0,0,80
231,1.0,0.0,1,0,500,10687,4.9263617,360,0,1,58
232,1.0,0.0,1,1,170,10687,0.0,360,1,0,92
233,,,1,1,500,29125,92.93451233,360,1,0,137
234,1.0,0.0,1,1,25,10687,25.22720727,360,1,0,94
235,,,1,1,400,2150,713.6834728,360,0,0,130
236,1.0,0.0,1,1,200,10687,4.955262695,360,0,0,70
237,1.0,0.0,1,1,33,10687,18.442079,360,1,0,92
238,,,1,1,234,7500,4.297247962,360,1,0,130
239,2.0,0.0,1,1,1000,29125,261.2965033,360,1,1,117
240,,,1,1,259,120,301.2986108,360,1,0,162
241,,,1,1,5000,14572,2.699572855,360,0,1,106
242,1.0,0.0,1,1,2000,10687,50.94371687,180,1,1,63
243,,,1,1,259,9714,238.1747919,360,0,0,126
244,1.0,0.0,1,1,1000,10687,2.367433372,360,0,1,57
245,1.0,0.0,1,1,39,10687,33.17883337,360,0,0,74
246,1.0,0.0,1,1,51,10687,50.17004339,360,0,0,74
247,1.0,0.0,1,1,5000,10687,11.1682428,360,0,1,66
248,1.0,0.0,1,1,240,10687,1.93690349,360,0,0,71
249,,,1,1,400,2150,14.5591378,360,0,0,124
250,2.0,0.0,1,1,1000,29125,259.375886,360,0,1,99
251,1.0,0.0,1,1,200,10687,13.93912217,360,0,0,72
252,1.0,0.0,1,1,43,10687,104.3703454,360,0,0,78
253,1.0,0.0,1,1,600,10687,30.63025802,360,0,1,53
254,1.0,0.0,1,1,1999,10687,0.097040452,360,0,1,65
255,1.0,0.0,1,1,170,10687,3.655548757,360,1,0,91
256,1.0,1.0,0,1,500,9714,1.591915973,360,1,0,106
257,,,1,1,5400,14572,18.89121119,360,0,1,106
258,,,1,1,1000,10687,62.11205431,5,1,0,91
259,1.0,0.0,1,1,90,10687,2.182130648,360,0,0,71
260,1.0,0.0,1,1,1999,10687,2.043315077,40,1,1,42
261,,,1,1,400,2150,30.80650096,360,1,0,146
262,,,1,1,400,2150,195.5129271,360,1,0,156
263,,,1,1,5000,14572,355.7874293,360,0,1,120
264,1.0,0.0,1,1,41,10687,9.307360425,360,0,0,73
265,1.0,0.0,1,1,10,0,17.21048698,360,1,1,92
266,,,1,1,400,2150,38.45553558,360,0,0,127
267,,,1,1,8000,14572,21.47213646,360,0,1,106
268,1.0,0.0,1,1,21,10687,0.80354706,360,1,0,92
269,1.0,0.0,1,1,190,10687,1.415464373,360,1,0,90
270,1.0,0.0,1,1,100,0,9.163232705,360,1,1,91
271,,,1,1,1200,7500,18.77088559,360,0,0,124
272,,,1,1,259,29125,66.87737658,360,0,0,115
273,1.0,0.0,1,1,25,10687,13.36301787,360,0,0,73
274,2.0,0.0,1,1,50,29125,8.500907543,360,1,1,101
275,1.0,0.0,1,1,51,10687,11.2272582,360,0,0,71
276,,,1,1,5000,14572,45.10522872,360,1,1,130
277,,,1,1,1500,14572,26.16446988,360,1,1,119
278,,,1,1,400,2150,22.96854073,360,0,0,125
279,1.0,0.0,1,1,250,10687,1.60114304,360,1,0,90
280,,,1,1,350,7500,10.89530358,360,0,0,113
281,,,1,1,4000,14572,91.38322138,360,1,1,132
282,,,1,1,400,2150,1.761398572,360,0,0,124
283,1.0,0.0,1,1,35,10687,56.22021706,360,1,0,94
284,,,1,1,259,29125,189.2789899,360,1,0,143
285,1.0,0.0,1,1,1000,10687,89.96928484,360,1,1,83
286,,,1,1,3000,29125,0.720859482,360,1,0,135
287,1.0,0.0,1,1,51,10687,13.0969161,360,0,0,71
288,,,1,1,8000,14572,23.67424627,360,1,1,127
289,,,1,1,8000,14572,10.46352738,360,1,1,126
290,1.0,0.0,1,1,43,10687,0.274120812,360,1,0,92
291,2.0,0.0,1,1,1000,29125,1.369234125,360,1,1,102
292,1.0,0.0,1,1,250,10687,0.425754773,360,0,0,71
293,,,1,1,1200,7500,0.559897493,360,1,0,145
294,1.0,0.0,1,0,2000,10687,82.33875505,360,0,1,78
295,1.0,0.0,1,1,200,10687,13.36271249,360,1,0,92
296,1.0,0.0,1,1,500,10687,0.798269622,360,1,1,72
297,1.0,0.0,1,0,10,10687,0.342328235,360,1,1,78
298,1.0,0.0,1,1,31,10687,19.4957786,360,1,0,92
299,1.0,0.0,1,1,300,10687,0.433169708,360,0,0,70
300,1.0,0.0,1,1,1001,415,6.48788688,60,1,1,54
301,1.0,0.0,1,1,51,10687,3.631155705,360,1,0,91
302,1.0,0.0,1,1,9,10687,8.604705478,360,1,0,92
303,,,1,1,8000,14572,48.19838922,360,1,1,128
304,,,1,1,100,29125,0.039628448,360,1,0,130
305,2.0,0.0,1,1,1000,29125,0.489478548,360,1,1,101
306,,,1,1,500,29125,74.60782475,360,0,0,116
307,1.0,0.0,1,0,1001,415,0.735599492,360,1,1,98
308,1.0,0.0,1,1,1297,10687,1.471878128,360,0,1,55
309,,,1,1,234,7500,24.71032663,360,1,0,134
310,1.0,0.0,1,1,200,10687,0.490569592,360,0,0,71
311,,,1,1,400,2150,201.3326566,360,1,0,157
312,1.0,0.0,1,1,170,10687,13.61729588,360,0,0,73
313,1.0,0.0,1,0,2000,10687,0.296372252,360,0,1,71
314,,,1,1,1000,29125,192.3150715,360,0,0,124
315,,,1,1,272,29125,0.405431973,360,0,0,111
316,1.0,0.0,1,1,37,10687,11.06242965,360,1,0,92
317,1.0,0.0,1,1,200,10687,0.0,360,1,1,72
318,,,1,1,20,14572,12.21626216,360,0,1,92
319,1.0,0.0,1,1,1362,10687,11.57411209,360,1,1,85
320,1.0,0.0,1,1,200,10687,7.765944893,360,0,0,73
321,,,1,1,400,2150,691.8051035,360,0,0,130
322,1.0,0.0,1,1,250,10687,7.829638945,360,0,0,71
323,,,1,1,8000,14572,91.40441477,360,0,1,111
324,1.0,0.0,0,1,1999,10687,3.992069263,40,0,1,27
325,,,1,1,1000,29125,335.5994727,360,0,0,124
326,,,1,1,1000,29125,19.38068605,360,1,0,133
327,1.0,0.0,1,1,200,10687,10.54554959,360,1,0,92
328,1.0,0.0,1,0,2000,10687,5.19363099,360,1,1,92
329,1.0,0.0,1,1,200,10687,0.885238322,360,1,0,90
330,1.0,0.0,1,1,1000,10687,52.92844451,360,1,1,81
331,1.0,0.0,1,1,37,10687,5.48335902,360,1,0,92
332,1.0,0.0,1,1,250,10687,9.694259168,360,1,0,93
333,0.0,10.0,1,1,1200,7500,26.82394308,360,1,1,57
334,1.0,0.0,1,1,500,10687,9.221102332,360,0,1,51
335,,,1,1,350,7800,0.0,360,1,0,131
336,1.0,0.0,1,1,39,10687,18.91546258,360,0,0,71
337,1.0,0.0,1,1,300,10687,0.743790943,360,1,0,91
338,,,1,0,1000,9714,26.46825735,360,0,0,127
339,1.0,0.0,1,1,200,10687,3.288492112,360,1,1,72
340,,,1,1,200,29125,165.3792807,360,1,0,142
341,1.0,0.0,1,0,2000,10687,0.934000513,360,1,1,92
342,1.0,0.0,1,1,50,10687,0.92661999,360,0,1,52
343,,,1,1,50,29125,15.67080225,360,0,0,111
344,1.0,0.0,1,1,2000,10687,0.209044633,360,1,1,83
345,1.0,0.0,1,0,200,10687,0.953195957,360,1,1,78
346,2.0,0.0,1,1,1000,29125,22.00687659,360,1,1,102
347,2.0,0.0,1,1,1000,29125,23.5747222,360,0,1,84
348,1.0,0.0,1,1,1000,10687,19.47723858,360,1,1,76
349,1.0,0.0,1,1,200,10687,0.555070865,360,1,0,90
350,1.0,0.0,1,1,43,10687,14.95727448,360,0,0,71
351,1.0,1.0,0,1,500,9714,0.70898041,360,1,0,105
352,1.0,0.0,1,0,50,10687,0.236047245,360,1,1,79
353,1.0,0.0,1,1,39,10687,54.51838549,360,0,0,75
354,,,1,1,300,29125,4.02017943,360,1,0,131
355,1.0,0.0,1,1,800,10687,0.089111847,360,1,1,75
356,,,1,1,700,7500,1.829296188,360,1,0,136
357,,,1,1,5400,14572,227.5415255,360,1,1,140
358,1.0,0.0,1,1,250,10687,8.422754582,360,0,0,73
359,1.0,0.0,1,1,200,10687,21.79652002,360,0,0,72
360,1.0,0.0,1,1,35,10687,5.771705758,360,1,0,92
361,,,1,1,100,29125,9.765402265,360,0,0,113
362,1.0,0.0,1,1,200,10687,6.862963527,360,0,0,70
363,,,1,1,1500,14572,67.44664255,360,1,1,120
364,1.0,0.0,1,1,259,10687,0.549141823,360,1,1,70
365,,,1,1,350,2800,28.47310202,360,0,0,118
366,2.0,0.0,1,1,1000,29125,0.171668228,360,0,1,82
367,1.0,0.0,1,0,1000,10687,0.870541522,360,1,1,85
368,1.0,0.0,1,1,1000,0,5.290205615,360,1,1,91
369,1.0,1.0,0,1,500,9714,1.173779997,360,1,0,106
370,1.0,0.0,1,1,1000,3984,0.0,360,1,1,86
371,,,1,1,259,29125,230.7889547,360,0,0,127
372,2.0,0.0,1,1,1000,29125,37.81553923,360,0,1,84
373,1.0,0.0,1,1,27,10687,1.280875275,360,1,0,91
374,1.0,0.0,1,1,210,10687,47.60498682,360,0,0,75
375,1.0,0.0,1,1,210,10687,0.088241025,360,0,0,70
376,2.0,0.0,1,1,1000,29125,176.5662973,360,1,1,114
377,1.0,0.0,1,0,1000,10687,29.36154023,360,0,1,65
378,1.0,0.0,1,1,180,10687,0.6577834,360,0,0,72
379,1.0,0.0,1,1,300,10687,1.838517842,360,1,1,70
380,1.0,0.0,1,1,200,10687,0.0,360,1,1,71
381,,,1,1,100,29125,3.401648047,360,1,0,130
382,1.0,0.0,1,1,400,10687,14.04585243,60,0,1,14
383,,,1,1,200,29125,187.3661132,360,0,0,122
384,1.0,0.0,1,1,51,10687,23.1169214,360,1,0,94
385,,,1,1,259,29125,42.43879583,360,1,0,134
386,1.0,0.0,1,1,400,10687,1.765232663,360,0,1,50
387,1.0,0.0,1,1,180,10687,2.542366618,360,1,0,91
388,,,1,1,400,2150,236.4567305,360,1,0,159
389,,,1,1,8000,14572,3.237815845,360,1,1,126
390,,,1,1,5000,14572,102.2272687,360,1,1,134
391,,,1,1,259,29125,552.1540387,360,1,0,152
392,2.0,0.0,1,1,1000,29125,28.98707252,360,0,1,82
393,1.0,0.0,1,1,180,10687,0.0,360,0,0,70
394,1.0,0.0,1,1,39,10687,27.46301308,360,1,0,93
395,1.0,0.0,1,1,7,10687,5.780466598,360,0,0,72
396,,,1,1,8000,14572,0.184297785,360,1,1,125
397,,,1,0,800,9714,148.3363846,360,1,0,154
398,1.0,0.0,1,1,33,10687,33.28262037,360,0,0,73
399,1.0,0.0,1,0,1001,415,0.0,360,1,1,100
400,1.0,0.0,1,1,170,10687,1.652085117,360,1,0,92
401,1.0,0.0,1,1,824,0,4.74577929,360,1,1,91
402,,,1,1,1000,10687,78.11444478,5,1,0,90
403,1.0,0.0,1,1,200,10687,1.490825703,360,1,0,90
404,,,1,1,8000,14572,0.125446603,360,0,1,106
405,1.0,0.0,1,1,50,10687,15.44743869,360,0,1,52
406,1.0,0.0,1,1,51,10687,87.45656779,360,1,0,96
407,1.0,0.0,1,1,500,10687,1.507647402,360,0,1,51
408,,,1,1,600,29125,2.98312442,360,1,1,110
409,,,1,1,5400,14572,22.95959189,360,0,1,109
410,1.0,0.0,1,1,90,10687,6.469605037,360,0,0,72
411,,,1,1,1500,14572,60.68353673,360,0,1,101
412,1.0,0.0,1,1,180,10687,14.91999135,360,1,0,93
413,1.0,0.0,1,1,170,10687,1.058263112,360,1,0,90
414,1.0,0.0,1,1,51,10687,28.96084149,360,0,0,72
415,1.0,0.0,1,1,43,10687,2.038136137,360,1,0,90
416,1.0,0.0,1,1,500,10687,4.449169615,360,0,1,52
417,1.0,0.0,1,1,500,10687,4.848096418,360,1,1,70
418,1.0,0.0,1,1,1000,0,3.62567058,360,1,1,92
419,1.0,0.0,1,1,51,10687,5.090093863,360,0,0,70
420,1.0,0.0,1,1,51,10687,9.915534243,360,1,0,93
421,1.0,0.0,1,1,90,10687,4.388541038,360,0,0,71
422,1.0,0.0,1,1,400,10687,145.3417091,120,1,1,51
423,1.0,0.0,1,1,190,10687,1.099099362,360,0,0,72
424,,,1,1,1200,7500,3.542949233,360,0,0,124
425,,,1,1,400,2150,66.48175912,360,1,0,147
426,,,1,1,1200,7500,2.191318303,360,1,0,143
427,,,1,1,8000,14572,138.1722835,360,1,1,134
428,,,1,1,4000,14572,0.928949933,360,1,1,127
429,1.0,0.0,1,1,20,0,0.329629017,360,1,1,90
430,1.0,0.0,1,1,400,10687,97.64287311,60,1,1,41
431,,,1,1,5000,14572,28.29057298,360,0,1,109
432,,,1,1,1000,10687,1.377546022,5,0,0,65
433,1.0,0.0,1,1,600,10687,11.84808235,360,0,1,51
434,2.0,0.0,1,1,1000,29125,122.7746877,360,0,1,90
435,,,1,1,5000,14572,0.323364477,360,0,1,106
436,,,1,1,8000,14572,0.186100733,360,1,1,127
437,,,1,1,200,29125,246.5429296,360,0,0,128
438,1.0,0.0,1,1,51,10687,29.1913901,360,0,0,74
439,,,1,1,5400,14572,187.4973317,360,0,1,117
440,2.0,0.0,1,1,1000,29125,144.1298264,360,0,1,92
441,1.0,0.0,1,1,51,10687,30.79812836,360,1,0,93
442,,,1,1,100,29125,151.0116897,360,1,0,140
443,1.0,0.0,1,1,120,10687,1.976015693,360,1,0,90
444,1.0,0.0,1,1,31,10687,19.4175777,360,1,0,93
445,,,1,1,259,29125,353.1428045,360,1,0,145
446,1.0,0.0,1,1,50,10687,0.859951895,360,0,1,52
447,1.0,0.0,1,1,31,10687,15.86451846,360,0,0,72
448,,,1,1,1000,10687,186.9483313,5,0,0,77
449,1.0,0.0,1,1,23,10687,12.66131468,360,1,0,93
450,1.0,0.0,1,1,51,10687,14.8761184,360,0,0,73
451,,,1,1,400,2150,16.69032035,360,1,0,144
452,,,1,1,500,7500,16.56467171,360,1,0,131
453,,,1,1,259,29125,91.4050847,360,0,0,116
454,1.0,0.0,1,1,250,10687,0.781396907,360,1,0,92
455,1.0,0.0,1,1,1999,10687,48.91060591,40,0,1,24
456,1.0,0.0,1,1,51,10687,0.613239378,360,1,0,92
457,1.0,0.0,1,1,300,10687,3.792876742,360,0,1,52
458,1.0,0.0,1,1,1000,10687,0.322531857,360,1,1,76
459,,,1,1,350,7800,6.297236217,360,1,0,130
460,1.0,0.0,1,1,33,10687,29.56216432,360,0,0,73
461,1.0,0.0,1,1,250,10687,5.649467497,360,0,0,72
462,1.0,0.0,1,1,1362,10687,41.43801523,360,0,1,66
463,,,1,1,100,29125,1.005312163,360,0,0,111
464,1.0,0.0,1,1,800,10687,2.19345593,360,1,1,75
465,1.0,0.0,1,1,180,10687,6.092480315,360,1,0,90
466,,,1,1,1000,10687,131.8986596,5,0,0,75
467,,,1,1,350,2800,9.164030415,360,0,0,116
468,,,1,1,600,29125,9.901333,360,1,1,113
469,1.0,0.0,1,1,1297,10687,18.21694784,360,0,1,58
470,1.0,0.0,1,1,1000,0,13.56563121,360,1,1,91
471,,,1,1,400,2150,197.4883392,360,0,0,136
472,1.0,0.0,1,1,500,10687,0.630995305,360,1,1,71
473,1.0,0.0,1,1,250,10687,1.410528458,360,1,0,91
474,1.0,0.0,1,1,1000,0,12.19907017,360,1,0,113
475,,,1,1,600,29125,32.34562552,360,1,1,112
476,1.0,0.0,1,0,2000,10687,0.593241687,360,1,1,91
477,,,1,1,1000,29125,0.947062615,360,1,0,132
478,1.0,0.0,1,1,1000,3984,14.49250847,60,0,1,30
479,1.0,0.0,1,0,1000,10687,116.6735126,360,1,1,92
480,,,1,1,1000,10687,43.58155781,5,0,0,70
481,,,1,1,600,29125,3.461011783,360,0,1,91
482,,,1,1,600,29125,19.8726187,360,0,1,92
483,,,1,1,1200,9714,240.6427342,360,1,0,152
484,,,1,1,1000,10687,229.5215334,5,0,0,80
485,,,1,1,234,7800,7.840581745,360,0,0,113
486,1.0,0.0,1,1,1000,10687,0.501460765,360,1,1,76
487,1.0,0.0,1,1,43,10687,16.8151601,360,1,0,91
488,1.0,0.0,1,1,180,10687,2.316894888,360,1,0,90
489,,,1,1,400,2150,33.87167706,360,0,0,125
490,1.0,0.0,1,1,250,10687,23.19896395,360,1,0,93
491,,,1,1,350,7500,7.038619183,360,0,0,112
492,1.0,0.0,0,1,1999,10687,3.793726045,40,0,1,28
493,,,1,1,259,29125,182.5673003,360,0,0,124
494,,,1,1,272,9714,124.8042224,360,1,0,140
495,,,1,1,1000,29125,62.22574052,360,1,0,135
496,,,1,1,5000,14572,11.05952554,360,0,1,107
497,1.0,0.0,1,1,170,10687,3.43567043,360,1,0,90
498,,,1,1,5400,14572,177.8403947,360,1,1,139
499,,,1,1,234,2150,16.93219506,360,0,0,117
500,1.0,0.0,1,0,259,415,32.48083158,50,1,1,55
501,,,1,1,1000,29125,62.84236348,360,1,0,135
502,1.0,0.0,1,0,1000,10687,4.946028028,360,0,1,65
503,,,1,1,100,29125,133.6754367,360,1,0,140
504,,,1,1,400,2150,54.4116139,360,1,0,147
505,1.0,0.0,1,1,500,0,0.806052613,360,1,1,90
506,,,1,1,1500,14572,97.29196566,360,1,1,123
507,1.0,0.0,1,1,50,10687,22.33790142,360,0,1,53
508,,,1,1,500,29125,38.13114468,360,0,0,114
509,1.0,0.0,1,1,43,10687,27.94082309,360,0,0,72
510,,,1,1,400,2150,7.62747107,360,0,0,124
511,1.0,0.0,1,1,51,10687,40.86770254,360,1,0,93
512,,,1,1,400,2150,280.7500598,360,0,0,143
513,,,1,1,250,29125,155.1506302,360,1,0,141
514,1.0,0.0,1,1,51,10687,9.239751735,360,0,0,71
515,1.0,0.0,1,1,170,10687,10.26050946,360,1,0,93
516,1.0,0.0,1,1,30,10687,49.23327075,360,0,0,74
517,1.0,0.0,1,1,1000,2915,7.445268907,120,0,1,37
518,1.0,0.0,1,1,300,10687,0.637922528,360,0,0,72
519,,,1,1,600,29125,203.7123803,360,0,1,105
520,,,1,1,350,2150,0.609620442,360,1,0,144
521,,,1,1,300,29125,3.96411437,360,0,0,112
522,1.0,0.0,1,1,400,10687,0.419965433,360,1,1,70
523,1.0,0.0,1,1,170,10687,0.325019615,360,0,0,71
524,,,1,1,1000,10687,2.109842048,360,1,0,135
525,,,1,1,400,2150,33.46596246,360,0,0,126
526,,,1,1,200,29125,126.6637557,360,1,0,140
527,,,1,1,600,29125,138.9983427,360,0,1,99
528,,,1,1,259,147,54.04759855,360,1,0,155
529,1.0,0.0,1,1,200,10687,14.51366287,360,1,0,93
530,,,1,1,1000,10687,137.6935117,5,1,0,94
531,1.0,0.0,1,1,500,10687,3.490426512,360,1,1,70
532,1.0,0.0,1,1,51,10687,8.550279507,360,0,0,73
533,1.0,0.0,1,1,259,0,1.170135492,360,1,1,90
534,1.0,0.0,1,1,500,10687,0.678393962,360,0,1,50
535,1.0,0.0,1,0,1000,10687,3.981472805,360,0,1,63
536,,,1,1,234,7800,12.76872543,360,1,0,133
537,1.0,0.0,1,1,50,10687,1.041633168,360,0,1,50
538,1.0,0.0,1,1,600,10687,0.693326998,360,1,1,71
539,,,1,1,350,2150,23.71636032,360,1,0,146
540,,,1,1,272,29125,78.31959757,360,0,0,115
541,,,1,1,272,29125,2.027208362,360,1,0,131
542,1.0,0.0,1,1,200,10687,1.954493642,360,0,0,70
543,1.0,0.0,1,1,1362,10687,33.1810727,360,0,1,67
544,1.0,0.0,1,1,500,10687,6.477322372,360,1,1,70
545,1.0,0.0,1,1,51,10687,9.069469417,360,0,0,73
546,1.0,0.0,1,1,100,0,2.470048427,360,1,1,90
547,1.0,0.0,1,1,1297,10687,2.398513343,360,1,1,76
548,1.0,0.0,1,1,500,10687,33.55282207,360,1,1,73
549,1.0,0.0,1,1,250,10687,3.62493505,360,1,0,91
550,1.0,0.0,1,1,180,10687,0.359707967,360,1,0,90
551,1.0,0.0,1,0,1000,10687,52.75597375,360,0,1,69
552,,,1,1,234,2800,31.67524367,360,1,0,137
553,,,1,1,1000,10687,0.811762447,360,0,0,115
554,,,1,1,200,29125,3.221768657,360,1,0,132
555,1.0,0.0,1,0,1001,415,0.639567808,360,1,1,99
556,1.0,0.0,1,1,2000,10687,9.744113028,180,0,1,39
557,1.0,0.0,1,1,41,10687,18.5746051,360,1,0,93
558,1.0,0.0,1,1,200,10687,7.409635397,360,1,0,92
559,,,1,1,100,29125,223.7490022,360,1,0,147
560,,,1,1,1000,29125,56.71258146,360,0,0,114
561,1.0,0.0,1,1,190,10687,4.911221285,360,0,0,71
562,,,1,1,500,29125,129.6566336,360,1,0,141
563,1.0,0.0,1,1,1297,10687,4.37575073,360,1,1,77
564,1.0,1.0,0,1,500,9714,0.92275837,360,1,0,105
565,,,1,1,1500,29125,139.3811053,360,0,0,120
566,1.0,0.0,1,1,250,10687,4.256729492,360,0,0,70
567,,,1,1,234,2800,14.40094028,360,0,0,117
568,1.0,0.0,1,1,21,10687,4.188515677,360,1,0,90
569,1.0,0.0,1,1,31,10687,7.076281847,360,0,0,70
570,1.0,0.0,1,1,1000,10687,5.022517657,360,0,1,57
571,1.0,0.0,1,1,150,10687,3.077853057,360,1,0,92
572,2.0,0.0,1,1,1000,29125,11.05969461,360,1,1,101
573,,,1,1,600,29125,36.75817095,360,0,1,94
574,1.0,0.0,1,1,272,10687,4.261450725,360,1,1,71
575,1.0,0.0,1,1,1000,0,0.0,360,1,1,92
576,,,1,1,100,29125,17.60613756,360,0,0,111
577,1.0,0.0,1,1,100,0,0.0,360,1,1,91
578,,,1,1,201,29125,1.926823925,360,1,0,132
579,1.0,0.0,1,1,600,10687,0.996773577,360,0,1,50
580,,,1,1,400,2150,52.68494097,360,1,0,149
581,1.0,0.0,1,1,1000,3984,24.39939051,360,1,1,88
582,,,1,1,259,29125,518.9422741,360,1,0,151
583,1.0,0.0,1,1,51,10687,14.24679034,360,1,0,93
584,,,1,1,400,2150,644.7891539,360,1,0,149
585,1.0,0.0,1,1,51,10687,20.71947566,360,1,0,91
586,1.0,0.0,1,1,2000,10687,5.225699512,360,1,1,85
587,1.0,0.0,1,1,30,10687,28.76972532,360,0,1,53
588,1.0,0.0,1,1,51,10687,55.45803896,360,1,0,96
589,,,1,1,234,7500,9.623061672,360,0,0,113
590,1.0,0.0,1,1,51,10687,2.997493653,360,1,0,91
591,1.0,0.0,1,1,1000,0,0.525666728,360,1,1,91
592,1.0,0.0,1,1,5000,10687,11.1682428,360,1,1,88
593,2.0,0.0,1,1,1000,29125,489.2670576,360,0,1,100
594,,,1,1,8000,14572,1.000964945,360,1,1,127
595,,,1,1,100,29125,20.43275478,360,0,0,113
596,,,1,1,259,9714,5.621887273,360,1,0,131
597,1.0,0.0,1,1,600,10687,22.35490915,360,0,1,53
598,,,1,1,500,29125,70.19731906,360,1,0,137
599,1.0,0.0,1,1,27,10687,1.176373537,360,1,0,91
600,,,1,1,400,2150,620.5287112,360,0,0,130
601,,,1,1,1000,29125,3.745875797,360,0,0,111
602,0.0,10.0,1,1,1200,7500,0.275846148,360,0,1,33
603,2.0,0.0,1,1,50,29125,26.6812425,360,1,1,102
604,,,1,1,1500,14572,9.824653485,360,0,1,98
605,,,1,1,4000,14572,28.56473607,360,1,1,128
606,,,1,1,5400,14572,125.5824981,360,1,1,133
607,,,1,1,259,29125,37.76563015,360,1,0,134
608,,,1,1,1000,10687,464.9978364,5,1,0,106
609,1.0,0.0,1,1,200,10687,2.333099792,360,0,0,72
610,,,1,1,400,2150,75.20776615,360,1,0,150
611,,,1,1,1000,10687,8.15702014,5,0,0,67
612,,,1,1,500,29125,33.78087831,360,0,0,114
613,,,0,1,2000,29125,165.1924551,360,0,0,133
614,1.0,0.0,1,1,210,10687,0.488927258,360,1,0,92
615,1.0,0.0,1,1,180,10687,0.233581067,360,0,0,72
616,1.0,0.0,1,1,1000,0,5.523672042,360,1,1,90
617,1.0,0.0,1,1,51,10687,21.07214385,360,1,0,92
618,1.0,0.0,1,1,259,0,1.0213374,360,1,1,91
619,1.0,0.0,1,1,1362,10687,2.830733065,360,1,1,85
620,1.0,0.0,1,1,200,10687,10.62458041,360,0,0,73
621,1.0,0.0,1,1,50,10687,3.062783455,360,0,1,50
622,1.0,0.0,1,1,41,10687,46.81003209,360,1,0,94
623,1.0,0.0,1,1,1297,10687,18.43331937,360,1,1,76
624,,,1,1,272,9714,46.26621153,360,1,0,135
625,2.0,0.0,1,1,1000,29125,6.236076122,360,1,1,102
626,,,1,1,1500,14572,6.889733797,360,1,1,115
627,,,1,1,259,9714,88.77245538,360,0,0,118
628,,,1,1,234,2800,8.487333277,360,0,0,118
629,,,1,1,259,29125,425.0626348,360,0,0,129
630,,,1,1,8000,14572,10.33179249,360,1,1,127
631,1.0,0.0,1,1,110,10687,4.614191865,360,1,0,91
632,1.0,0.0,1,1,2000,10687,3.775889407,360,0,1,65
633,,,1,1,400,2150,243.9872497,360,0,0,139
634,,,1,1,700,7500,25.2220841,360,1,0,139
635,,,1,1,400,2150,377.3917895,360,0,0,139
636,,,1,1,234,7800,2.119497245,360,0,0,111
637,,,1,1,500,29125,25.34428787,360,1,0,133
638,,,1,1,259,29125,233.0638126,360,1,0,148
639,1.0,0.0,1,1,10,0,11.36856361,360,1,1,93
640,1.0,0.0,1,1,200,10687,10.45122019,360,1,0,91
641,1.0,0.0,1,1,50,10687,3.157264622,360,1,0,91
642,1.0,0.0,1,1,51,10687,19.8393324,360,0,0,72
643,2.0,0.0,1,1,1000,29125,307.3051602,360,0,1,93
644,1.0,0.0,1,1,500,10687,44.70943728,360,1,1,75
645,,,1,1,100,29125,111.3307329,360,0,0,118
646,1.0,0.0,1,1,30,10687,1.875628805,360,1,0,90
647,,,1,1,1000,29125,20.17360228,360,0,0,113
648,,,1,1,501,29125,110.1620539,360,1,0,137
649,,,1,1,500,29125,26.47262291,360,1,0,132
650,,,1,1,400,2150,34.73441011,360,1,0,147
651,2.0,0.0,1,1,1000,29125,44.03915684,360,0,1,85
652,1.0,0.0,1,1,1297,10687,15.61182544,360,0,1,58
653,,,1,1,100,29125,28.32919158,360,1,0,132
654,,,1,1,400,2150,34.892068,360,0,0,126
655,1.0,0.0,1,1,51,10687,20.27156404,360,1,0,93
656,1.0,0.0,1,1,200,10687,8.431286565,360,0,0,71
657,1.0,0.0,1,0,1000,10687,8.260040467,360,1,1,85
658,,,1,1,350,7800,0.603333513,360,1,0,130
659,,,1,1,1200,7500,16.96866451,360,0,0,125
660,1.0,0.0,1,1,180,10687,9.759155717,360,0,0,71
661,,,1,1,4000,14572,140.3898065,360,1,1,136
662,,,1,1,259,29125,50.387971,360,0,0,114
663,,,1,1,600,29125,46.89249051,360,1,1,114
664,1.0,0.0,1,1,250,10687,8.104886808,360,0,0,73
665,2.0,0.0,1,1,1000,29125,9.720215332,360,0,1,83
666,,,1,1,100,29125,0.21359054,360,1,0,132
667,,,1,1,824,29125,31.61863985,360,1,0,134
668,1.0,0.0,1,1,35,10687,13.68102657,360,0,0,71
669,,,1,1,234,7500,3.167449048,360,0,0,112
670,,,1,1,4000,14572,197.2979695,360,0,1,118
671,1.0,0.0,1,1,300,10687,14.04959018,360,0,1,51
672,1.0,0.0,1,1,500,10687,19.42852179,360,1,1,71
673,,,1,1,700,7500,15.48466874,360,1,0,138
674,,,1,1,259,29125,302.6900643,360,1,0,142
675,,,1,1,100,29125,61.22943951,360,0,0,115
676,,,1,1,350,7500,8.80400289,360,1,0,131
677,,,1,1,259,9714,33.5121356,360,1,0,134
678,1.0,0.0,1,1,1999,10687,5.420198327,40,0,1,22
679,1.0,1.0,0,1,500,9714,126.1494209,360,1,0,114
680,,,1,1,600,29125,65.85301303,360,1,1,115
681,,,1,1,500,29125,6.280801347,360,0,0,111
682,,,1,1,600,29125,4.07184173,360,0,1,92
683,1.0,0.0,1,1,130,10687,7.489137225,360,0,0,70
684,,,1,1,259,29125,0.888011613,360,0,0,111
685,1.0,0.0,1,1,200,10687,28.59336469,360,1,0,93
686,,,1,1,200,29125,66.46580517,360,1,0,135
687,2.0,0.0,1,1,1000,29125,40.09755829,360,1,1,104
688,1.0,0.0,1,1,500,10687,15.87621984,360,1,1,72
689,1.0,0.0,1,1,272,10687,38.13076302,360,0,1,55
690,1.0,0.0,1,1,1000,10687,1.526327645,360,1,1,76
691,1.0,0.0,1,1,33,10687,75.81075801,360,0,0,76
692,1.0,0.0,1,1,250,10687,12.63886327,360,0,0,71
693,1.0,0.0,1,1,250,10687,0.605834587,360,0,0,72
694,0.0,10.0,1,1,1200,7500,5.735756582,360,0,1,35
695,,,0,1,2000,29125,2.04852595,360,0,0,121
696,1.0,0.0,1,1,500,10687,0.178178677,360,1,1,71
697,,,1,1,201,29125,66.09078529,360,0,0,115
698,1.0,0.0,1,1,33,10687,93.51539741,360,0,0,76
699,,,1,1,1500,14572,1.39838259,360,0,1,95
700,1.0,0.0,1,1,51,10687,10.78353711,360,1,0,92
701,1.0,0.0,1,1,400,10687,136.0758831,60,0,1,23
702,1.0,0.0,1,1,50,10687,1.129103098,360,0,1,52
703,1.0,0.0,1,1,37,10687,34.0154831,360,1,0,93
704,1.0,0.0,1,1,50,10687,114.5190961,360,0,1,59
705,,,1,1,400,2150,20.71329803,360,0,0,126
706,1.0,0.0,1,1,1000,0,4.221745205,360,1,1,90
707,,,1,1,1000,10687,23.42750937,5,0,0,68
708,,,1,1,600,29125,0.560637878,360,0,1,92
709,1.0,0.0,1,1,50,10687,0.720386565,360,1,0,90
710,1.0,0.0,1,1,15,10687,16.3787988,360,0,0,71
711,,,1,1,1000,10687,223.9596512,5,0,0,82
712,,,1,1,234,2150,9.412370312,360,0,0,116
713,1.0,0.0,1,1,600,10687,1.970412,360,1,1,72
714,1.0,0.0,1,1,41,10687,26.64448029,360,0,0,74
715,,,1,1,1500,14572,102.4235455,360,1,1,123
716,1.0,0.0,1,1,31,10687,2.246101765,360,0,0,72
717,,,1,1,8000,14572,76.48288463,360,1,1,132
718,1.0,0.0,1,1,35,10687,42.15007604,360,1,0,93
719,,,1,1,8000,14572,214.4095827,360,1,1,140
720,,,1,1,234,7800,11.10292354,360,1,0,132
721,,,1,1,400,29125,11.44734736,360,0,0,113
722,1.0,0.0,1,1,130,10687,0.909158332,360,1,0,91
723,,,1,1,500,29125,61.90889897,360,1,0,135
724,1.0,0.0,1,1,41,10687,36.75141411,360,0,0,73
725,1.0,1.0,0,1,500,9714,88.8407512,360,1,0,111
726,1.0,0.0,1,1,600,10687,50.29139248,360,1,1,75
727,0.0,10.0,1,1,1200,7500,4.949097913,360,0,1,35
728,,,1,1,1000,10687,9.488514342,5,0,0,67
729,1.0,0.0,1,1,41,10687,59.39854211,360,1,0,96
730,1.0,0.0,1,1,190,10687,2.252066767,360,1,0,90
731,,,1,1,234,2150,8.86558955,360,1,0,137
732,,,1,1,600,29125,0.074138225,360,0,1,90
733,,,1,1,5000,14572,38.65451801,360,0,1,110
734,1.0,0.0,1,1,400,10687,5.18976009,360,0,0,72
735,1.0,0.0,1,1,25,10687,5.284917998,360,1,0,90
736,1.0,0.0,1,1,51,10687,18.57927494,360,0,0,73
737,1.0,0.0,1,1,1297,10687,5.174004213,360,1,1,76
738,1.0,0.0,1,1,200,10687,8.745576823,360,1,0,91
739,,,1,1,1000,10687,51.40907111,5,1,0,90
740,1.0,0.0,0,1,1999,10687,0.395895693,360,0,1,68
741,1.0,1.0,0,1,500,9714,423.02986,360,1,0,123
742,1.0,0.0,1,1,600,10687,19.00199408,360,0,1,53
743,1.0,0.0,1,1,50,10687,0.386083998,360,1,1,70
744,1.0,0.0,1,1,120,10687,14.49139066,360,1,0,93
745,,,1,1,259,29125,175.0662477,360,1,0,142
746,1.0,0.0,1,1,100,10687,1.674200612,360,0,0,72
747,,,1,1,500,29125,125.8697255,360,1,0,138
748,,,1,1,8000,14572,4.290085768,360,0,1,106
749,1.0,0.0,1,1,51,10687,41.34378155,360,1,0,93
750,1.0,0.0,1,1,1999,10687,16.75824922,40,1,1,43
751,1.0,0.0,1,1,500,10687,46.17802009,360,1,1,75
752,1.0,0.0,1,1,180,10687,2.22564019,360,1,0,92
753,,,1,1,350,2150,19.94575522,360,1,0,145
754,,,1,1,8000,14572,2.843983985,360,1,1,126
755,,,1,1,500,7800,1.532805298,360,1,0,130
756,,,1,1,5000,14572,2.699572855,360,0,1,105
757,1.0,0.0,1,1,259,10687,51.29163352,45,0,1,13
758,1.0,0.0,1,1,17,10687,18.56206236,360,0,0,71
759,1.0,0.0,1,1,51,10687,12.6069611,360,1,0,92
760,,,1,1,259,29125,148.4935573,360,1,0,141
761,1.0,0.0,1,1,51,10687,10.19435255,360,1,0,92
762,1.0,0.0,1,1,200,10687,7.309296622,360,1,0,91
763,1.0,0.0,1,1,210,10687,2.981897233,360,0,0,70
764,1.0,0.0,1,1,500,10687,0.180110697,360,1,1,72
765,1.0,0.0,1,1,150,10687,9.805919595,360,0,0,72
766,1.0,0.0,1,1,600,10687,58.79195559,360,1,1,75
767,,,1,1,400,2150,17.61651543,360,0,0,125
768,,,1,1,700,2150,11.41839804,360,1,0,146
769,1.0,0.0,1,1,30,10687,0.851075735,360,0,1,52
770,,,1,1,1500,29125,125.6341464,360,0,0,119
771,1.0,0.0,1,1,51,10687,149.1868948,360,1,0,100
772,,,1,1,600,29125,0.269802548,360,0,1,91
773,,,1,1,400,2150,10.24957285,360,1,0,145
774,2.0,0.0,1,1,1000,29125,94.19623106,360,1,1,106
775,1.0,0.0,1,1,27,10687,14.48219591,360,0,0,72
776,1.0,0.0,1,0,2000,10687,35.61837419,360,1,1,94
777,1.0,0.0,1,1,43,10687,0.256254603,360,0,0,70
778,,,1,1,400,2150,38.81002706,360,0,0,126
779,,,1,1,1200,9714,131.7865922,360,1,0,146
780,,,1,1,259,29125,412.8176817,360,1,0,147
781,,,1,1,8000,14572,2.44586928,360,0,1,105
782,1.0,0.0,1,1,200,10687,28.73421201,360,1,0,94
783,,,1,1,400,2150,30.83408861,360,1,0,147
784,,,1,1,400,2150,227.9914368,360,0,0,138
785,,,1,1,1000,29125,661.2629543,360,1,0,139
786,1.0,0.0,1,1,210,10687,1.821015562,360,0,0,72
787,,,1,1,261,29125,2.94405086,360,0,0,112
788,1.0,0.0,1,1,51,10687,4.934738303,360,0,0,72
789,1.0,0.0,1,1,13,10687,41.44086161,360,0,0,73
790,1.0,0.0,1,1,100,0,0.312572612,360,1,1,90
791,1.0,0.0,1,1,1000,10687,36.64388906,360,0,1,59
792,,,1,1,1000,10687,349.4977611,5,0,0,81
793,1.0,0.0,1,1,150,10687,0.393920153,360,1,0,92
794,,,1,1,1000,29125,70.8818235,360,0,0,116
795,,,1,1,1000,10687,171.378119,5,1,0,98
796,2.0,0.0,1,1,50,29125,2.962570482,360,1,1,102
797,,,1,1,400,2150,97.4495637,360,0,0,130
798,,,1,1,259,29125,3.902603907,360,0,0,110
799,1.0,0.0,1,1,170,10687,2.984423982,360,1,0,91
800,,,1,1,1200,7500,2.182150215,360,1,0,144
801,1.0,0.0,1,1,250,10687,0.429635163,360,0,0,71
802,,,1,1,1000,29125,2.020955417,360,0,0,111
803,,,1,1,8000,14572,13.09208316,360,0,1,108
804,1.0,0.0,1,1,1000,10687,69.00211708,360,1,1,80
805,,,1,1,259,29125,319.0908198,360,0,0,123
806,,,1,1,1000,10687,120.536596,5,0,0,75
807,1.0,0.0,1,1,300,10687,4.289798892,360,1,0,92
808,,,1,1,200,29125,129.1685559,360,1,0,141
809,1.0,0.0,1,1,400,10687,18.94112825,60,0,1,14
810,,,1,1,234,2150,15.9163891,360,1,0,136
811,1.0,0.0,1,1,1297,10687,29.4839415,360,1,1,79
812,1.0,0.0,1,1,160,10687,1.201228805,360,1,0,91
813,,,1,1,1000,10687,552.2507402,5,1,0,107
814,,,1,1,259,29125,1.19247234,360,1,0,132
815,,,1,1,350,7500,21.80779907,360,0,0,111
816,1.0,0.0,1,1,180,10687,14.15417308,360,1,0,91
817,1.0,0.0,1,1,210,10687,1.805456693,360,0,0,70
818,1.0,0.0,1,1,400,10687,66.0417089,120,0,1,24
819,1.0,1.0,0,1,500,9714,11.45223111,360,0,0,88
820,1.0,0.0,1,1,500,10687,120.8635764,360,1,1,79
821,,,1,1,234,2800,24.05311311,360,1,0,137
822,,,1,1,400,2150,20.26943997,360,1,0,145
823,1.0,0.0,1,1,51,10687,0.439100075,360,0,0,71
824,1.0,0.0,1,1,1000,10687,16.93108528,360,1,1,77
825,,,1,1,600,29125,123.650804,360,1,1,118
826,1.0,0.0,1,1,800,10687,0.0,360,1,1,76
827,1.0,0.0,1,0,2000,10687,5.411678687,360,1,1,91
828,1.0,0.0,1,1,500,10687,1.219320682,360,1,1,71
829,1.0,0.0,1,1,259,10687,18.7020976,360,1,1,71
830,1.0,1.0,0,1,500,9714,136.1564773,360,0,0,96
831,1.0,0.0,1,1,51,10687,21.2006166,360,0,0,72
832,,,1,1,500,7500,3.98788604,360,1,0,130
833,1.0,0.0,1,0,2000,10687,1.723648713,360,0,1,73
834,1.0,0.0,1,1,180,10687,2.69713582,360,1,0,92
835,1.0,0.0,1,1,51,10687,51.61287901,360,1,0,93
836,,,1,1,259,29125,121.1234778,360,0,0,119
837,2.0,0.0,1,1,1000,29125,37.35835464,360,0,1,84
838,1.0,0.0,1,1,43,10687,24.75837313,360,1,0,92
839,,,1,1,234,2150,27.15502534,360,1,0,137
840,,,1,1,400,2150,106.0250838,360,1,0,152
841,,,1,0,300,9714,62.56490181,30,0,0,78
842,1.0,0.0,1,1,11,10687,14.0702738,360,0,0,72
843,,,1,1,1200,7500,11.02903425,360,1,0,145
844,1.0,0.0,1,1,51,10687,33.79407618,360,1,0,93
845,1.0,0.0,1,1,17,10687,2.060117637,360,1,0,91
846,1.0,0.0,1,1,51,10687,67.43442465,360,0,0,75
847,,,1,1,1500,14572,8.092476228,360,0,1,96
848,1.0,0.0,1,1,41,10687,8.607595867,360,0,0,72
849,1.0,0.0,1,1,1297,10687,0.895009838,360,0,1,56
850,1.0,0.0,1,1,30,10687,9.790760133,360,1,1,72
851,,,1,1,400,2150,24.23428249,360,0,0,126
852,2.0,0.0,1,1,1000,29125,64.6379577,360,1,1,106
853,1.0,0.0,1,1,1000,0,4.212609125,360,1,1,91
854,,,1,1,400,2150,8.802516517,360,1,0,144
855,,,1,1,700,7500,14.55591254,360,1,0,137
856,1.0,0.0,1,1,200,10687,5.28536787,360,1,0,92
857,,,1,1,700,2800,22.86509895,360,0,0,128
858,1.0,0.0,1,1,200,10687,44.06201072,360,1,0,95
859,1.0,0.0,1,1,200,10687,0.692606863,360,0,1,52
860,,,1,1,8000,14572,188.561616,360,1,1,140
861,1.0,0.0,1,1,51,10687,16.02799492,360,1,0,91
862,,,1,1,259,9714,128.0488037,360,0,0,119
863,1.0,0.0,1,1,1000,10687,69.14391875,360,1,1,81
864,,,1,1,824,29125,22.17172678,360,1,0,133
865,,,1,1,400,2150,308.658704,360,0,0,136
866,1.0,0.0,1,1,25,10687,4.810386907,360,0,0,71
867,,,1,1,400,2150,2.375583313,360,0,0,124
868,,,1,1,600,29125,18.05780259,360,0,1,93
869,,,1,1,8000,14572,1.993726513,360,1,1,125
870,1.0,0.0,1,1,29,10687,2.098502105,360,1,0,90
871,1.0,0.0,1,1,4000,0,3.122284823,360,1,1,92
872,1.0,0.0,1,1,2000,10687,0.598974533,360,0,1,64
873,1.0,0.0,1,0,2000,10687,2.376754642,360,1,1,91
874,1.0,0.0,1,1,1297,10687,2.389805942,360,1,1,75
875,,,1,1,259,9714,70.44557479,360,1,0,136
876,,,0,1,2000,29125,113.7007189,360,1,0,150
877,1.0,0.0,1,1,50,10687,0.971653888,360,0,1,51
878,1.0,0.0,1,1,1362,10687,1.174310967,360,0,1,63
879,2.0,0.0,1,1,1000,29125,0.0,360,0,1,82
880,1.0,0.0,1,1,1000,2915,0.329208835,360,1,1,85
881,1.0,0.0,1,0,2000,10687,18.47385657,360,1,1,92
882,,,1,1,234,2150,25.7324205,360,1,0,138
883,,,1,1,1000,10687,112.6047077,5,0,0,74
884,,,1,1,100,29125,124.6447111,360,1,0,139
885,,,1,1,200,29125,20.72209943,360,1,0,132
886,,,1,1,259,29125,11.04647393,360,1,0,133
887,,,1,1,1500,14572,2.25369123,360,0,1,97
888,1.0,0.0,1,1,37,10687,24.96343672,360,1,0,93
889,,,1,1,600,29125,175.9081095,360,0,1,103
890,2.0,0.0,1,1,1000,29125,206.2481175,360,1,1,116
891,,,1,1,1500,14572,25.40994008,360,0,1,98
892,1.0,0.0,1,0,1001,415,4.46386222,30,1,1,53
893,1.0,0.0,1,1,250,10687,8.559996913,360,1,0,92
894,,,1,1,400,2150,31.89126789,360,1,0,147
895,1.0,0.0,1,0,1001,415,1.278914282,360,1,1,100
896,1.0,0.0,1,1,30,10687,12.80898916,360,0,0,71
897,1.0,0.0,1,1,200,10687,0.945230465,360,1,0,92
898,,,1,1,300,29125,197.6365649,360,0,0,123
899,1.0,0.0,1,1,1001,415,0.687796687,360,1,1,91
900,1.0,0.0,1,0,4000,2915,10.63188857,360,0,1,81
901,,,0,1,2000,29125,107.0174403,360,0,0,128
902,1.0,0.0,1,1,1297,10687,17.91418126,360,0,1,56
903,1.0,0.0,1,1,1000,0,1.104624282,360,1,1,91
904,,,1,1,500,29125,67.35023964,360,0,0,114
905,1.0,0.0,1,1,250,10687,4.816615313,360,0,0,71
906,1.0,,1,1,272,10687,0.818917395,360,0,0,80
907,,,1,1,400,2150,249.5787918,360,0,0,140
908,,,1,0,800,9714,200.9070806,240,1,0,159
909,1.0,0.0,1,1,1000,10687,4.352944795,360,0,1,56
910,1.0,1.0,0,1,500,9714,83.10091621,360,0,0,91
911,1.0,0.0,1,1,1297,10687,26.44316778,360,1,1,79
912,,,1,1,200,29125,9.12731347,360,0,0,111
913,1.0,0.0,1,1,200,10687,5.447579673,360,1,0,91
914,1.0,0.0,1,1,51,10687,6.718093872,360,0,0,71
915,2.0,0.0,1,1,1000,29125,0.280863238,360,0,1,81
916,1.0,0.0,1,1,27,10687,29.50616104,360,0,0,74
917,1.0,0.0,1,1,200,0,0.268913355,360,1,1,91
918,1.0,0.0,1,1,1000,3984,0.0,360,1,1,87
919,1.0,0.0,1,1,23,10687,10.63087674,360,1,0,91
920,1.0,0.0,1,1,190,10687,3.483373603,360,1,0,90
921,1.0,0.0,1,0,2000,10687,0.230020643,360,0,1,72
922,,,1,1,1500,14572,3.313491933,360,0,1,96
923,,,1,1,1000,10687,112.1948678,5,1,0,94
924,1.0,0.0,1,1,190,10687,1.015339522,360,0,0,71
925,,,1,1,8000,14572,82.93557654,360,1,1,133
926,1.0,0.0,1,1,51,10687,13.67094257,360,1,0,92
927,,,1,1,300,29125,1.17513178,360,0,0,110
928,1.0,0.0,1,1,200,10687,0.24868058,360,1,0,90
929,1.0,0.0,1,1,7,10687,52.60206611,360,0,0,75
930,,,1,1,600,29125,132.7500113,360,0,1,100
931,,,1,1,8000,14572,5.641188092,360,0,1,106
932,1.0,0.0,1,1,400,10687,41.3782617,60,1,1,36
933,,,1,1,200,29125,185.710555,360,0,0,123
934,,,1,1,1000,29125,101.4594331,360,0,0,117
935,,,1,1,259,29125,14.65884353,360,0,0,112
936,1.0,0.0,1,0,1500,1457,20.88965458,360,0,1,80
937,,,1,1,8000,14572,3.712171313,360,1,1,127
938,1.0,0.0,1,1,51,10687,1.224239048,360,0,0,70
939,,,1,1,200,29125,277.1155159,360,1,0,150
940,,,1,1,259,29125,61.63265132,360,1,0,135
941,,,1,1,500,29125,84.79032708,360,0,0,117
942,,,1,1,350,2800,23.66498418,360,1,0,139
943,1.0,0.0,1,1,500,10687,50.70064945,360,0,1,54
944,1.0,0.0,1,1,100,0,0.701319175,360,1,0,111
945,,,1,1,1999,29125,58.91166045,360,1,0,141
946,1.0,0.0,1,1,31,10687,10.18740941,360,0,0,72
947,1.0,0.0,1,1,50,10687,105.3221451,360,0,1,57
948,,,1,1,201,29125,115.6381675,360,0,0,119
949,1.0,0.0,1,1,51,10687,4.311164422,360,0,0,70
950,,,1,1,259,29125,186.2354042,360,1,0,143
951,1.0,0.0,1,1,400,10687,0.256776617,360,0,1,51
952,1.0,0.0,1,1,51,10687,48.70291269,360,0,0,75
953,2.0,0.0,1,1,1000,29125,146.8849901,360,1,1,111
954,,,1,1,1500,14572,0.461457055,360,0,1,95
955,,,1,1,8000,14572,33.06992819,360,0,1,109
956,,,1,1,259,29125,98.7168368,360,0,0,118
957,1.0,0.0,1,1,240,10687,0.066369637,360,1,0,91
958,,,1,1,200,29125,154.5936811,360,0,0,120
959,,,1,1,700,7500,2.456058323,360,1,0,135
960,,,1,1,1500,14572,31.01486795,360,0,1,99
961,,,1,1,600,29125,0.57330497,360,0,1,90
962,,,1,1,1000,10687,331.9219273,5,0,0,80
963,,,1,1,400,2150,13.01602353,360,0,0,124
964,1.0,0.0,1,1,51,10687,33.9158248,360,0,0,74
965,,,1,1,100,29125,34.54437341,360,1,0,132
966,2.0,0.0,1,1,1000,29125,90.11964329,360,0,1,87
967,,,1,1,259,7500,364.5851326,360,0,0,127
968,,,1,1,8000,14572,261.1823999,360,0,1,124
969,,,1,1,500,10300,28.95836429,360,1,0,132
970,1.0,0.0,1,0,2000,10687,0.308790293,360,1,1,93
971,1.0,,1,1,259,10687,78.46786538,360,0,0,85
972,,,1,1,1000,29125,26.72575106,360,0,0,114
973,1.0,0.0,1,1,200,10687,0.682242267,360,1,0,90
974,1.0,0.0,1,1,1000,10687,0.789054682,360,1,1,75
975,,,1,1,1000,29125,465.2175224,360,0,0,130
976,,,1,1,200,29125,28.61590128,360,1,0,133
977,1.0,0.0,1,1,51,10687,20.58995498,360,1,0,93
978,1.0,0.0,1,1,130,10687,0.16655215,360,0,0,70
979,2.0,0.0,1,1,1000,29125,212.7283522,360,0,1,95
980,,,1,1,700,2800,8.693497955,360,1,0,147
981,1.0,1.0,0,1,500,9714,56.63596796,360,1,0,110
982,1.0,0.0,1,1,180,10687,6.984008847,360,0,0,72
983,1.0,0.0,1,1,200,10687,0.84737608,360,0,0,71
984,,,1,1,8000,14572,0.990679318,360,0,1,107
985,1.0,0.0,1,1,35,10687,40.3962133,360,1,0,95
986,1.0,0.0,1,1,170,10687,49.64946775,360,1,0,93
987,,,1,1,400,2150,3.6524394,360,1,0,144
988,1.0,0.0,1,1,51,10687,13.83655672,360,1,0,91
989,,,1,1,234,2800,16.52345775,360,1,0,138
990,1.0,0.0,1,1,37,10687,34.66130168,360,1,0,93
991,1.0,0.0,1,1,120,10687,7.15885514,360,1,0,91
992,1.0,0.0,1,0,1000,10687,0.278324743,360,1,1,83
993,1.0,0.0,1,1,100,10687,4.612292573,360,1,0,91
994,1.0,0.0,1,1,51,10687,10.68073202,360,0,0,73
995,1.0,0.0,1,1,180,10687,50.04763443,360,0,0,73
996,1.0,0.0,1,1,51,10687,53.12997917,360,1,0,96
997,,,1,1,1000,29125,60.68786806,360,0,0,114
998,,,1,1,259,29125,7.929360395,360,1,0,133
999,,,1,1,100,29125,52.6052355,360,1,0,135
