TimeStamp,JobId,JobStateId,Priority,TokenAllocation,QuotaTokens,AUId,VCId,TotalWaitingTimeInMins,random,SLA,JobRegistryId,IsYieldedEnabled,IsYieldForEnabled,YieldScopePriority_X,YieldScopePriority_Y
2020-08-07 09:36:08.613,368fe4de-36d6-46ea-92e4-bff4777d573f,0,1000,110,10164,ebc03cc6-28d7-413d-8ea1-e44f81a28f30,100,10.696189038333333,f8f44e1c-1e22-4fc9-b2bb-00000581264f,NULL,4923,1,1,1,0
2020-10-24 08:27:44.587,7036efad-7827-47af-abab-98efd84b2251,0,1000,180,10164,ebc03cc6-28d7-413d-8ea1-e44f81a28f30,100,1.4754603916666666,5a5e5510-c040-4bd1-a7be-0000062d2b12,NULL,4923,1,1,1,0
2020-01-04 12:03:40.970,204a87e5-72fa-4fe8-ae6f-4a76ad862713,1,2001,50,10164,ebc03cc6-28d7-413d-8ea1-e44f81a28f30,100,0.5398046483333333,32741f04-1015-48c3-96e1-00000971e581,NULL,4923,1,1,1,0
2018-04-27 09:02:41.453,aebfca61-9254-4d96-af76-5645a17ee58e,0,1000,80,10164,ebc03cc6-28d7-413d-8ea1-e44f81a28f30,100,4.388691725,34d2287a-638a-4cb3-83aa-00000eddc431,NULL,4923,1,1,1,0
2020-11-25 10:45:51.093,38e54d33-7511-45a8-9b7e-cd4d92a45952,0,1000,250,10164,ebc03cc6-28d7-413d-8ea1-e44f81a28f30,100,23.82342240166667,43559529-7d35-452a-bc67-00000f443631,NULL,4923,1,1,1,0
2020-11-03 12:36:18.210,d8cd3ff3-9eac-49cf-a46a-fc8f106f3324,0,1200,15,10164,ebc03cc6-28d7-413d-8ea1-e44f81a28f30,100,8.24203983,6649f03c-670e-4c08-9e4a-000011d522be,NULL,4923,1,1,1,0
2018-09-01 11:42:54.517,50248f0a-0fe9-4088-94a7-f0ec5e35aa33,0,1000,90,10164,ebc03cc6-28d7-413d-8ea1-e44f81a28f30,100,196.30698304666666,8b376d94-2f93-4ff8-a64a-0000122dbb85,NULL,4923,1,1,1,0
2020-12-07 11:34:21.727,9fd936be-fe56-4746-86fa-4143fa2f0361,0,1000,70,10164,ebc03cc6-28d7-413d-8ea1-e44f81a28f30,100,23.708112343333333,4cde23d0-73fc-4a07-98f3-000014a1465f,NULL,4923,1,1,1,0
2019-09-10 18:54:56.750,e95741b0-9cec-4a53-ad7b-b59c8c2b6086,0,1000,21,10164,ebc03cc6-28d7-413d-8ea1-e44f81a28f30,100,0.6691564783333334,5b716c4b-77d0-4acd-be6a-00001848e653,NULL,4923,1,1,1,0
2021-07-30 11:37:23.280,8cffb537-517c-4efd-9b18-6c89f9d85936,0,1000,180,10164,ebc03cc6-28d7-413d-8ea1-e44f81a28f30,100,32.311623616666665,1fe9cd28-a930-48ce-b591-00001b0905a1,NULL,4923,1,1,1,0
2020-11-09 09:39:43.473,274db7c2-79c4-488e-ad9a-f1bf19a5d7e0,0,1000,140,10164,ebc03cc6-28d7-413d-8ea1-e44f81a28f30,100,3.2429039166666667,fbb28e9c-1986-4697-a29f-00001d61bcfc,NULL,4923,1,1,1,0
2020-07-27 12:11:33.987,28ff1238-bb06-40e0-948e-7593c8c29d16,0,1200,31,10164,ebc03cc6-28d7-413d-8ea1-e44f81a28f30,100,1.6176346766666667,6db607e4-c641-424c-a31e-00001f65642d,NULL,4923,1,1,1,0
2018-08-10 14:08:28.487,7c1557fd-1adc-45f3-be6d-c7d03d966957,0,2001,250,10164,ebc03cc6-28d7-413d-8ea1-e44f81a28f30,100,120.81112414,d68c1a65-e812-4b48-bc4b-00002130f60b,NULL,4923,1,1,1,0
2020-12-05 10:55:16.157,f37afab2-efef-4080-a269-1e395f5c0665,0,1200,29,10164,ebc03cc6-28d7-413d-8ea1-e44f81a28f30,100,3.542044555,2def3306-1328-43b8-8d05-0000226fe96b,NULL,4923,1,1,1,0
2020-01-21 09:18:08.677,02cce057-de9a-4896-9760-0f0b174eebe7,0,1000,190,10164,ebc03cc6-28d7-413d-8ea1-e44f81a28f30,100,0.06883266166666667,90812c39-4b29-4f57-8a21-000025ddf9a5,NULL,4923,1,1,1,0
2019-06-21 20:23:06.320,658cdea2-e631-4cf5-936a-a7e31a88503e,0,1000,29,10164,ebc03cc6-28d7-413d-8ea1-e44f81a28f30,100,0.638043865,17eeee0e-c0a9-477d-9d2b-000029784032,NULL,4923,1,1,1,0
2018-08-12 13:22:26.080,c7262691-a632-4584-83c1-2f962153d490,0,1000,25,10164,ebc03cc6-28d7-413d-8ea1-e44f81a28f30,100,18.361497453333335,73f17288-3e86-4397-a3a4-00002aee72f3,NULL,4923,1,1,1,0
2020-10-27 09:12:33.927,69eb5b22-3233-4809-825d-4fbc35fa3aaf,0,1000,250,10164,ebc03cc6-28d7-413d-8ea1-e44f81a28f30,100,7.069802318333333,3f94a546-1841-48bb-b1bb-00002c861f0c,NULL,4923,1,1,1,0
2021-07-31 11:04:51.650,8fe0721f-4464-42b5-bad9-d604afc51b89,0,2001,49,10164,ebc03cc6-28d7-413d-8ea1-e44f81a28f30,100,24.381923273333335,170f5eec-8268-4090-89f8-000030388bfc,NULL,4923,1,1,1,0
2020-05-22 08:52:05.767,47f2bdca-9764-4336-b8b3-951cc3d31329,0,1000,60,10164,ebc03cc6-28d7-413d-8ea1-e44f81a28f30,100,16.23983054,c09b823e-3272-48be-b566-000030c66d4c,NULL,4923,1,1,1,0
2021-07-30 14:43:21.963,9bfe0b64-5b75-458a-987b-2bc647c16669,0,1200,37,10164,ebc03cc6-28d7-413d-8ea1-e44f81a28f30,100,23.787038435,5d5325a3-e18f-4914-8086-0000354c8341,NULL,4923,1,1,1,0
2020-09-21 08:27:37.453,098913cb-b5ea-46a6-9020-5e66634eb296,0,1000,200,10164,ebc03cc6-28d7-413d-8ea1-e44f81a28f30,100,4.235146873333333,6ae91264-b7df-43c7-b4fa-0000379aa9b8,NULL,4923,1,1,1,0
2018-09-17 08:42:29.863,3a1a541a-ec0e-4e70-a219-d6987388d127,0,1000,250,10164,ebc03cc6-28d7-413d-8ea1-e44f81a28f30,100,0.057117121666666666,e22d5baa-419b-48bd-9325-0000399252cf,NULL,4923,1,1,1,0
2021-01-04 12:41:43.987,9e6b5e46-74c7-4042-b54a-fc02130a9f83,0,1200,51,10164,ebc03cc6-28d7-413d-8ea1-e44f81a28f30,100,43.49037649,6785f731-b44d-4f56-a1a3-00003b0c87d0,NULL,4923,1,1,1,0
2020-04-05 08:12:15.527,82c0661e-e863-46d9-90dd-eb87965660c5,0,1000,200,10164,ebc03cc6-28d7-413d-8ea1-e44f81a28f30,100,2.2798141866666666,ac5f2d7e-46f6-4da8-85e9-00003b73a500,NULL,4923,1,1,1,0
2021-04-19 14:10:49.600,93add1ad-1568-400a-9490-6f471603b1c6,0,100,50,10164,ebc03cc6-28d7-413d-8ea1-e44f81a28f30,100,0,57392415-515e-46e4-9722-00003bd368dc,NULL,4923,1,1,1,0
2020-03-03 09:25:52.483,3970c93e-b587-49b4-bd74-31947664c21d,0,1000,250,10164,ebc03cc6-28d7-413d-8ea1-e44f81a28f30,100,2.9037295383333332,4674a489-e95f-407b-a18b-00003f792ea1,NULL,4923,1,1,1,0
2019-03-02 01:22:24.993,c2e637d7-db56-43d3-a891-01e83f151849,0,2001,50,10164,ebc03cc6-28d7-413d-8ea1-e44f81a28f30,100,0.8000686850000001,7f4c0bed-0221-4105-a2eb-00003ff9e0a4,NULL,4923,1,1,1,0
2020-12-10 11:49:50.720,666df20e-0bb0-41b6-a17d-22d2fcfb2f42,0,1000,100,10164,ebc03cc6-28d7-413d-8ea1-e44f81a28f30,100,116.54604673166666,8c0cf67e-e4f3-4921-b193-00004023e054,NULL,4923,1,1,1,0
2020-12-16 09:50:21.090,b735ce49-ab16-4b31-b41a-f3845e34a0ab,0,1000,180,10164,ebc03cc6-28d7-413d-8ea1-e44f81a28f30,100,9.582545066666667,6d42df03-35e4-491f-971e-00004601e0d5,NULL,4923,1,1,1,0
2020-11-25 10:48:56.937,2051c675-eb48-455c-8952-6044459aa812,0,1000,170,10164,ebc03cc6-28d7-413d-8ea1-e44f81a28f30,100,35.00529924666667,d306fa94-2076-40d9-b6c3-00004630bca8,NULL,4923,1,1,1,0
2018-09-27 16:16:23.330,b4073f6b-071d-4a4b-be17-b7e50da77e82,1,1000,23,10164,ebc03cc6-28d7-413d-8ea1-e44f81a28f30,100,15.058637681666667,1ca29770-ddb4-4b6d-8f08-00004b2874f1,NULL,4923,1,1,1,0
2020-10-30 07:46:14.230,8a949ba5-a5c1-45f8-a7ef-1ad64401fb7e,1,100,50,10164,ebc03cc6-28d7-413d-8ea1-e44f81a28f30,100,1.226477585,802ac374-c7e3-4c2b-a0b8-00004f3fa7f6,NULL,4923,1,1,1,0
2020-12-14 17:53:55.657,a75d272e-358d-4c57-aded-bd8352fe7765,1,100,50,10164,ebc03cc6-28d7-413d-8ea1-e44f81a28f30,100,13.434237305,823815ae-1ab2-4ebb-8d6a-00004f7cf9ed,NULL,4923,1,1,1,0
2020-04-25 11:03:07.837,afb500af-7bdd-4ed1-8ca7-0c727fd041ee,0,1200,39,10164,ebc03cc6-28d7-413d-8ea1-e44f81a28f30,100,4.796600921666667,3d9dca0f-cd62-4348-893d-000052ab5edf,NULL,4923,1,1,1,0
2020-06-05 09:46:56.387,53cab4df-8108-4d3a-b7b8-41eb7c836299,0,1000,190,10164,ebc03cc6-28d7-413d-8ea1-e44f81a28f30,100,4.655339561666667,c30d2c40-7ebd-4418-b92c-00005828bafc,NULL,4923,1,1,1,0
2020-12-07 11:16:16.173,63a668e7-583d-4168-855e-1024793fb749,0,1000,100,10164,ebc03cc6-28d7-413d-8ea1-e44f81a28f30,100,2.4794539233333333,2ee4af44-c5bf-46d5-b1ea-00005974aeba,NULL,4923,1,1,1,0
2019-01-12 14:02:37.677,e1c7520a-d470-49bc-bdbf-6ceae416154e,0,1000,51,10164,ebc03cc6-28d7-413d-8ea1-e44f81a28f30,100,37.91799549,c7ab8877-f859-4e73-8bf2-00005b753da2,NULL,4923,1,1,1,0
2020-11-11 10:43:53.943,43d52190-59d2-4e01-b7ab-6c96d1674067,0,1000,210,10164,ebc03cc6-28d7-413d-8ea1-e44f81a28f30,100,7.522376545,46cd29f0-2483-44f8-82aa-00005b7ee8bb,NULL,4923,1,1,1,0
2019-03-13 10:08:24.890,96ed6c31-c9e7-4ac1-9594-9b982ed22c7e,1,2001,250,10164,ebc03cc6-28d7-413d-8ea1-e44f81a28f30,100,27.555139333333333,f7cc0950-c372-41ab-8e91-00005bf9126e,NULL,4923,1,1,1,0
2020-12-09 09:33:44.950,fd84e101-a4b4-449d-9735-54b3a592be0b,0,1000,190,10164,ebc03cc6-28d7-413d-8ea1-e44f81a28f30,100,16.50270694,28b92fbb-8329-4f98-90c6-00005cd6497f,NULL,4923,1,1,1,0
2020-05-22 08:30:46.603,13f85fd9-5d04-4779-94eb-7527da3b5dee,0,1000,80,10164,ebc03cc6-28d7-413d-8ea1-e44f81a28f30,100,7.426228638333334,c2580f59-16b3-4273-8880-00005d655988,NULL,4923,1,1,1,0
2020-06-26 09:35:37.303,9662e39f-4331-4c2f-8821-b7ff8345a2a6,0,1000,250,10164,ebc03cc6-28d7-413d-8ea1-e44f81a28f30,100,6.835334378333333,d22c309a-bcdf-4079-9974-000060c3a99c,NULL,4923,1,1,1,0
2019-06-27 09:37:49.027,df095f71-9e12-4559-881c-f626fb824721,0,1000,300,10164,ebc03cc6-28d7-413d-8ea1-e44f81a28f30,100,0.39339572833333336,4e9f90fa-7b86-43cc-9a47-000061b7bd32,NULL,4923,1,1,1,0
2020-12-28 08:54:57.043,38ce03bb-0446-4cf1-9637-459139166c9b,0,600,1500,10164,ebc03cc6-28d7-413d-8ea1-e44f81a28f30,100,68.53114875166666,d253a893-dfd7-449c-b622-000061f11f03,NULL,4923,1,1,1,0
2018-08-10 14:38:26.067,23413991-6f64-4671-b403-875153a14c93,0,1000,51,10164,ebc03cc6-28d7-413d-8ea1-e44f81a28f30,100,11.372805008333334,e3beec0f-27aa-488a-893d-000069b38378,NULL,4923,1,1,1,0
2019-03-20 17:39:24.640,c305ee5a-f81e-4165-beaa-55fdd2b29850,0,2001,1500,10164,ebc03cc6-28d7-413d-8ea1-e44f81a28f30,100,15.238681146666668,a7fe9b91-2e54-4474-8858-00006a0f86fe,NULL,4923,1,1,1,0
2021-04-15 11:36:52.917,808a98ee-07da-49a2-abd0-3a905188d448,0,1000,130,10164,ebc03cc6-28d7-413d-8ea1-e44f81a28f30,100,14.16229233,709fcab0-8892-4cc1-a909-00006a814846,NULL,4923,1,1,1,0
2020-12-02 12:08:07.063,944f49a9-49bc-4697-a6fb-832c7eca68ca,0,1200,39,10164,ebc03cc6-28d7-413d-8ea1-e44f81a28f30,100,2.966584605,9529fb81-25c9-412a-9af2-00006a82945b,NULL,4923,1,1,1,0
2021-02-10 11:26:57.557,9a40a4da-3882-4d26-9424-341d7224d43c,0,2001,180,10164,ebc03cc6-28d7-413d-8ea1-e44f81a28f30,100,3.317490043333333,23af0f45-dc19-4538-8622-00006d535491,NULL,4923,1,1,1,0
2021-05-11 11:38:09.927,6dea411d-5bc4-4c38-bd05-0d6a0c654cde,0,1000,180,10164,ebc03cc6-28d7-413d-8ea1-e44f81a28f30,100,0.7666092766666667,47ffc9e7-df4d-4d58-a970-00006e8a5038,NULL,4923,1,1,1,0
2020-11-22 10:00:21.920,a142dc0e-3d5f-4f83-bb4e-c1cee73acc7e,0,1000,180,10164,ebc03cc6-28d7-413d-8ea1-e44f81a28f30,100,4.818119118333334,00a9fb5d-3bda-4d3f-a7fe-000071523011,NULL,4923,1,1,1,0
2020-05-08 08:49:53.940,cecba821-9ca1-440b-bd98-09d7b2621d42,0,1200,51,10164,ebc03cc6-28d7-413d-8ea1-e44f81a28f30,100,15.124536983333334,0856fdc6-8337-478d-9743-000072a44bf3,NULL,4923,1,1,1,0
2020-08-04 08:17:38.767,a0d761db-e6ff-41bc-b0ec-440f8cfa2d9a,0,1000,100,10164,ebc03cc6-28d7-413d-8ea1-e44f81a28f30,100,6.25667972,0736d52c-a470-483d-8acf-00007302c589,NULL,4923,1,1,1,0
2020-12-28 09:17:22.160,53a023bd-627e-4fcd-9b1d-74fdbf335c87,0,600,1500,10164,ebc03cc6-28d7-413d-8ea1-e44f81a28f30,100,59.84131619166667,967313e3-8a76-4bd8-9dcb-0000783cb874,NULL,4923,1,1,1,0
2020-12-15 09:50:57.693,c3cc7304-03b7-431a-92bd-4cfa3c0cc7d5,0,1000,250,10164,ebc03cc6-28d7-413d-8ea1-e44f81a28f30,100,16.263573085,3372eb63-30b5-4abe-b9d4-00007f72bb10,NULL,4923,1,1,1,0
2020-11-19 11:44:17.107,093a7fd8-4ed9-400f-b3d1-3aa23cd43bc2,0,1000,250,10164,ebc03cc6-28d7-413d-8ea1-e44f81a28f30,100,16.159948798333335,0acbd3a4-cc7e-47ff-926f-00008056b55d,NULL,4923,1,1,1,0
2018-06-15 12:41:49.327,3a56e5d7-18a6-4786-8248-5dc521577f2b,0,1000,250,10164,ebc03cc6-28d7-413d-8ea1-e44f81a28f30,100,32.56299387,4abbe85d-bdd4-4b4a-bff6-000080aacd60,NULL,4923,1,1,1,0
2019-01-22 14:30:09.310,b86c5e1c-0de4-43b4-b06d-637885495fd6,0,1000,51,10164,ebc03cc6-28d7-413d-8ea1-e44f81a28f30,100,4.79886493,3c41ec6d-149c-453a-bd90-000080faf1ff,NULL,4923,1,1,1,0
2019-03-03 11:49:00.613,dd5dae88-2f48-42d6-8b98-146564f5a7bd,0,2001,180,10164,ebc03cc6-28d7-413d-8ea1-e44f81a28f30,100,17.502605768333332,ad382fe5-4c09-4cb9-bf8a-000081d9501c,NULL,4923,1,1,1,0
2019-03-16 10:30:03.617,17456921-dcc2-4b18-beb7-deacae2f5008,0,2001,90,10164,ebc03cc6-28d7-413d-8ea1-e44f81a28f30,100,0.8340004766666667,8fe85389-cc74-412e-bd3a-00008276c661,NULL,4923,1,1,1,0
2020-01-12 13:42:59.027,b2a44d55-c169-4cee-9645-106935e27717,0,1200,29,10164,ebc03cc6-28d7-413d-8ea1-e44f81a28f30,100,0.06644717166666667,3be5b7a8-5b21-49fd-950b-00008856bf7f,NULL,4923,1,1,1,0
2020-12-14 10:15:04.447,b2f26a75-9ef7-4402-b6b5-7f286a575d68,0,1000,170,10164,ebc03cc6-28d7-413d-8ea1-e44f81a28f30,100,37.484810861666666,07364265-ae77-4d83-81fa-00008a1db8af,NULL,4923,1,1,1,0
2018-07-19 12:36:40.010,c945455b-0d28-4173-b59c-aa0ded2a6558,0,1000,51,10164,ebc03cc6-28d7-413d-8ea1-e44f81a28f30,100,10.299256708333333,34d39478-4d79-4d82-b756-00008aaa7947,NULL,4923,1,1,1,0
2020-12-28 11:41:33.590,f95d03ba-4895-4029-8b25-14c6109a0cbf,0,1000,190,10164,ebc03cc6-28d7-413d-8ea1-e44f81a28f30,100,30.46958095,12b1c82f-49f0-48d7-b930-00008ab696fa,NULL,4923,1,1,1,0
2021-03-25 11:52:44.500,e3632dd9-d098-47e0-b0ae-7d5201dd683f,0,1000,210,10164,ebc03cc6-28d7-413d-8ea1-e44f81a28f30,100,6.983779276666667,805c8d5b-ed61-47d0-8b94-00008b8423bb,NULL,4923,1,1,1,0
2020-11-20 11:03:56.777,f671a802-c9f2-41e0-85b3-3bcc4c02604b,0,1000,200,10164,ebc03cc6-28d7-413d-8ea1-e44f81a28f30,100,68.05531635166666,c9970609-0e59-4dbf-9a2f-00008bf108e2,NULL,4923,1,1,1,0
2021-01-04 10:06:24.503,07914583-9e34-4c8d-9176-3912a113765a,0,1000,200,10164,ebc03cc6-28d7-413d-8ea1-e44f81a28f30,100,32.641444215,0a3634c6-80c3-4152-ac93-00008c3c677f,NULL,4923,1,1,1,0
2018-07-25 09:41:07.693,653964de-bf8c-459d-9d30-bea8223509f0,0,1000,100,10164,ebc03cc6-28d7-413d-8ea1-e44f81a28f30,100,11.27080351,8e1393c8-d0a4-4136-b4c8-00008f0bf321,NULL,4923,1,1,1,0
2019-05-29 11:20:31.923,2587f334-eb79-45c9-8b59-1b50b9a475f0,0,250,1429,10164,b4304ac2-94a1-403c-b870-87c1030c2af9,100,0,5ddc5804-6445-45fc-8f2a-000092487ad5,2019-05-29 02:00:00.000,2817,1,1,1,0
2020-10-24 08:27:44.587,6ced36ce-49c0-4ee4-a0c1-a815ccb3a98c,0,1000,200,10164,ebc03cc6-28d7-413d-8ea1-e44f81a28f30,100,7.753307410000001,5dc8c86e-bb53-4811-b25b-0000927636d0,NULL,4923,1,1,1,0
2018-08-28 08:19:26.730,acfb9a41-64cf-4204-9859-704d992f6b3d,0,1000,100,10164,ebc03cc6-28d7-413d-8ea1-e44f81a28f30,100,0.64034845,fe69580d-2b44-4f7d-aff7-00009368aefa,NULL,4923,1,1,1,0
2021-04-05 13:03:23.797,dc626857-535a-4148-a2dc-2b56956af0f5,0,1200,15,10164,ebc03cc6-28d7-413d-8ea1-e44f81a28f30,100,5.19033109,1371b678-fce0-43f8-a2d7-000097f9569d,NULL,4923,1,1,1,0
2020-04-17 09:09:13.610,456556ca-9757-449f-adfb-57a37a216b31,0,1000,200,10164,ebc03cc6-28d7-413d-8ea1-e44f81a28f30,100,3.342345985,5fe0f8fb-2347-4ac9-9d33-000098a63ddb,NULL,4923,1,1,1,0
2020-11-28 09:44:07.167,6e5f12b2-46b1-463c-af81-34dea5296b06,0,1000,70,10164,ebc03cc6-28d7-413d-8ea1-e44f81a28f30,100,10.115412788333334,d10d5ca3-a500-4b36-9a03-00009b0e5d3c,NULL,4923,1,1,1,0
2019-01-10 15:26:41.383,52cdbe1f-f44b-4541-8714-122413bc537d,0,1000,35,10164,ebc03cc6-28d7-413d-8ea1-e44f81a28f30,100,150.33413548833335,c710aa40-b1f6-46c1-9b8b-00009f12d327,NULL,4923,1,1,1,0
2018-11-08 09:55:09.733,5f33395b-17dc-4dd4-a74f-b144ac52f0c4,0,1000,300,10164,ebc03cc6-28d7-413d-8ea1-e44f81a28f30,100,7.480040293333333,4c042e6c-4479-4731-92f3-00009f15b5e5,NULL,4923,1,1,1,0
2020-12-28 12:21:27.567,6a13b523-2813-49a6-bccf-3268a5eb7241,0,1200,9,10164,ebc03cc6-28d7-413d-8ea1-e44f81a28f30,100,51.34954252666667,42146e67-eedf-41d8-a0b3-0000a07f9f34,NULL,4923,1,1,1,0
2021-01-13 09:24:49.277,4d8d61ce-c489-4f02-aab1-7cc67cd5987f,0,1000,300,10164,ebc03cc6-28d7-413d-8ea1-e44f81a28f30,100,0.4336437766666667,6de86721-2c3f-4c36-98bc-0000a3105079,NULL,4923,1,1,1,0
2021-01-05 13:21:48.660,9890bdd5-276a-4f46-9c2a-715332f7f1f5,0,1000,180,10164,ebc03cc6-28d7-413d-8ea1-e44f81a28f30,100,164.66096482833333,e88083b4-a014-4f55-9f2c-0000a638edcd,NULL,4923,1,1,1,0
2020-12-02 10:40:50.260,479939be-6f0b-4e41-9d59-d2cb2f401d67,0,1000,180,10164,ebc03cc6-28d7-413d-8ea1-e44f81a28f30,100,24.954064028333335,b1fa3c66-9918-4520-9aac-0000a71555a1,NULL,4923,1,1,1,0
2019-01-10 13:19:39.707,6a2d35bd-8cf2-4c66-b079-a9d3cb1ef15d,0,1000,51,10164,ebc03cc6-28d7-413d-8ea1-e44f81a28f30,100,30.2830228,b2f26d4b-23e3-4e1c-bb90-0000af1077ea,NULL,4923,1,1,1,0
2019-02-14 17:19:13.510,3224712f-e94e-4e5b-9355-eefb0ca444d1,0,1000,39,10164,ebc03cc6-28d7-413d-8ea1-e44f81a28f30,100,1.0057893516666667,1f319f96-92c6-45bb-ba5f-0000b25e2e25,NULL,4923,1,1,1,0
2018-10-14 08:43:37.490,ce5a915f-6563-4592-818d-bd8b4213d633,0,1000,250,10164,ebc03cc6-28d7-413d-8ea1-e44f81a28f30,100,4.444562328333333,5b49184c-d235-4519-83d3-0000b3276adc,NULL,4923,1,1,1,0
2020-09-02 11:42:11.217,60efa5ff-0a8a-40d5-a5b0-542823bffadf,0,1200,51,10164,ebc03cc6-28d7-413d-8ea1-e44f81a28f30,100,2.6960901466666667,2ce9d11c-ef02-4c81-946d-0000b3bacecd,NULL,4923,1,1,1,0
2021-07-31 10:33:58.173,36858d67-44a5-4cbc-ad19-5a474f47802a,0,1200,41,10164,ebc03cc6-28d7-413d-8ea1-e44f81a28f30,100,14.09706276,4a6d017b-b552-4f52-a84a-0000bb7e81c0,NULL,4923,1,1,1,0
2020-10-31 09:34:06.013,124b0cc1-7638-4a1c-8f37-e1ba23f6f42f,0,1000,200,10164,ebc03cc6-28d7-413d-8ea1-e44f81a28f30,100,11.356277151666667,24157680-0bad-49b4-8668-0000bd272cff,NULL,4923,1,1,1,0
2021-01-04 09:40:23.647,93c267e6-6b6e-4e0f-b0d0-47cdb6f8ab8b,0,1000,90,10164,ebc03cc6-28d7-413d-8ea1-e44f81a28f30,100,7.8038229333333335,0d5285d9-5a65-4de9-8fdc-0000bd836aa9,NULL,4923,1,1,1,0
2021-08-01 11:20:46.077,974aecf6-825d-4733-95d3-50aa9c8ecb30,0,1200,43,10164,ebc03cc6-28d7-413d-8ea1-e44f81a28f30,100,29.214593173333334,b4d6afab-1a58-4eb2-887b-0000bfd6c675,NULL,4923,1,1,1,0
2020-09-08 08:40:34.607,ec6b0d58-cf6f-480c-94e6-91ebf5343dfe,0,1000,210,10164,ebc03cc6-28d7-413d-8ea1-e44f81a28f30,100,5.164464911666667,88bf012b-0773-45c2-8d7e-0000c1c2fc09,NULL,4923,1,1,1,0
2018-07-08 08:59:42.167,9cbc05e5-f23a-4f6e-ada2-38625b7eb321,1,1000,250,10164,ebc03cc6-28d7-413d-8ea1-e44f81a28f30,100,4.2103310233333335,0057e1ae-ae16-46fb-9e59-0000c273e89b,NULL,4923,1,1,1,0
2020-12-18 11:41:54.683,6d452127-8a63-4804-a7a7-921b0b333eaa,0,1000,110,10164,ebc03cc6-28d7-413d-8ea1-e44f81a28f30,100,56.880550815,14e2066f-0d65-4d3d-ae27-0000c2e05546,NULL,4923,1,1,1,0
2020-10-18 09:31:47.120,68f44a35-5ad1-44f3-ad84-b6cc6f7012f1,0,1000,240,10164,ebc03cc6-28d7-413d-8ea1-e44f81a28f30,100,12.764042976666667,c234b734-93bc-433f-b6b4-0000c2e0b753,NULL,4923,1,1,1,0
2019-03-06 00:46:36.103,fec69557-0f6d-4b96-99eb-2435b6a13356,0,1000,17,10164,ebc03cc6-28d7-413d-8ea1-e44f81a28f30,100,0.116316375,1ac28834-d6dd-4c79-90c9-0000c3b7b259,NULL,4923,1,1,1,0
2020-12-22 11:30:48.033,a3e1897a-978b-422c-94e6-9d6b59c97205,0,1200,25,10164,ebc03cc6-28d7-413d-8ea1-e44f81a28f30,100,0.2823955966666667,7325b652-c9df-4ca3-95ec-0000c81bdbfc,NULL,4923,1,1,1,0
2020-10-19 09:30:44.217,c0df03c6-cb95-481c-ad1d-347506c01c8f,0,1000,190,10164,ebc03cc6-28d7-413d-8ea1-e44f81a28f30,100,0.89061221,008a579a-2345-4a7f-83ec-0000ca397fd6,NULL,4923,1,1,1,0
2020-12-11 12:25:51.683,d9df65e6-3e51-4878-80f9-2efa40f6f05c,0,2001,50,10164,ebc03cc6-28d7-413d-8ea1-e44f81a28f30,100,14.454707665,ebf63307-983c-482d-8b9b-0000cb747809,NULL,4923,1,1,1,0
2020-08-28 12:12:29.947,58dbc0da-0409-4ad6-b76a-5f926f227568,0,1200,49,10164,ebc03cc6-28d7-413d-8ea1-e44f81a28f30,100,5.085658051666667,d069c8c7-e1d4-45b6-bc7e-0000cea7b76f,NULL,4923,1,1,1,0
2018-12-15 14:07:06.130,ebd44129-fe58-4716-9171-8ce6e4778188,0,1000,43,10164,ebc03cc6-28d7-413d-8ea1-e44f81a28f30,100,22.169061143333334,33d682f6-67ef-4277-826c-0000cf85f0d3,NULL,4923,1,1,1,0
2020-12-28 11:53:34.187,c231f092-81bf-4cca-be8e-fb863c6ee3dd,0,1000,200,10164,ebc03cc6-28d7-413d-8ea1-e44f81a28f30,100,60.394894263333335,0450b6de-e9f0-4b77-8641-0000d0fc87e1,NULL,4923,1,1,1,0
2020-10-22 08:50:04.683,95289ca9-50d1-48cd-8251-54b31a80f306,0,1000,150,10164,ebc03cc6-28d7-413d-8ea1-e44f81a28f30,100,11.091459023333334,d77dc289-c170-4f83-9845-0000d2d4b554,NULL,4923,1,1,1,0
2018-12-02 14:11:31.063,ccc4dc99-ffd0-49f8-8cc7-ea8823bfa5e7,1,1000,51,10164,ebc03cc6-28d7-413d-8ea1-e44f81a28f30,100,7.788284888333333,7f0b5a3e-5a96-453f-acb1-0000d3b369ce,NULL,4923,1,1,1,0
2020-09-02 19:08:11.697,47834f46-1288-4cdd-a70c-49308fb664a6,0,600,1500,10164,ebc03cc6-28d7-413d-8ea1-e44f81a28f30,100,0.21779328166666667,c764ee00-e518-4bb6-a832-0000d40765c1,NULL,4923,1,1,1,0
2020-11-18 14:06:35.150,e4905bd8-0def-420a-8d43-b3377056f1d2,0,1000,200,10164,ebc03cc6-28d7-413d-8ea1-e44f81a28f30,100,1.3652690133333334,f02078e2-b4c6-447f-ad7f-0000d52f1b7d,NULL,4923,1,1,1,0
2020-07-07 08:36:09.353,586ae30f-0113-411a-bcae-fa976912cd7d,0,1000,60,10164,ebc03cc6-28d7-413d-8ea1-e44f81a28f30,100,0.76375328,c7ad3d56-ca00-4156-b686-0000d5931053,NULL,4923,1,1,1,0
2019-01-02 09:38:37.920,cba48b90-e744-4f45-bcee-a584457b66b8,0,1000,170,10164,ebc03cc6-28d7-413d-8ea1-e44f81a28f30,100,8.666755030000001,4621040a-7f33-47c8-a9d1-0000d5cbcfc5,NULL,4923,1,1,1,0
2020-10-29 11:43:45.287,f1ffd51a-a265-4e70-8b1f-aea14c0edb3f,0,1200,51,10164,ebc03cc6-28d7-413d-8ea1-e44f81a28f30,100,9.35441164,4b6aa38d-2849-4c7e-8322-0000d8a19939,NULL,4923,1,1,1,0
2018-07-15 13:16:20.400,76acf5be-8c65-47a4-af58-bac82d3dbb39,0,1000,140,10164,ebc03cc6-28d7-413d-8ea1-e44f81a28f30,100,3.1558463333333333,8eafbb99-3c90-4481-bf3d-0000d96cd5ae,NULL,4923,1,1,1,0
2020-10-31 09:37:01.747,1520a89d-7595-4e87-b00f-1ea882429cd8,0,1000,250,10164,ebc03cc6-28d7-413d-8ea1-e44f81a28f30,100,7.847678613333334,9f201851-f8b9-4d80-8a8b-0000db8ac402,NULL,4923,1,1,1,0
2020-12-05 11:05:19.540,e5599030-af37-4027-b473-33859bd7e828,0,1200,33,10164,ebc03cc6-28d7-413d-8ea1-e44f81a28f30,100,13.80406198,6912c6c5-04ed-4121-a14e-0000dc3c6f58,NULL,4923,1,1,1,0
2020-11-22 10:21:17.180,3237ccd9-5d59-4d4a-b138-491177311ba4,0,1000,90,10164,ebc03cc6-28d7-413d-8ea1-e44f81a28f30,100,41.546119276666666,caa107c8-9649-4ffc-811e-0000dd841d28,NULL,4923,1,1,1,0
2018-09-16 09:13:34.187,7d85f1ba-1d57-4a2c-aa51-a9ec73f32059,0,1000,250,10164,ebc03cc6-28d7-413d-8ea1-e44f81a28f30,100,0.06413442,58d99196-0164-4fcf-a32e-0000e3b825d9,NULL,4923,1,1,1,0
2018-12-16 10:46:51.037,c321ca94-00d3-4987-b5da-7b693722da09,0,1000,250,10164,ebc03cc6-28d7-413d-8ea1-e44f81a28f30,100,17.589086546666667,cb084d0c-289f-4d37-ba11-0000e9a3323c,NULL,4923,1,1,1,0
2020-09-23 08:12:16.083,5ce59c60-c857-411c-9c49-c420542a2643,0,1000,180,10164,ebc03cc6-28d7-413d-8ea1-e44f81a28f30,100,2.848199865,c5030419-f4ec-4abf-a241-0000e9e90d82,NULL,4923,1,1,1,0
2020-11-20 10:41:48.370,0fa3172b-849f-4d15-a384-0663b0ae20ca,0,1000,100,10164,ebc03cc6-28d7-413d-8ea1-e44f81a28f30,100,35.97009551833333,04915904-31f6-449e-8977-0000ee1b0d4d,NULL,4923,1,1,1,0
2018-09-27 15:49:45.110,90120a78-cc7c-493c-8c73-e6b9cbd7a394,0,1000,41,10164,ebc03cc6-28d7-413d-8ea1-e44f81a28f30,100,14.513710443333334,2d11180e-ed0b-4a96-b90a-0000ef447d7a,NULL,4923,1,1,1,0
2020-10-31 09:39:02.560,355e6e7f-62ce-4fab-935d-875ed4ad6318,0,1000,190,10164,ebc03cc6-28d7-413d-8ea1-e44f81a28f30,100,12.082990993333334,591be271-1dbc-4cee-97e9-0000f08bb303,NULL,4923,1,1,1,0
2020-12-10 11:06:06.887,d6838bd2-fe44-4d03-af48-3cf4bbe77439,0,1200,17,10164,ebc03cc6-28d7-413d-8ea1-e44f81a28f30,100,3.159259095,7230f673-1a16-4e7f-a27c-0000f19fa3d6,NULL,4923,1,1,1,0
2020-05-07 08:35:46.077,fea28551-420a-440b-ad9d-07d7b73bd68e,0,1000,100,10164,ebc03cc6-28d7-413d-8ea1-e44f81a28f30,100,9.720879488333333,d2df71c7-545a-45da-b902-0000f3760783,NULL,4923,1,1,1,0
2020-12-29 10:11:42.857,daf7e71c-4989-45e6-b3a7-fe78b082fc89,0,1000,180,10164,ebc03cc6-28d7-413d-8ea1-e44f81a28f30,100,1.530517375,b2e2877d-a3f9-4277-8a8b-0000f4ac4952,NULL,4923,1,1,1,0
2020-11-24 09:34:44.957,f2336fd5-d82c-4f4a-82c1-e5527d8f25a8,0,1000,250,10164,ebc03cc6-28d7-413d-8ea1-e44f81a28f30,100,3.24824796,78abd052-3b11-42c2-ac04-0000f67683cf,NULL,4923,1,1,1,0
2020-12-18 12:10:50.797,e32b687e-4638-48ac-8e27-1fce16edebbb,0,1200,31,10164,ebc03cc6-28d7-413d-8ea1-e44f81a28f30,100,49.71292535833334,62d84261-7e37-4519-908a-0000f6c1053e,NULL,4923,1,1,1,0
2020-04-19 08:18:29.787,8e782847-d2a3-40ef-b8d7-e797241dc293,0,1000,50,10164,ebc03cc6-28d7-413d-8ea1-e44f81a28f30,100,2.8501575083333335,15f9aa36-9965-4086-a715-0000f7b07246,NULL,4923,1,1,1,0
2020-04-01 13:47:55.520,86933ff6-2b65-454a-b51f-ae7363d6bf11,0,1200,51,10164,ebc03cc6-28d7-413d-8ea1-e44f81a28f30,100,1.9558350150000001,75139e61-586b-4319-9eab-0000fc0b7cf3,NULL,4923,1,1,1,0
2020-06-29 09:14:36.493,0d205774-8d2e-4b85-b7fc-11076fdc7200,0,1000,250,10164,ebc03cc6-28d7-413d-8ea1-e44f81a28f30,100,27.019776748333335,3a880c6f-039e-4577-9c32-0000fe181ee4,NULL,4923,1,1,1,0
2018-09-16 10:10:10.957,409e28ac-2126-455c-9f9c-b10940e8a3fd,0,1000,250,10164,ebc03cc6-28d7-413d-8ea1-e44f81a28f30,100,0.054920493333333334,43eca88d-b2c6-4f07-ae4a-0000ff6ed922,NULL,4923,1,1,1,0
2020-06-13 08:51:52.343,bee55f19-91df-4406-b1e1-af09735404c7,0,1000,200,10164,ebc03cc6-28d7-413d-8ea1-e44f81a28f30,100,0.5240545666666667,2d2ffe40-4539-4167-b7bf-000103181778,NULL,4923,1,1,1,0
2018-09-01 11:34:54.697,ac077ead-c320-4c09-a94c-3e25ee8e81e6,0,1000,250,10164,ebc03cc6-28d7-413d-8ea1-e44f81a28f30,100,192.22741219166667,705b1b42-2127-493b-9587-00010458ab37,NULL,4923,1,1,1,0
2019-03-14 09:39:03.100,0a92d191-d3e5-4eba-a9d2-fe0ed9133c5f,0,2001,250,10164,ebc03cc6-28d7-413d-8ea1-e44f81a28f30,100,0.74700587,e56275eb-6bf3-4e8f-842c-00010b2e33a0,NULL,4923,1,1,1,0
2020-12-12 09:47:27.283,770c4d21-be85-4b81-b772-893c7bc0136c,0,1000,190,10164,ebc03cc6-28d7-413d-8ea1-e44f81a28f30,100,5.165316366666667,37048989-2ca3-4465-a0f2-00010b692af3,NULL,4923,1,1,1,0
2020-04-12 08:38:12.463,920ceb8d-771d-4955-880b-38b8a6f153f6,0,1000,250,10164,ebc03cc6-28d7-413d-8ea1-e44f81a28f30,100,0.6573353533333334,34063b1c-58b7-43c9-a5a1-00010c29224c,NULL,4923,1,1,1,0
2019-03-21 04:14:24.827,62a760af-42e8-4bac-812b-f55cb287d24a,0,2001,50,10164,ebc03cc6-28d7-413d-8ea1-e44f81a28f30,100,0.8377283533333334,e6d1e420-38af-413d-b1a0-000110ebcdeb,NULL,4923,1,1,1,0
2021-07-12 11:53:19.423,b18c0234-96b9-4dd1-8d61-55baea23a58c,0,1200,27,10164,ebc03cc6-28d7-413d-8ea1-e44f81a28f30,100,40.03279947833333,185f4711-ab9a-4f02-b53f-00011bbeccdd,NULL,4923,1,1,1,0
2020-11-19 08:07:40.127,fb45a713-ce20-4967-8f61-3b0b09f8adac,0,2001,1500,10164,ebc03cc6-28d7-413d-8ea1-e44f81a28f30,100,26.878080816666667,738c3ce2-76a5-45f4-b8d6-00011be3cef2,NULL,4923,1,1,1,0
2020-12-03 09:58:37.357,b3ac6251-24b3-4540-8323-23b5f6d59890,0,1000,190,10164,ebc03cc6-28d7-413d-8ea1-e44f81a28f30,100,7.730871888333334,9eb512d6-d1ee-477c-9590-00011c79ecf4,NULL,4923,1,1,1,0
2019-03-20 13:44:03.290,17da497d-ee26-4491-ad5a-d3298d44394e,0,600,1500,10164,ebc03cc6-28d7-413d-8ea1-e44f81a28f30,100,2.6348055516666666,8ecffacb-24b4-4c50-b745-00011e746c69,NULL,4923,1,1,1,0
2021-02-02 10:30:44.170,f4f723c6-9252-492b-b15f-4a81605d2134,0,1000,200,10164,ebc03cc6-28d7-413d-8ea1-e44f81a28f30,100,7.528594078333334,7b1bec08-1548-4182-8751-00011eb2e45d,NULL,4923,1,1,1,0
2020-10-28 10:18:04.233,33b620a5-77c0-4876-b106-3c69fbae27da,0,1000,180,10164,ebc03cc6-28d7-413d-8ea1-e44f81a28f30,100,54.95890490833334,cf51aa9a-d102-4ae3-b9e4-00012242d109,NULL,4923,1,1,1,0
2020-05-15 07:36:36.767,b0a66821-cde9-43fc-aaa6-719a3bdfcafa,0,250,50,3789,7c475ebf-3e1e-40f2-863e-3ddde132645d,100,0.23122535333333333,3feb6ee4-5b9d-4ee1-9155-0001266d8bf5,2020-05-13 23:57:00.000,3455,0,1,1,0
2020-11-09 10:04:43.807,3c4e5aae-2fac-4dd8-974e-ba9a0e89f8b0,0,1000,200,10164,ebc03cc6-28d7-413d-8ea1-e44f81a28f30,100,14.302104923333333,95ecc4f0-7773-42d5-b6f6-000128335ddc,NULL,4923,1,1,1,0
2020-10-10 08:16:06.003,a0706e19-33f6-451e-b347-52bdbc8e3e3b,0,1000,80,10164,ebc03cc6-28d7-413d-8ea1-e44f81a28f30,100,1.3805510283333333,f916f061-9fa3-4bd0-aee2-000128cc268f,NULL,4923,1,1,1,0
2018-12-15 13:56:05.647,1226da29-6749-414c-90d7-57e49d5c9878,0,1000,19,10164,ebc03cc6-28d7-413d-8ea1-e44f81a28f30,100,13.388960751666668,94f45e26-748e-4e06-abbc-000128f972ea,NULL,4923,1,1,1,0
2019-11-19 09:09:21.563,ac2bea21-5710-4712-aa3b-968e2faea19d,0,1000,180,10164,ebc03cc6-28d7-413d-8ea1-e44f81a28f30,100,0.07102365166666667,7442201e-2d4b-4940-b0d2-000129618bc1,NULL,4923,1,1,1,0
2020-12-28 09:20:22.487,3aee0933-5489-43d3-a8b8-305c0c53f823,0,2001,1500,10164,ebc03cc6-28d7-413d-8ea1-e44f81a28f30,100,37.047959545,71609c6a-3ee0-4bf7-abbd-00012c01064a,NULL,4923,1,1,1,0
2018-03-16 06:39:23.153,33bcef84-5fac-44c9-a841-d34a604ea270,0,250,100,10164,ebc03cc6-28d7-413d-8ea1-e44f81a28f30,100,1.3294585583333334,31577575-31f1-47f2-b3ad-0001318760d8,NULL,4923,1,1,1,0
2020-11-29 09:43:17.743,e89f0083-59cd-47f4-8100-5df2b0e6eff9,0,1000,100,10164,ebc03cc6-28d7-413d-8ea1-e44f81a28f30,100,3.8563699483333336,350c88fc-3c22-4f7d-b6c2-00013336be87,NULL,4923,1,1,1,0
2019-01-19 15:38:41.860,33fa354c-aed8-4d19-a19c-f63e952ef718,0,1000,25,10164,ebc03cc6-28d7-413d-8ea1-e44f81a28f30,100,15.627375415,a093b741-368a-4fc7-9c2a-000136478821,NULL,4923,1,1,1,0
2020-01-03 15:18:19.840,cf220a02-8b22-470d-a9c8-a5d97e25994e,0,1200,7,10164,ebc03cc6-28d7-413d-8ea1-e44f81a28f30,100,0.058821946666666666,af09d110-7406-4b88-84e1-000139facb14,NULL,4923,1,1,1,0
2020-02-01 05:37:27.037,f53b6525-5422-46df-83d7-1042bc170093,0,1200,51,10164,ebc03cc6-28d7-413d-8ea1-e44f81a28f30,100,0.054133701666666666,6795658c-c7de-455d-944e-00013c583164,NULL,4923,1,1,1,0
2019-03-15 10:04:36.237,01b787c4-ef30-427d-a92f-ae2195df99c6,0,1000,210,10164,ebc03cc6-28d7-413d-8ea1-e44f81a28f30,100,20.94420514,b29c4b47-cbad-47e2-aae7-00013c9b4600,NULL,4923,1,1,1,0
2020-11-14 11:51:21.913,dcda9151-7602-4878-9a04-6e42cbc71d7d,0,2001,80,10164,ebc03cc6-28d7-413d-8ea1-e44f81a28f30,100,21.319090175,50803ff2-f4ed-4566-b584-00013cc33d77,NULL,4923,1,1,1,0
2020-01-17 09:25:02.627,60150f0d-efcc-4a5f-8cb1-0ec09029ec94,0,1000,200,10164,ebc03cc6-28d7-413d-8ea1-e44f81a28f30,100,0.06984390333333333,cbe77e88-3dfe-4f3d-bff7-00013d248526,NULL,4923,1,1,1,0
2020-08-08 08:27:49.387,419fff27-a192-4159-8005-113e9e877ec5,0,1000,200,10164,ebc03cc6-28d7-413d-8ea1-e44f81a28f30,100,9.403057015,06b89c68-a6dd-4826-8025-00013fac26ad,NULL,4923,1,1,1,0
2021-07-29 10:19:43.080,b534a5e0-e91f-44d1-b91a-9ae4978b82b4,0,1200,7,10164,ebc03cc6-28d7-413d-8ea1-e44f81a28f30,100,8.882462528333333,99448fab-9b7e-429d-915e-000142074415,NULL,4923,1,1,1,0
2018-10-13 08:32:04.033,4590b82b-5bda-40a1-97ec-ca4a77592bd4,0,1000,180,10164,ebc03cc6-28d7-413d-8ea1-e44f81a28f30,100,4.50621228,db8e4bf1-cb8f-4f49-8057-00014300a8ed,NULL,4923,1,1,1,0
2021-08-01 12:19:32.750,039d5f28-364e-4134-8798-516fa7698147,0,2001,51,10164,ebc03cc6-28d7-413d-8ea1-e44f81a28f30,100,16.823071895,546bad92-11c4-4fc7-8c30-000147ced8c7,NULL,4923,1,1,1,0
2020-12-11 10:15:09.883,585187c9-11ed-4dca-9e0b-6dba1f79146d,0,1000,170,10164,ebc03cc6-28d7-413d-8ea1-e44f81a28f30,100,66.563256705,54aa99b7-0a8a-49be-9e11-0001497e3651,NULL,4923,1,1,1,0
2019-02-28 11:39:06.323,52b8529c-79ba-44de-991e-8918a7bd12da,0,1000,150,10164,ebc03cc6-28d7-413d-8ea1-e44f81a28f30,100,10.094293775,4798ab66-2528-42b6-aa3f-00014b712deb,NULL,4923,1,1,1,0
2020-06-05 08:58:22.700,1261b599-a503-42ae-8c92-5b493f123996,0,1000,110,10164,ebc03cc6-28d7-413d-8ea1-e44f81a28f30,100,4.7552896,09d64439-c30e-4944-8df5-00014b9974d9,NULL,4923,1,1,1,0
2020-12-11 09:27:51.863,6577b58d-bb9f-4357-8c12-3cbe12c72677,0,1000,250,10164,ebc03cc6-28d7-413d-8ea1-e44f81a28f30,100,19.446865733333333,f43f0c75-5122-4cd7-b4b2-00014ff3bc84,NULL,4923,1,1,1,0
2021-01-28 09:47:02.323,08393e6a-608e-471f-afd7-80ff9ae55439,0,1000,80,10164,ebc03cc6-28d7-413d-8ea1-e44f81a28f30,100,6.3739918216666664,856fd490-d75f-4c2f-9d07-000150a2d6f6,NULL,4923,1,1,1,0
2020-12-28 11:40:33.577,8a2304cc-f943-40dd-a116-cfad58278210,0,600,1500,10164,ebc03cc6-28d7-413d-8ea1-e44f81a28f30,100,4.063394141666667,06118803-0d4f-41f0-b01d-00015167949a,NULL,4923,1,1,1,0
2018-11-28 10:04:14.727,e61a9028-da33-426d-bd15-9163b599de7b,0,1000,250,10164,ebc03cc6-28d7-413d-8ea1-e44f81a28f30,100,0.27676360833333336,151cb221-94de-4da2-ba72-0001525b2ebf,NULL,4923,1,1,1,0
2019-03-30 08:28:17.357,dbc17ceb-b1f9-419e-8cd9-84b7383c0023,0,1000,130,10164,ebc03cc6-28d7-413d-8ea1-e44f81a28f30,100,1.0524410383333334,8c499b31-1c36-46e3-92ed-000156a3533f,NULL,4923,1,1,1,0
2020-12-10 09:28:55.710,99eb2367-9f29-48aa-b702-cc32df329a1a,0,1000,130,10164,ebc03cc6-28d7-413d-8ea1-e44f81a28f30,100,0.9722418366666666,485a4e8e-be21-4a0c-8e27-00015794d62e,NULL,4923,1,1,1,0
2018-08-15 19:37:59.463,f306e3cb-07a3-4176-9839-b8ff166231f1,0,1000,400,10164,ebc03cc6-28d7-413d-8ea1-e44f81a28f30,100,4.345637923333333,dfa0cd82-88f9-4fb4-a39d-000158ebcd5f,NULL,4923,1,1,1,0
2020-05-30 08:25:17.493,c900d09a-f326-4eee-a8d4-9b92ce257561,0,1000,200,10164,ebc03cc6-28d7-413d-8ea1-e44f81a28f30,100,0.620487005,0dd5e4de-5091-49e9-9aba-000159fe8bfe,NULL,4923,1,1,1,0
2021-04-05 13:17:24.187,42ef3d0c-d490-4262-9d70-744e7566d15b,0,1200,51,10164,ebc03cc6-28d7-413d-8ea1-e44f81a28f30,100,10.635058211666667,584c54f5-b5a8-449f-86ce-00015c02def4,NULL,4923,1,1,1,0
2019-03-15 11:38:28.450,6c45e246-761c-4832-bb87-b49ed33d1af5,0,2001,250,10164,ebc03cc6-28d7-413d-8ea1-e44f81a28f30,100,40.00136063833333,360a73b7-0f39-4b07-9133-00016383012f,NULL,4923,1,1,1,0
2020-11-02 10:19:38.947,be797793-5590-4124-978b-c7a8df3ac4f5,0,1000,210,10164,ebc03cc6-28d7-413d-8ea1-e44f81a28f30,100,16.975125095,6346852e-6e46-41a6-8e9d-000163cb3a20,NULL,4923,1,1,1,0
2019-03-20 23:59:25.230,59671ead-435a-4918-b7da-fa5189fa3dd1,0,2001,100,10164,ebc03cc6-28d7-413d-8ea1-e44f81a28f30,100,2.3147288733333333,e9b01be1-e2fc-4a93-b9bd-0001677bff2f,NULL,4923,1,1,1,0
2020-05-30 08:27:17.080,91280028-0d23-4740-93e2-e667e1749892,0,1000,180,10164,ebc03cc6-28d7-413d-8ea1-e44f81a28f30,100,1.47533748,7aa6c46e-3438-45b1-8cff-0001680b8ed7,NULL,4923,1,1,1,0
2018-09-01 08:23:52.753,2edf31c4-dda6-4212-99d7-7a1d334c9df5,0,1000,400,10164,ebc03cc6-28d7-413d-8ea1-e44f81a28f30,100,4.369120708333333,d08eddce-6825-4ace-bd96-000169f11ecb,NULL,4923,1,1,1,0
2018-09-01 09:33:53.520,e1a4bbbe-ccf0-42d7-a8f4-dec853e323b9,0,1000,200,10164,ebc03cc6-28d7-413d-8ea1-e44f81a28f30,100,70.98355790166667,6f73438e-eaa6-477b-85b6-00016d4b7173,NULL,4923,1,1,1,0
2020-05-23 08:35:02.287,60e80518-3685-40ce-a542-410f3cec9159,0,1000,250,10164,ebc03cc6-28d7-413d-8ea1-e44f81a28f30,100,4.997221303333333,a53ff792-36f5-4d1f-8596-0001703f6521,NULL,4923,1,1,1,0
2021-07-09 12:36:09.407,e262653f-8e2d-441a-b1f5-99deedb3361f,0,1000,200,10164,ebc03cc6-28d7-413d-8ea1-e44f81a28f30,100,13.7754022,e13bf755-4acf-42b8-95b8-000170922031,NULL,4923,1,1,1,0
2018-10-29 09:09:01.567,559311b0-383a-4064-988f-1d00f9abf192,0,1000,31,10164,ebc03cc6-28d7-413d-8ea1-e44f81a28f30,100,2.4279988683333333,89c277a0-4c12-4f9d-9e6c-00017161a144,NULL,4923,1,1,1,0
2018-12-14 14:25:04.773,c6696109-21be-42eb-bb33-cec54241cfe2,0,1000,13,10164,ebc03cc6-28d7-413d-8ea1-e44f81a28f30,100,29.991564031666666,1752d4b3-9ce0-4ef7-806e-000175680d5d,NULL,4923,1,1,1,0
2020-12-21 09:53:06.347,7a47f3b5-1293-4375-958a-a7b974490780,0,1000,140,10164,ebc03cc6-28d7-413d-8ea1-e44f81a28f30,100,12.202229821666666,2f50b7c0-981a-441e-8292-0001780dae51,NULL,4923,1,1,1,0
2021-07-31 12:29:49.317,18534b45-99ee-4942-9f31-47a08c226b00,0,2001,51,10164,ebc03cc6-28d7-413d-8ea1-e44f81a28f30,100,48.006366928333335,a2655ca3-8bad-44e5-9ca6-000180ec8c46,NULL,4923,1,1,1,0
2021-01-04 10:35:48.730,56c28958-ec82-4d27-8e1f-313de1e1bf67,0,1000,180,10164,ebc03cc6-28d7-413d-8ea1-e44f81a28f30,100,53.67610277666667,38079e37-d38d-49fb-aefa-000181d3bcc7,NULL,4923,1,1,1,0
2019-09-26 11:53:47.150,9190f241-2413-47af-ad6c-8bdcca6bd635,0,2001,1000,10164,b4304ac2-94a1-403c-b870-87c1030c2af9,100,0.8072676016666667,f35aea93-19f2-448d-9180-000182f6b044,2019-09-26 06:00:00.000,5073,1,0,1,0
2019-01-17 14:58:57.813,ead41a41-74b0-4096-8e75-bceddbd7ccee,0,1000,37,10164,ebc03cc6-28d7-413d-8ea1-e44f81a28f30,100,12.214876983333333,c666cb20-7555-4f75-830b-0001840c9c32,NULL,4923,1,1,1,0
2021-05-23 10:22:49.867,316550f7-d0ee-4533-89c2-8a2f2d916134,0,1000,60,10164,ebc03cc6-28d7-413d-8ea1-e44f81a28f30,100,0.78570215,d0bed713-e0e7-4d93-8e38-000184d98c62,NULL,4923,1,1,1,0
2020-07-07 11:52:54.777,cc831305-d7f4-4177-82d0-156d1f5876e4,0,1200,31,10164,ebc03cc6-28d7-413d-8ea1-e44f81a28f30,100,3.7878494166666665,9d3de4b7-8edb-45ba-aa0d-000185e2efc4,NULL,4923,1,1,1,0
2019-03-02 01:12:39.607,c7691121-82d6-4d8c-86db-58c9265f2a19,0,1000,15,10164,ebc03cc6-28d7-413d-8ea1-e44f81a28f30,100,0.66050482,93852fd6-4f43-4f01-a87f-000186b83b5e,NULL,4923,1,1,1,0
2018-08-18 08:47:25.770,3d68cebf-fe90-43d3-a7eb-93042493ca7b,0,1000,50,10164,ebc03cc6-28d7-413d-8ea1-e44f81a28f30,100,12.479778783333334,d52b3770-2bd8-4e83-9234-000187cc129b,NULL,4923,1,1,1,0
2020-06-24 09:22:41.690,cdbaabb5-bfdf-42fd-9626-8f8c49a96a12,0,1000,150,10164,ebc03cc6-28d7-413d-8ea1-e44f81a28f30,100,6.527456131666667,b9ab08a0-ba60-4aab-a591-00018a277ac8,NULL,4923,1,1,1,0
2019-12-18 09:12:33.077,29f4a2b6-dec1-4ac0-a5b8-c4ceef17325b,0,1000,60,10164,ebc03cc6-28d7-413d-8ea1-e44f81a28f30,100,0.06449501833333333,cc146273-85f9-4d53-940a-000190f2f49f,NULL,4923,1,1,1,0
2020-07-19 08:26:07.537,e7cc238a-94af-43c6-a560-4e0626c8b126,0,1000,250,10164,ebc03cc6-28d7-413d-8ea1-e44f81a28f30,100,3.7523035633333333,dbe06dd2-2bf8-4949-b5e2-000196902220,NULL,4923,1,1,1,0
2020-11-26 10:08:46.103,84eff877-1f3a-4ae5-8b90-dd7d1bf9aaeb,0,1000,190,10164,ebc03cc6-28d7-413d-8ea1-e44f81a28f30,100,8.843858705,bd2c3aef-c73b-42b8-b89d-000197a5ca62,NULL,4923,1,1,1,0
2020-10-21 12:16:04.650,e005014d-28bf-47ad-b886-a74926965ec9,0,1200,51,10164,ebc03cc6-28d7-413d-8ea1-e44f81a28f30,100,0.3695581216666667,6f193072-7ec3-4d1f-a40a-0001a17f958a,NULL,4923,1,1,1,0
2019-03-11 10:55:14.367,c6d68325-da0f-427c-9194-c920ec4e7874,0,2001,160,10164,ebc03cc6-28d7-413d-8ea1-e44f81a28f30,100,10.839153895,c49587da-785e-4433-acd7-0001a43a2076,NULL,4923,1,1,1,0
2018-08-10 13:38:25.067,60a6f02f-32a2-4ae3-80ea-53fdcf6ea348,0,1000,250,10164,ebc03cc6-28d7-413d-8ea1-e44f81a28f30,100,171.16455035666667,7fcc75c3-07d4-4ab9-be98-0001addd140a,NULL,4923,1,1,1,0
2019-03-15 11:07:28.060,2b226514-c8e4-4a48-95ba-9ae3b7978de6,0,2001,150,10164,ebc03cc6-28d7-413d-8ea1-e44f81a28f30,100,36.659927511666666,bf3554f1-20a7-4b0d-a980-0001af5d8812,NULL,4923,1,1,1,0
2020-01-11 11:04:16.907,17800f3b-804c-42ac-b654-17c524906913,0,250,50,10164,ebc03cc6-28d7-413d-8ea1-e44f81a28f30,100,0.07792235166666667,091777e6-c0c1-4a73-afdf-0001b55dfdc2,NULL,4923,1,1,1,0
2020-11-08 09:38:06.620,2e5df3f7-d779-4c41-8e55-8e474c098df3,0,1000,110,10164,ebc03cc6-28d7-413d-8ea1-e44f81a28f30,100,8.127453971666666,5f83a9d1-1724-420e-8f4e-0001b5879898,NULL,4923,1,1,1,0
2018-09-05 12:06:33.147,93eb5fca-a404-4fdf-ba6e-95daa27b02ec,0,1000,250,10164,ebc03cc6-28d7-413d-8ea1-e44f81a28f30,100,19.463255688333334,b068d5a9-7ff9-4efe-b2d5-0001b5dee405,NULL,4923,1,1,1,0
2020-02-09 15:19:13.707,05143e93-9d28-41f0-9777-17e70a348506,0,1200,35,10164,ebc03cc6-28d7-413d-8ea1-e44f81a28f30,100,0.06829903500000001,c07194cb-6d1b-4e6f-910c-0001bc3d707d,NULL,4923,1,1,1,0
2021-01-04 10:17:48.617,8b25ae42-07b7-4d3f-980a-5aed3046b4ca,0,1000,190,10164,ebc03cc6-28d7-413d-8ea1-e44f81a28f30,100,18.790459283333334,78f95312-b836-4452-bf95-0001be11d11d,NULL,4923,1,1,1,0
2021-01-05 09:40:08.227,528260ca-1e9c-4772-9196-5ac2c8dcbf4b,0,2001,1500,10164,ebc03cc6-28d7-413d-8ea1-e44f81a28f30,100,22.875256628333332,7ddb037f-8dfd-409a-8d3c-0001c09d0056,NULL,4923,1,1,1,0
2019-07-17 10:31:11.767,61a16ebd-a136-4ee3-beff-4a334e085144,0,1000,120,10164,ebc03cc6-28d7-413d-8ea1-e44f81a28f30,100,0,40e8af2d-8a8f-4186-879d-0001c226a891,NULL,4923,1,1,1,0
2020-10-31 11:13:16.203,a7a48209-350e-43ac-8bc7-8906e7fb1592,0,1200,27,10164,ebc03cc6-28d7-413d-8ea1-e44f81a28f30,100,0,9686af8a-96dd-4a84-93af-0001c29d7434,NULL,4923,1,1,1,0
2021-04-18 12:28:19.787,3d98b19d-e741-4e6f-b6ec-62516a76f6e7,0,2001,250,10164,ebc03cc6-28d7-413d-8ea1-e44f81a28f30,100,0.10155516166666667,329f5a2d-dd00-4bda-aab7-0001c466c9b1,NULL,4923,1,1,1,0
2021-04-21 10:01:57.123,a73d3963-4c0d-469e-85bd-ec0f903f2994,0,1000,190,10164,ebc03cc6-28d7-413d-8ea1-e44f81a28f30,100,0.30620633,82fe5b47-5b9e-41de-a46c-0001d2aa99f1,NULL,4923,1,1,1,0
2020-12-04 10:12:49.447,3fc5f256-39ef-4a5f-8f78-ca25474b3dd2,0,1000,110,10164,ebc03cc6-28d7-413d-8ea1-e44f81a28f30,100,44.31778859,6e78e8bd-82a1-4514-92d3-0001d6ed38d9,NULL,4923,1,1,1,0
2020-11-15 11:07:16.493,1f5ee277-9856-479e-a2e0-073388b7f4f6,0,1000,180,10164,ebc03cc6-28d7-413d-8ea1-e44f81a28f30,100,33.208804943333334,3853c275-95e9-4ace-8886-0001d8e3c7d8,NULL,4923,1,1,1,0
2020-02-09 09:19:35.233,43fd7cb0-ef7a-44c3-975e-b9f68730fd20,0,1000,200,10164,ebc03cc6-28d7-413d-8ea1-e44f81a28f30,100,0.06417307833333334,99780957-71d0-4d78-9e97-0001d910e35d,NULL,4923,1,1,1,0
2020-11-10 11:06:50.960,4c8e4580-8b96-44e9-9705-fb433cd40619,0,1000,250,10164,ebc03cc6-28d7-413d-8ea1-e44f81a28f30,100,39.441114123333335,002b5954-29e5-423b-ab18-0001e1e06425,NULL,4923,1,1,1,0
2021-07-30 10:48:44.430,7abfc3bf-f364-4460-b842-5d5e02079255,0,1000,200,10164,ebc03cc6-28d7-413d-8ea1-e44f81a28f30,100,42.380178273333335,61c9a849-117b-4309-a8f3-0001e2283f75,NULL,4923,1,1,1,0
2020-12-16 10:29:22.877,3372d7bb-2fa8-437d-a407-22f246938dd8,0,1000,190,10164,ebc03cc6-28d7-413d-8ea1-e44f81a28f30,100,22.213178438333333,45fde23e-4f5a-4deb-8656-0001e2405fef,NULL,4923,1,1,1,0
2020-07-23 08:15:46.440,3ec89173-27b2-493b-a3c0-4b255fd5b781,0,1000,250,10164,ebc03cc6-28d7-413d-8ea1-e44f81a28f30,100,2.20050755,8fce579a-a521-4eff-bca7-0001e8ddeaee,NULL,4923,1,1,1,0
2020-06-24 08:52:28.903,0489f36b-f617-4b6f-b30c-13795ae9ee2e,0,1000,210,10164,ebc03cc6-28d7-413d-8ea1-e44f81a28f30,100,23.948986575,e4a124ee-17c4-45ff-9f84-0001eb575fb9,NULL,4923,1,1,1,0
2020-06-03 08:13:38.383,75f6bf4b-6a74-4fc9-87a8-8b5e5361b5ff,0,1000,210,10164,ebc03cc6-28d7-413d-8ea1-e44f81a28f30,100,1.1324778883333333,535563f1-5b25-42d7-88e7-0001ef03ac99,NULL,4923,1,1,1,0
2020-12-10 11:23:56.623,6184237f-a9ed-474a-b910-290467e93a62,0,1000,300,10164,ebc03cc6-28d7-413d-8ea1-e44f81a28f30,100,86.08357655,9d26c4a8-670c-4b44-9e4c-0001f87cc1b9,NULL,4923,1,1,1,0
2020-12-15 09:15:49.267,a6b42130-3f69-422f-874c-d5b359918276,0,1000,90,10164,ebc03cc6-28d7-413d-8ea1-e44f81a28f30,100,2.8731990433333334,5873af91-39fb-4edf-b758-0001f90766c7,NULL,4923,1,1,1,0
2018-08-22 08:35:58.950,91eef938-1610-4baf-a567-c4f25fa781c8,0,1000,240,10164,ebc03cc6-28d7-413d-8ea1-e44f81a28f30,100,12.72158089,f6cda630-30f0-4e64-a4ac-0001f9fb7b79,NULL,4923,1,1,1,0
2021-07-28 11:27:38.450,26997588-bbea-4640-9b7a-66c1e1466d60,0,1000,210,10164,ebc03cc6-28d7-413d-8ea1-e44f81a28f30,100,1.4213162866666667,d1f80565-8097-4da1-bd56-0001fedd02cf,NULL,4923,1,1,1,0
2020-12-17 11:32:46.133,b036bfcb-c180-457c-a10c-c70ab53d6713,0,1000,180,10164,ebc03cc6-28d7-413d-8ea1-e44f81a28f30,100,103.90741936666667,7c0b2498-d7a6-47a6-bb58-00020080eff5,NULL,4923,1,1,1,0
2019-03-16 09:41:58.047,9e225f3f-8dec-4a27-b0d1-f5ebc890d58b,0,1000,250,10164,ebc03cc6-28d7-413d-8ea1-e44f81a28f30,100,15.588126693333333,d7160e2e-4e71-4611-8cb1-000202488ae1,NULL,4923,1,1,1,0
2020-10-14 11:42:10.283,928580cd-c4ac-4c88-94db-18b370f1f0c9,0,1200,51,10164,ebc03cc6-28d7-413d-8ea1-e44f81a28f30,100,7.299673675,45624682-344b-4b1b-9d50-000203df9a58,NULL,4923,1,1,1,0
2021-08-01 13:02:50.217,039d5f28-364e-4134-8798-516fa7698147,0,2001,51,10164,ebc03cc6-28d7-413d-8ea1-e44f81a28f30,100,16.823071895,5c1c9f35-e533-4fd8-9f76-00020440f42e,NULL,4923,1,1,1,0
2020-01-01 13:47:22.677,c47220e1-2fd9-4e7c-9538-f868fa06f0a9,0,1200,51,10164,ebc03cc6-28d7-413d-8ea1-e44f81a28f30,100,0.06793223333333334,c3413ba3-4d19-425d-960f-000205816e7a,NULL,4923,1,1,1,0
2020-09-30 08:51:50.327,55a7bb42-a590-4779-98c2-c5dfa199540a,0,1000,200,10164,ebc03cc6-28d7-413d-8ea1-e44f81a28f30,100,19.241217456666668,c980370c-e6fa-4fba-9d05-0002070c5eb0,NULL,4923,1,1,1,0
2020-05-29 10:59:17.957,2b3670a7-3ee5-40ed-94fc-359271d2e2ea,0,1200,51,10164,ebc03cc6-28d7-413d-8ea1-e44f81a28f30,100,7.892781275,20d0d14b-7f89-4e3d-b80e-00020897dc27,NULL,4923,1,1,1,0
2020-09-16 09:12:49.820,fcb77b7f-b70e-4eb5-bae7-f6327a5578c9,0,1000,190,10164,ebc03cc6-28d7-413d-8ea1-e44f81a28f30,100,1.3651051016666667,2da0a82c-37bb-43d2-b0e2-00020bc52600,NULL,4923,1,1,1,0
2020-01-14 09:26:24.837,3ed0177a-1e93-403e-9e9a-3a82796200a6,0,1000,250,10164,ebc03cc6-28d7-413d-8ea1-e44f81a28f30,100,0.06965504833333333,4c41fadb-b9c5-4af8-92c2-00020cf2f33e,NULL,4923,1,1,1,0
2020-04-27 08:29:05.517,8d62652f-906a-40ee-ab33-843b4a5df4b1,0,1000,240,10164,ebc03cc6-28d7-413d-8ea1-e44f81a28f30,100,13.189135475,b4d831fa-2d2a-42e8-ac11-00020e1c1a06,NULL,4923,1,1,1,0
2020-12-08 12:29:56.660,ea47816f-8fa3-481a-92bc-94936e42473c,0,1200,37,10164,ebc03cc6-28d7-413d-8ea1-e44f81a28f30,100,42.00747526,20251b68-a7ae-4cdb-a8cd-000211cec720,NULL,4923,1,1,1,0
2019-02-01 16:38:28.333,7475f94d-63e4-430a-9510-ca1c1f6ec362,0,1000,49,10164,ebc03cc6-28d7-413d-8ea1-e44f81a28f30,100,5.458223888333333,9d71bb5a-28d1-40c4-9ea4-000214ed5f0d,NULL,4923,1,1,1,0
2020-11-24 09:07:36.637,b9a15fd9-f96c-4481-885a-db71c69a33a8,0,1000,110,10164,ebc03cc6-28d7-413d-8ea1-e44f81a28f30,100,2.358380051666667,d259ede1-a374-4adf-a2c5-000218670973,NULL,4923,1,1,1,0
2020-11-08 12:13:37.617,4b0bf7b4-0b97-410b-ab74-20b3c5396532,0,1200,51,10164,ebc03cc6-28d7-413d-8ea1-e44f81a28f30,100,2.9623721933333336,c064ab7b-7aab-4dc7-9f0e-00021d445dc6,NULL,4923,1,1,1,0
2020-12-28 13:25:42.910,0b13556a-6d40-4ab5-a436-48c91fd1861e,0,1200,37,10164,ebc03cc6-28d7-413d-8ea1-e44f81a28f30,100,94.71078446166666,7e1a5b0d-3209-49a6-8c79-00021fb74a6b,NULL,4923,1,1,1,0
2018-05-24 18:04:50.370,ff9e4744-5a7f-4a28-9116-4a47106d7b62,0,250,50,10164,ebc03cc6-28d7-413d-8ea1-e44f81a28f30,100,0.9281958,e87ff63d-15eb-4748-82cd-0002208c3f53,NULL,4923,1,1,1,0
2019-12-18 09:24:34.343,64e43898-3e8a-478f-b73e-104ea932dc65,0,1000,300,10164,ebc03cc6-28d7-413d-8ea1-e44f81a28f30,100,0.06016597,03430e99-2f39-4437-9b6c-000220a913de,NULL,4923,1,1,1,0
2018-08-10 19:26:30.700,94a79e90-929c-4af5-a740-fd11db1abfb9,0,2001,51,10164,ebc03cc6-28d7-413d-8ea1-e44f81a28f30,100,95.18052983166668,0de319bc-d5f7-4627-a954-000221b75d30,NULL,4923,1,1,1,0
2018-12-23 10:30:25.427,274f49c8-d1f9-4f67-8035-7fb7cd24046e,0,1000,60,10164,ebc03cc6-28d7-413d-8ea1-e44f81a28f30,100,38.24701578333333,d67650e0-5fae-4ac7-95af-00022449af09,NULL,4923,1,1,1,0
2020-10-22 09:05:20.720,ab1188c4-a9a5-4f79-a5c5-e672180df28e,0,1000,210,10164,ebc03cc6-28d7-413d-8ea1-e44f81a28f30,100,2.6756217,2711ae8c-f5c7-4a23-a746-000224f21e47,NULL,4923,1,1,1,0
2018-05-21 14:06:03.223,4317e100-d623-45d8-b564-cecc7aebbeb1,0,1000,43,10164,ebc03cc6-28d7-413d-8ea1-e44f81a28f30,100,5.210602126666667,07c4a8df-a3ec-4dd4-a7f6-0002266717ab,NULL,4923,1,1,1,0
2020-04-11 10:52:58.973,3c21ba72-da31-4733-ade9-3ec52114c402,0,1200,29,10164,ebc03cc6-28d7-413d-8ea1-e44f81a28f30,100,1.0445970633333335,93555b9b-2ab1-45de-ad77-00022877d50a,NULL,4923,1,1,1,0
2020-11-03 12:43:12.757,21f7c07b-deaf-42ec-b41f-ee7f0d1620f0,0,1200,39,10164,ebc03cc6-28d7-413d-8ea1-e44f81a28f30,100,17.862542998333335,b823f17a-d1a2-43c3-bb43-00022a85e304,NULL,4923,1,1,1,0
2021-01-04 11:14:56.520,7f1f2874-a5b4-4ac9-8b36-7db6bdb48c2e,0,1000,190,10164,ebc03cc6-28d7-413d-8ea1-e44f81a28f30,100,66.46246799333333,d3e4646c-654c-4ae3-92d6-00022be7eb0f,NULL,4923,1,1,1,0
2018-07-24 13:18:32.330,3ccb17b8-ddf1-41e2-b076-c2ab81d210a1,0,1000,29,10164,ebc03cc6-28d7-413d-8ea1-e44f81a28f30,100,1.694129025,bd7d6afc-0e00-4ee6-8e99-00022d9c7eae,NULL,4923,1,1,1,0
2020-12-15 10:01:50.243,ac4ac6a8-4358-47de-8cfb-d939b561ceae,0,1000,190,10164,ebc03cc6-28d7-413d-8ea1-e44f81a28f30,100,34.39705688,d8e7e7ba-384a-41a9-afab-00022e31a4a1,NULL,4923,1,1,1,0
2020-10-30 09:30:51.377,55804160-3879-457b-ac11-172a273e6e9d,0,1000,190,10164,ebc03cc6-28d7-413d-8ea1-e44f81a28f30,100,26.04942625,bbc03376-a7ec-4180-b91c-00022e82eb42,NULL,4923,1,1,1,0
2020-10-14 08:53:19.557,1d2e372b-6b0a-483a-8279-63f9c9aa88cd,0,1000,100,10164,ebc03cc6-28d7-413d-8ea1-e44f81a28f30,100,12.371520345,55a6348d-0788-4b01-8f34-00022f210296,NULL,4923,1,1,1,0
2020-12-12 10:00:16.430,a4ca2915-4267-478a-ad08-4684a8200a4c,0,1000,210,10164,ebc03cc6-28d7-413d-8ea1-e44f81a28f30,100,21.169972826666665,13c0cea9-8b7d-4b41-9938-000230e3bd6d,NULL,4923,1,1,1,0
2021-03-21 11:42:24.377,aefc00cd-f079-4c89-aad0-2aaa2b4d4650,0,1200,21,10164,ebc03cc6-28d7-413d-8ea1-e44f81a28f30,100,14.97592352,a0de347a-c707-4c64-8fcd-00023398826c,NULL,4923,1,1,1,0
2019-09-23 09:51:40.300,8ed2a32b-7446-4aab-8507-e08ff063cf4d,0,1000,250,10164,ebc03cc6-28d7-413d-8ea1-e44f81a28f30,100,0.8766176683333333,d5abfca2-c7b8-4dfe-8116-000237c1bc4d,NULL,4923,1,1,1,0
2021-01-19 17:39:52.533,3167c7d0-e361-4fef-837e-36523417745a,0,1000,200,10164,ebc03cc6-28d7-413d-8ea1-e44f81a28f30,100,18.725574605000002,6996c3b4-8246-455c-8c4e-000240814eed,NULL,4923,1,1,1,0
2021-05-21 08:13:50.467,dc211f05-247a-468f-a4a6-2b3bb858071b,0,1000,200,10164,ebc03cc6-28d7-413d-8ea1-e44f81a28f30,100,70.97435106,7c635cae-2612-4314-ab74-0002409f6be3,NULL,4923,1,1,1,0
2019-06-18 10:45:53.813,910776c7-d28a-4ad6-9946-2e2861959680,0,1000,190,10164,ebc03cc6-28d7-413d-8ea1-e44f81a28f30,100,4.925518313333334,f2caab30-e959-4ba9-8cdb-000241d8c7d5,NULL,4923,1,1,1,0
2020-12-18 11:15:54.487,2d986923-d149-44f7-aa7f-f2b3507d1448,0,1000,250,10164,ebc03cc6-28d7-413d-8ea1-e44f81a28f30,100,37.402763415,761cff9e-b2ac-4852-b73b-0002434dd027,NULL,4923,1,1,1,0
2021-07-09 12:55:08.637,0dd744cb-2595-4d77-b174-a43cd4616e76,0,1000,200,10164,ebc03cc6-28d7-413d-8ea1-e44f81a28f30,100,1.3958656366666666,3c6af2d5-73a9-438e-aa50-000244ff4974,NULL,4923,1,1,1,0
2020-11-26 10:05:46.133,0cc389fd-4777-4e65-a696-9384b120b33f,0,1000,190,10164,ebc03cc6-28d7-413d-8ea1-e44f81a28f30,100,9.330575706666666,0b54d7a2-5c69-44b5-8821-000245767626,NULL,4923,1,1,1,0
2020-12-28 07:48:42.770,2f803720-4650-4f3f-a4fa-acac1ce7148b,0,600,1500,10164,ebc03cc6-28d7-413d-8ea1-e44f81a28f30,100,14.56689081,7507c29d-dfe8-410b-a41d-0002476eb2f2,NULL,4923,1,1,1,0
2020-11-18 11:25:49.730,94f1819e-40f3-43fd-b4be-c18b88d5b103,0,1000,200,10164,ebc03cc6-28d7-413d-8ea1-e44f81a28f30,100,27.423740831666667,7bbaa4dc-2ad4-4940-aa23-00024a13bd78,NULL,4923,1,1,1,0
2020-10-28 10:27:06.977,163921e0-87a5-4907-b114-faa63afef075,0,2001,250,10164,ebc03cc6-28d7-413d-8ea1-e44f81a28f30,100,6.875301035000001,e62cb0e7-5f0d-49a6-989f-00024d27ae54,NULL,4923,1,1,1,0
2021-08-01 11:16:44.433,46b74b46-df0e-4bc8-9f85-dfa615e54bcf,0,1200,41,10164,ebc03cc6-28d7-413d-8ea1-e44f81a28f30,100,16.76224828166667,7b2a531d-7d61-40d6-857b-00024e144269,NULL,4923,1,1,1,0
2020-10-28 11:30:05.290,a05706e9-6d9d-4bd3-b646-07c7d28e066b,0,2001,250,10164,ebc03cc6-28d7-413d-8ea1-e44f81a28f30,100,4.545777698333334,3c776f3d-c943-46dc-9965-0002502b4386,NULL,4923,1,1,1,0
2020-06-30 09:03:28.010,d05b6cdd-ffda-4146-a95f-a674babfe272,0,1000,80,10164,ebc03cc6-28d7-413d-8ea1-e44f81a28f30,100,37.45886570166667,be9fcb5c-8abf-4939-8265-000250f009dc,NULL,4923,1,1,1,0
2021-02-10 21:15:02.747,74409c91-1599-4fcf-a976-2acb80c80613,0,1000,300,10164,ebc03cc6-28d7-413d-8ea1-e44f81a28f30,100,0.8073326083333333,e47e9820-ad08-4d3f-94a9-000256299254,NULL,4923,1,1,1,0
2020-12-10 11:06:06.887,f54b58b4-4468-439b-9207-35a6d7a8b2e1,0,1000,190,10164,ebc03cc6-28d7-413d-8ea1-e44f81a28f30,100,72.89434327833334,30862164-0edf-4218-bb68-000259dc00bc,NULL,4923,1,1,1,0
2020-11-14 12:32:59.000,a4e85435-acb5-4ad2-9749-a7f328f31cc6,0,1200,27,10164,ebc03cc6-28d7-413d-8ea1-e44f81a28f30,100,3.3936785400000002,9ca106ac-3922-4609-9323-00025c4a60c1,NULL,4923,1,1,1,0
2020-09-01 12:24:58.083,c7b081b3-fa19-47a4-a16b-9feed7af3e4f,0,1200,43,10164,ebc03cc6-28d7-413d-8ea1-e44f81a28f30,100,7.6913760883333335,b5dd71ee-61ca-4aef-b6f8-00025ccbbfb3,NULL,4923,1,1,1,0
2019-03-15 12:24:51.637,30f15317-6456-4cbc-81c5-fdb7d72d41cf,0,2001,250,10164,ebc03cc6-28d7-413d-8ea1-e44f81a28f30,100,50.081346163333336,7903f6bc-7e32-4f43-82e8-00025d182093,NULL,4923,1,1,1,0
2021-04-23 08:55:07.083,63c0f4d3-5b5f-4c1f-a9ce-fd4a868ccdf4,0,1000,200,10164,ebc03cc6-28d7-413d-8ea1-e44f81a28f30,100,0,dfa75342-e782-4ea8-bfad-00025e78e6de,NULL,4923,1,1,1,0
2020-12-08 12:17:07.097,733f0011-c7c0-4ff8-a68d-5a915336fadb,0,1200,29,10164,ebc03cc6-28d7-413d-8ea1-e44f81a28f30,100,29.950352325,161e6ea2-fa4c-4607-be2f-0002603dfea4,NULL,4923,1,1,1,0
2020-12-10 11:03:50.310,29e8d85e-ac59-443e-993b-1258353d564e,0,1000,200,10164,ebc03cc6-28d7-413d-8ea1-e44f81a28f30,100,71.56736031166666,ba619552-dda0-4127-97ad-0002627aa4bd,NULL,4923,1,1,1,0
2018-08-04 08:50:19.470,7b5a8b60-6f27-4ce4-9e2e-0c5e3d31f50e,0,1000,160,10164,ebc03cc6-28d7-413d-8ea1-e44f81a28f30,100,2.6280362033333335,089cfb86-ff2a-4d00-a3dc-00026356dbd5,NULL,4923,1,1,1,0
2020-01-01 09:14:08.923,aa703899-52e9-4e83-8c9c-ac3e6ad14a10,0,1000,170,10164,ebc03cc6-28d7-413d-8ea1-e44f81a28f30,100,0.05529062666666667,64c5fdfe-4645-44c7-b93a-000265bf06be,NULL,4923,1,1,1,0
2020-08-20 08:52:02.130,5f738d13-6809-4636-b2b3-0aa832876adb,0,1000,150,10164,ebc03cc6-28d7-413d-8ea1-e44f81a28f30,100,2.4711301166666666,5a82ed6e-802b-4c67-8895-000266ddc229,NULL,4923,1,1,1,0
2021-01-05 15:19:56.073,9b8fbd16-7422-4040-a310-5fb61b6646f4,0,1200,33,10164,ebc03cc6-28d7-413d-8ea1-e44f81a28f30,100,96.63723664833334,720d7a3b-6698-4a85-bbf3-0002676395c8,NULL,4923,1,1,1,0
2020-01-16 22:28:40.963,5c54c5e0-9333-411d-8562-40ec0e6743de,0,1200,33,10164,ebc03cc6-28d7-413d-8ea1-e44f81a28f30,100,1.2954055,b4095227-cfe2-4338-848e-0002678ca4a6,NULL,4923,1,1,1,0
2021-05-21 08:45:51.333,dd37d3c7-3107-4403-a35f-b5d3acff718d,0,1000,250,10164,ebc03cc6-28d7-413d-8ea1-e44f81a28f30,100,78.94332146333333,215c60d1-600f-4e70-af57-00026aa0e1bb,NULL,4923,1,1,1,0
2021-08-01 13:06:50.017,c6af5410-d26d-4a2d-8229-1f586bafb31f,0,2001,190,10164,ebc03cc6-28d7-413d-8ea1-e44f81a28f30,100,1.5821789983333334,a098984c-0b18-4387-958f-00026af0883d,NULL,4923,1,1,1,0
2020-12-28 07:48:42.770,21493f61-53d9-49ba-9f30-38eb7963013f,0,600,1500,10164,ebc03cc6-28d7-413d-8ea1-e44f81a28f30,100,0.31293834833333334,7991e24d-cb4b-4f3c-8d1e-00026b0c3445,NULL,4923,1,1,1,0
2018-10-08 16:58:08.370,ee9117bf-bd8f-44ba-b5f9-8a518a4e5c20,0,1000,49,10164,ebc03cc6-28d7-413d-8ea1-e44f81a28f30,100,1.8344466616666668,cdcd4649-7f90-413a-aa61-00026c8bac84,NULL,4923,1,1,1,0
2020-12-16 11:00:19.267,e1ed8d9e-106c-4ae6-9d49-74f6246d65cc,0,1200,9,10164,ebc03cc6-28d7-413d-8ea1-e44f81a28f30,100,25.10337347,c202b663-76fd-4881-a514-00027444815a,NULL,4923,1,1,1,0
2018-09-06 14:17:13.153,e77cebaa-5465-4237-8903-c380107e2dea,0,1000,51,10164,ebc03cc6-28d7-413d-8ea1-e44f81a28f30,100,11.6354497,bf6e9fe8-e281-456c-9c52-0002758e8963,NULL,4923,1,1,1,0
2020-12-28 13:06:34.153,adcda7f9-66a6-4404-8b59-f13bca5047a4,0,1000,100,10164,ebc03cc6-28d7-413d-8ea1-e44f81a28f30,100,106.069074055,2a9acab3-bef6-4c15-8128-00027af0b495,NULL,4923,1,1,1,0
2021-07-30 16:22:34.103,4c3b2fec-a636-4d42-a347-2a51836c0150,0,2001,51,10164,ebc03cc6-28d7-413d-8ea1-e44f81a28f30,100,52.68219358166667,0d8b2f51-a6d7-4920-8caa-00027f1289e9,NULL,4923,1,1,1,0
2018-08-31 12:39:13.750,a39a72ff-a9c2-4712-ad0a-2349bf1a0e05,0,600,1500,10164,ebc03cc6-28d7-413d-8ea1-e44f81a28f30,100,30.41069099,d428b4d6-7ab6-4832-a875-00027fbb5f0c,NULL,4923,1,1,1,0
2020-06-05 09:49:55.547,8d428525-24c6-4822-917f-9fa1f74d1e62,0,1000,60,10164,ebc03cc6-28d7-413d-8ea1-e44f81a28f30,100,4.828563063333333,68f15ab3-5e5d-4c73-8e12-0002845894de,NULL,4923,1,1,1,0
2018-09-16 10:32:16.547,e82cc0fe-84c0-4675-9de1-1cc72eb644b8,0,1000,250,10164,ebc03cc6-28d7-413d-8ea1-e44f81a28f30,100,0.06539941,ba8d466b-30ce-4c02-b2a3-000285676ce1,NULL,4923,1,1,1,0
2020-02-15 12:23:32.400,3f2e5c4b-cb30-44f4-851b-4f2dfcd7824b,0,1200,17,10164,ebc03cc6-28d7-413d-8ea1-e44f81a28f30,100,0.06573037333333333,b0697e3f-2e74-4229-addb-000286506224,NULL,4923,1,1,1,0
2018-11-27 13:33:52.217,0da55488-fa48-402a-abd0-f87111953739,0,1000,31,10164,ebc03cc6-28d7-413d-8ea1-e44f81a28f30,100,2.576916425,c890d43c-2e7c-480b-ae1c-00028cc2a916,NULL,4923,1,1,1,0
2019-03-20 15:16:25.987,ccda17d8-5de9-4514-9fb1-7c6c0c8c643e,0,2001,50,10164,ebc03cc6-28d7-413d-8ea1-e44f81a28f30,100,0.96436146,09c79807-2841-4315-b9a2-00028d59db16,NULL,4923,1,1,1,0
2020-06-05 11:59:59.117,b6c9e684-9576-4c8b-a22d-2c29aa591f04,0,1200,31,10164,ebc03cc6-28d7-413d-8ea1-e44f81a28f30,100,2.941329796666667,a2676435-207f-4e0e-bcf2-00028df42924,NULL,4923,1,1,1,0
2020-10-30 09:10:47.827,81d1c43b-1704-4c34-b207-738fbfe2821b,0,1000,150,10164,ebc03cc6-28d7-413d-8ea1-e44f81a28f30,100,13.065775825000001,237fcaee-002f-4e34-826e-00028e6dfeb6,NULL,4923,1,1,1,0
2020-09-30 08:37:49.763,ed41199e-b627-424d-ae38-5666de6a970a,0,1000,150,10164,ebc03cc6-28d7-413d-8ea1-e44f81a28f30,100,16.358950221666667,2ac0558d-66d6-4614-b5bb-00028f1238f5,NULL,4923,1,1,1,0
2020-04-24 10:51:25.067,67a65204-f704-46b5-af4b-078d90f5237c,0,1200,23,10164,ebc03cc6-28d7-413d-8ea1-e44f81a28f30,100,0,19d13975-e4f1-4870-a84f-00028fc99ea6,NULL,4923,1,1,1,0
2020-11-22 11:32:39.027,23c53e3d-d757-45ce-978c-70540ee8f331,0,1000,190,10164,ebc03cc6-28d7-413d-8ea1-e44f81a28f30,100,90.1248484,3724b678-fa24-4aa5-9e40-000290fc8f97,NULL,4923,1,1,1,0
2020-11-29 10:14:14.563,02134a9a-ddad-4f55-9549-509627f3da8b,0,1000,180,10164,ebc03cc6-28d7-413d-8ea1-e44f81a28f30,100,8.966252840000001,2258cf07-4fad-4a4c-be4c-000292a29004,NULL,4923,1,1,1,0
2018-08-13 12:53:24.627,be7c450b-9d4c-4c03-9552-fec1e24288c0,0,1000,51,10164,ebc03cc6-28d7-413d-8ea1-e44f81a28f30,100,7.690229706666667,1bf2d89f-e372-4c9b-a50e-000292d3369f,NULL,4923,1,1,1,0
2020-08-07 07:27:08.317,b651717e-ed6a-4f08-9dfd-18e0b61ba86c,0,1000,180,10164,ebc03cc6-28d7-413d-8ea1-e44f81a28f30,100,8.597958528333333,9426e119-1ced-4a6c-9258-000292dd5da5,NULL,4923,1,1,1,0
2020-11-19 12:58:34.453,2659950c-f03c-4ef1-91c3-1f03acbb0dae,0,1200,39,10164,ebc03cc6-28d7-413d-8ea1-e44f81a28f30,100,18.409609301666666,01949690-1d4c-49f7-aaba-00029837f788,NULL,4923,1,1,1,0
2020-08-08 13:55:57.593,f5341fa8-d299-4cdb-99c4-46d00e2a489a,0,1200,27,10164,ebc03cc6-28d7-413d-8ea1-e44f81a28f30,100,1.2638932333333333,dd12dc44-5e46-4544-8312-0002988b82fc,NULL,4923,1,1,1,0
2020-12-17 11:00:03.353,6db3f3cd-9c05-45b6-a801-a8274f19282c,0,1000,200,10164,ebc03cc6-28d7-413d-8ea1-e44f81a28f30,100,70.00095214,3380cdc7-8ee7-461e-a4dd-00029a49a3b1,NULL,4923,1,1,1,0
2019-03-15 10:33:27.393,b80218e0-c593-4ead-8215-0f7c83d39423,0,2001,70,10164,ebc03cc6-28d7-413d-8ea1-e44f81a28f30,100,36.020421883333334,5ccb9169-3c8c-49ae-83bd-00029a95d77e,NULL,4923,1,1,1,0
2018-07-24 14:13:33.177,8fd2f8d4-53d3-42e7-9793-2f8dfd134b2e,0,1000,35,10164,ebc03cc6-28d7-413d-8ea1-e44f81a28f30,100,82.43409059833334,f650a573-e95c-48e8-812d-0002a0d009f9,NULL,4923,1,1,1,0
2020-05-30 08:09:16.113,cc15cd72-a608-42a5-bb10-cef8048e1705,0,1000,240,10164,ebc03cc6-28d7-413d-8ea1-e44f81a28f30,100,0.5151042483333333,f95f3b3b-5673-4989-82aa-0002a1a986a0,NULL,4923,1,1,1,0
2020-11-19 09:04:47.227,19e0f2f1-3be5-4ffb-93b9-ec3986ffbe73,0,2001,50,10164,ebc03cc6-28d7-413d-8ea1-e44f81a28f30,100,4.789781971666667,91712806-5a10-44cb-a9f7-0002a4b2f134,NULL,4923,1,1,1,0
2020-12-04 10:00:45.340,7485d1d6-0d2a-4d97-b087-4025675726d6,0,1000,250,10164,ebc03cc6-28d7-413d-8ea1-e44f81a28f30,100,34.45522227833333,326eb829-08fc-4c71-bbdd-0002a9277b4e,NULL,4923,1,1,1,0
2020-04-08 08:35:31.880,83277266-943b-42eb-b74d-b4be81cd5f22,0,1000,130,10164,ebc03cc6-28d7-413d-8ea1-e44f81a28f30,100,12.214159378333333,f0177652-759c-42b9-9c8d-0002aba6556f,NULL,4923,1,1,1,0
2020-12-12 10:09:07.260,7ad3311f-ff3c-4946-ba8b-35993a35f3fc,0,1000,250,10164,ebc03cc6-28d7-413d-8ea1-e44f81a28f30,100,23.008158245,0f8bd24d-f82d-44c0-b4dc-0002af74bc54,NULL,4923,1,1,1,0
2020-12-17 10:36:50.193,184108a2-0cca-431d-a3ae-8888275803f2,0,1000,70,10164,ebc03cc6-28d7-413d-8ea1-e44f81a28f30,100,53.937418495,eeff8895-d068-4038-b098-0002b2a947de,NULL,4923,1,1,1,0
2019-03-04 10:31:23.617,44159f28-180e-417a-acc6-720a901e3f9b,1,2001,210,10164,ebc03cc6-28d7-413d-8ea1-e44f81a28f30,100,11.949976,db7ee3bc-7c6b-49f1-b9cd-0002b5c7a486,NULL,4923,1,1,1,0
2021-03-10 14:47:17.983,cd804e80-0b4c-4b59-857a-f7f55baf26a9,0,1200,51,10164,ebc03cc6-28d7-413d-8ea1-e44f81a28f30,100,4.754823635,65bcb14b-8cb7-4680-b3e8-0002b6691a8e,NULL,4923,1,1,1,0
2020-09-03 09:04:42.627,50d0026d-3189-472c-b4d1-7505c424e329,0,1000,200,10164,ebc03cc6-28d7-413d-8ea1-e44f81a28f30,100,0.8926366816666667,2b6fb3f8-920f-469c-9929-0002c2416a7a,NULL,4923,1,1,1,0
2020-06-29 09:17:35.057,fef83328-34ca-4bb3-abc5-4f380fe7fc10,0,1000,70,10164,ebc03cc6-28d7-413d-8ea1-e44f81a28f30,100,7.366219916666667,dc72c6f1-8f76-4417-a527-0002c9a10d72,NULL,4923,1,1,1,0
2020-07-07 09:05:58.843,4e29cd4e-6270-48b0-af9f-0a042c3c17a1,0,1000,210,10164,ebc03cc6-28d7-413d-8ea1-e44f81a28f30,100,3.278607385,142ad742-e4c4-46f7-a9f3-0002cd80687c,NULL,4923,1,1,1,0
2020-04-13 08:50:47.163,a2d5602b-ea1c-4e30-8a0f-332be3a3d18c,0,1200,23,10164,ebc03cc6-28d7-413d-8ea1-e44f81a28f30,100,13.735876391666666,e448f706-c099-4cdf-899e-0002cdcc0df6,NULL,4923,1,1,1,0
2021-05-21 09:40:53.860,7dccfe80-730a-4442-8fb3-d6315a5d50d0,0,2001,180,10164,ebc03cc6-28d7-413d-8ea1-e44f81a28f30,100,19.083526388333333,f06d5699-1841-4017-9b60-0002d04880e5,NULL,4923,1,1,1,0
2020-11-18 12:17:23.970,763f4780-4cf9-421a-9bf2-a321a9a2b937,0,1000,100,10164,ebc03cc6-28d7-413d-8ea1-e44f81a28f30,100,88.59372469166667,b36cfcb4-784b-4bcf-9fb7-0002d3d488d5,NULL,4923,1,1,1,0
2020-01-21 06:37:47.687,e0fb24b5-d9b9-4e15-8e04-bdade6a1e50c,0,1200,51,10164,ebc03cc6-28d7-413d-8ea1-e44f81a28f30,100,0.057813126666666666,b427a171-b9f6-4889-af70-0002d6ec0a78,NULL,4923,1,1,1,0
2019-04-02 03:16:01.903,13139f89-a05c-4cdd-8f43-553904c26980,0,250,100,10164,ebc03cc6-28d7-413d-8ea1-e44f81a28f30,100,0.26685650833333335,1e2f3ae0-05f3-46b3-bf00-0002d8a00616,NULL,4923,1,1,1,0
2021-07-30 17:09:51.277,3ff95b7c-a79c-461e-9f99-bf84211c7c1d,0,2001,51,10164,ebc03cc6-28d7-413d-8ea1-e44f81a28f30,100,12.279626423333333,28c7f699-1ed1-4ed1-b55a-0002d8aa6bef,NULL,4923,1,1,1,0
2020-11-20 09:43:47.807,07f97d8c-14e9-49dc-b386-02377fa0182f,0,1000,150,10164,ebc03cc6-28d7-413d-8ea1-e44f81a28f30,100,6.145340151666667,24a3686f-c21a-4e38-a504-0002d9cbf831,NULL,4923,1,1,1,0
2019-04-15 08:47:42.093,9716f9f7-c2b5-4f05-a12f-1e3bd98e8be6,0,1000,30,10164,ebc03cc6-28d7-413d-8ea1-e44f81a28f30,100,2.8957238283333333,a5c41f91-a29a-4f6c-bb47-0002dd370782,NULL,4923,1,1,1,0
2020-05-18 08:27:47.223,2cab0e58-637f-4d05-ba4f-6d5d0025a571,0,1000,80,10164,ebc03cc6-28d7-413d-8ea1-e44f81a28f30,100,2.222942616666667,f21fb34a-d170-4037-9ba6-0002e3913c3a,NULL,4923,1,1,1,0
2021-04-15 12:02:20.257,9ff41972-70f9-4679-9689-f261f5f8ac1d,0,600,1500,10164,ebc03cc6-28d7-413d-8ea1-e44f81a28f30,100,4.03448744,f39eb679-6e23-4576-813d-0002f23867bc,NULL,4923,1,1,1,0
2020-05-07 08:40:45.813,a999ca5b-7941-40ba-9c73-438dbf6477ec,0,1000,80,10164,ebc03cc6-28d7-413d-8ea1-e44f81a28f30,100,7.949663916666667,7b839235-0053-4320-af8d-0002f2b01b46,NULL,4923,1,1,1,0
2021-03-11 14:45:22.700,9757d550-1ef9-465b-a6d5-be2664d26bae,0,1200,39,10164,ebc03cc6-28d7-413d-8ea1-e44f81a28f30,100,0,c0700143-6b7e-4cf5-a416-0002f3bbc73a,NULL,4923,1,1,1,0
2020-06-27 09:17:49.933,332d078d-87ec-453f-bf83-1ff9cb6a7de4,0,1000,170,10164,ebc03cc6-28d7-413d-8ea1-e44f81a28f30,100,11.847869265,eb99133e-2a35-476a-8fa7-0002f3cb93c5,NULL,4923,1,1,1,0
2018-07-24 13:28:32.937,db1b7e2d-0cc1-4028-a3c9-9afd5f8fac5b,0,1000,39,10164,ebc03cc6-28d7-413d-8ea1-e44f81a28f30,100,23.44263906,adf47b54-7924-4a5f-a9c5-0002f4d92ba0,NULL,4923,1,1,1,0
2020-06-29 09:04:34.463,b876d78b-df03-4ba0-b775-980b47073381,0,1000,240,10164,ebc03cc6-28d7-413d-8ea1-e44f81a28f30,100,22.350620653333333,ca21447f-9494-401c-b5c1-0002f76dec67,NULL,4923,1,1,1,0
2019-12-02 13:45:47.500,5bc765b3-100a-42a0-8147-0e840eab5e8e,0,1200,51,10164,ebc03cc6-28d7-413d-8ea1-e44f81a28f30,100,0.008269098333333334,a302fd7b-79ff-4e66-b10e-0002fb1a49bd,NULL,4923,1,1,1,0
2020-11-08 10:24:00.060,6746321c-53eb-4312-bd3a-509d3160d10d,0,1000,120,10164,ebc03cc6-28d7-413d-8ea1-e44f81a28f30,100,26.042521828333335,50453520-d229-49bf-8f97-0002fd0d9c64,NULL,4923,1,1,1,0
2020-12-28 11:52:33.703,d1dddae8-3797-4ace-b9cc-713f6949d5fe,0,1000,160,10164,ebc03cc6-28d7-413d-8ea1-e44f81a28f30,100,33.77635600333333,ff4adf4b-2860-4262-9567-0002fe36bd59,NULL,4923,1,1,1,0
2020-10-14 11:39:58.780,7816047c-0e99-4bf8-974c-9834768c5d44,0,1200,37,10164,ebc03cc6-28d7-413d-8ea1-e44f81a28f30,100,4.813502061666667,7af1fc9e-435b-4581-a657-0003032636c8,NULL,4923,1,1,1,0
2020-12-17 12:10:49.017,f592d481-a60e-4e29-995b-cdf540d9f69e,0,1000,30,10164,ebc03cc6-28d7-413d-8ea1-e44f81a28f30,100,140.19278521,59c98b2c-0e09-4714-b153-000307ca2386,NULL,4923,1,1,1,0
2020-06-28 10:06:38.673,dc011eb7-e626-463c-90ff-dd64e3266fcc,0,1000,200,10164,ebc03cc6-28d7-413d-8ea1-e44f81a28f30,100,19.55999780666667,d72fd3bb-d469-4898-b46a-000307dfc956,NULL,4923,1,1,1,0
2020-06-28 09:28:13.557,110d3543-bf9a-4092-98ce-207f85e5c7dc,0,1000,150,10164,ebc03cc6-28d7-413d-8ea1-e44f81a28f30,100,4.0555577283333335,cd018513-d93e-482a-849f-0003092816bf,NULL,4923,1,1,1,0
2020-04-24 11:11:41.810,0b8c48a4-17ff-4dd9-8548-9e6ba7ad56ac,0,1200,17,10164,ebc03cc6-28d7-413d-8ea1-e44f81a28f30,100,10.183658006666667,8a83ce44-b477-4032-93c6-00030b68de5b,NULL,4923,1,1,1,0
2020-12-14 09:32:53.580,a9fa3a2e-ae52-4ba1-a00b-80eb3ec4d341,0,1000,200,10164,ebc03cc6-28d7-413d-8ea1-e44f81a28f30,100,14.169360391666666,0ce89af6-f2c9-445d-9698-00030df964f6,NULL,4923,1,1,1,0
2020-02-07 20:29:56.987,f7d1a5dd-5196-4db5-a6db-016a268aa770,0,1200,33,10164,ebc03cc6-28d7-413d-8ea1-e44f81a28f30,100,0.06753169,0de86c53-57cc-4c83-8177-00030f989223,NULL,4923,1,1,1,0
2019-11-27 14:40:54.577,7549ba2d-8fc7-4e0c-b3e1-d31b0e8a330b,0,1200,43,10164,ebc03cc6-28d7-413d-8ea1-e44f81a28f30,100,0.057190873333333336,2b083970-6e8f-4cb6-ac3d-0003112dc7c9,NULL,4923,1,1,1,0
2020-12-13 10:46:03.393,ccc83808-07b3-40be-8bfb-6584dfad7f4d,0,1200,37,10164,ebc03cc6-28d7-413d-8ea1-e44f81a28f30,100,20.586871558333335,cd6140b3-4481-41be-831a-000311d0962b,NULL,4923,1,1,1,0
2020-06-30 11:45:40.763,a5a39faf-8e16-499f-835d-5b219cbb13fb,0,1200,15,10164,ebc03cc6-28d7-413d-8ea1-e44f81a28f30,100,1.8203883333333333,d3891ce7-9731-47dc-a866-00031694c906,NULL,4923,1,1,1,0
2020-12-05 09:40:02.693,fa9e4995-4abd-4eb6-b486-f5fe23515ff1,0,1000,190,10164,ebc03cc6-28d7-413d-8ea1-e44f81a28f30,100,4.063511448333333,776a24a2-b427-4813-8244-000318f78a30,NULL,4923,1,1,1,0
2018-09-01 11:21:54.787,bfa9e5f5-62ea-46e8-bdf3-79541e1be2bd,0,1000,200,10164,ebc03cc6-28d7-413d-8ea1-e44f81a28f30,100,172.38880018,efccf73d-3d9f-4da1-a551-000319dc3c6a,NULL,4923,1,1,1,0
2020-02-22 09:15:43.640,0c1f5df4-21e1-47c7-84be-4f9e2e276ad4,0,1000,250,10164,ebc03cc6-28d7-413d-8ea1-e44f81a28f30,100,0.186673015,b5fb2fe8-77b1-461a-b46e-00031a6147fd,NULL,4923,1,1,1,0
2018-12-22 09:35:14.777,52784ff2-3fa0-4975-85d8-b8cdc27cb419,0,1000,140,10164,ebc03cc6-28d7-413d-8ea1-e44f81a28f30,100,6.50933386,83e372b6-d3c9-415a-819c-00031aea49b9,NULL,4923,1,1,1,0
2021-07-05 11:07:47.057,68e7b9a8-8ec5-4e42-a9a8-706c2babdee3,0,1200,7,10164,ebc03cc6-28d7-413d-8ea1-e44f81a28f30,100,6.716067025,970c8dd4-6d17-404c-93ee-00031e5e98ac,NULL,4923,1,1,1,0
2018-06-09 16:04:44.503,055133d3-91eb-49e5-8e45-c951fe1d65b6,0,1000,21,10164,ebc03cc6-28d7-413d-8ea1-e44f81a28f30,100,0.5361532450000001,d0deaa87-fd82-4094-82e7-00031f658e84,NULL,4923,1,1,1,0
2021-05-21 09:49:54.390,56b30259-84eb-4acf-84fb-62e004d73cec,0,1000,200,10164,ebc03cc6-28d7-413d-8ea1-e44f81a28f30,100,162.11015460666667,f264c703-c28f-4fe0-89d2-0003235285a6,NULL,4923,1,1,1,0
2021-07-15 12:50:55.093,36349fca-484a-4445-ac4a-a4614b8a3fec,0,2001,250,10164,ebc03cc6-28d7-413d-8ea1-e44f81a28f30,100,12.270583316666666,bb2019e9-dc67-4bf6-bbd9-000323631e1e,NULL,4923,1,1,1,0
2020-11-20 12:18:49.643,b3a7a049-b9a8-4ac6-96d3-4361507eca7c,0,1200,51,10164,ebc03cc6-28d7-413d-8ea1-e44f81a28f30,100,9.574385791666668,f690ad96-eac3-4155-813b-000323b17b0c,NULL,4923,1,1,1,0
2021-02-14 11:58:42.920,d05884c7-8221-49a0-9ae0-093e5c16ccf2,0,1000,250,10164,ebc03cc6-28d7-413d-8ea1-e44f81a28f30,100,1.4477197883333333,84c45852-5c62-44fc-8a8c-0003277868dc,NULL,4923,1,1,1,0
2020-11-09 12:50:09.737,4c0b9b27-cf88-4f11-a018-3964edf13057,0,1200,27,10164,ebc03cc6-28d7-413d-8ea1-e44f81a28f30,100,2.56421691,7418f86b-2d95-409e-954a-00032e1b4491,NULL,4923,1,1,1,0
2018-07-24 14:05:33.197,51e1fc0a-f65f-4975-8c17-b52781445b86,0,1000,49,10164,ebc03cc6-28d7-413d-8ea1-e44f81a28f30,100,74.05281705166666,9aa2ca9b-2725-40e9-b11f-000330d152db,NULL,4923,1,1,1,0
2020-06-19 11:30:55.633,e87f7689-120e-4a81-b763-7a88b6443949,0,1200,19,10164,ebc03cc6-28d7-413d-8ea1-e44f81a28f30,100,5.801601521666667,e9763736-77e5-49aa-ae96-0003345a3a70,NULL,4923,1,1,1,0
2019-03-03 12:17:26.313,642c0f27-6834-4db7-8d51-a6aeae6236e4,0,2001,250,10164,ebc03cc6-28d7-413d-8ea1-e44f81a28f30,100,0.12760782,840ab63d-9d7d-4549-92da-000335bc22d6,NULL,4923,1,1,1,0
2020-02-27 12:16:10.487,1a9e811b-89c4-4a52-b97d-51a774bb7cd0,0,1200,25,10164,ebc03cc6-28d7-413d-8ea1-e44f81a28f30,100,0.038338003333333336,364ffef3-7acd-41d3-bec1-0003399decf2,NULL,4923,1,1,1,0
2018-09-20 15:13:16.300,bd640342-d49c-4891-b289-a0efff3aa507,0,1000,43,10164,ebc03cc6-28d7-413d-8ea1-e44f81a28f30,100,61.855316341666665,42873ad1-dbcd-406e-8e50-00033ad6626c,NULL,4923,1,1,1,0
2021-01-05 12:42:33.013,9b3c6114-e018-46dc-a41c-a8d9c6b6433f,0,1000,240,10164,ebc03cc6-28d7-413d-8ea1-e44f81a28f30,100,167.455216195,f8b3736e-dbe3-44d3-a8ba-00033c155596,NULL,4923,1,1,1,0
2020-12-28 11:05:48.427,a20e808d-b098-4a34-8eab-0ba827c70fde,0,1000,190,10164,ebc03cc6-28d7-413d-8ea1-e44f81a28f30,100,6.539906246666667,5290988e-f366-46ec-a710-0003430d21e7,NULL,4923,1,1,1,0
2020-12-18 11:32:50.600,3e73cbbf-d6a2-4ed0-961d-2792f3f74e75,0,1000,200,10164,ebc03cc6-28d7-413d-8ea1-e44f81a28f30,100,64.431488465,bbe13a71-a7cf-4bd3-992e-0003433e2425,NULL,4923,1,1,1,0
2018-08-10 11:00:41.060,1c134f7f-39d6-4ab2-8dcf-d322eb7535b5,0,1000,200,10164,ebc03cc6-28d7-413d-8ea1-e44f81a28f30,100,28.378275215000002,51d28c15-d738-47ca-954e-0003441190d8,NULL,4923,1,1,1,0
2019-06-14 08:44:02.437,6866bd66-ea0f-4865-a06e-dfa5f7e99b52,0,1000,240,10164,ebc03cc6-28d7-413d-8ea1-e44f81a28f30,100,1.22940528,16ed68c9-7ff6-437f-8ea5-00034b074b33,NULL,4923,1,1,1,0
2020-10-12 08:34:06.063,8534bd23-cc7e-42d8-84df-6c6bc00cce3a,0,1000,210,10164,ebc03cc6-28d7-413d-8ea1-e44f81a28f30,100,18.647561993333333,763f7fcd-57ec-4d7f-b2cc-00034c7accb6,NULL,4923,1,1,1,0
2020-12-10 11:42:50.743,6c3f0c44-23c6-4e22-bcfc-d3ecf1c56e77,0,1200,7,10164,ebc03cc6-28d7-413d-8ea1-e44f81a28f30,100,24.137117696666667,b40eceba-cebc-4e8d-9e66-00034e36182e,NULL,4923,1,1,1,0
2020-12-26 09:45:51.223,47b7167e-d3e0-4dc2-ac9d-d68475bdbabd,0,1000,180,10164,ebc03cc6-28d7-413d-8ea1-e44f81a28f30,100,16.024729203333333,a6e73029-641e-46f7-a9b3-0003508a7e51,NULL,4923,1,1,1,0
2018-08-31 14:00:18.217,d6af6b4d-af1d-4cc6-a430-255d7bb8b48b,0,2001,400,10164,ebc03cc6-28d7-413d-8ea1-e44f81a28f30,100,0.48208327333333334,3ce8fad4-44f4-4caf-9748-0003522cff0b,NULL,4923,1,1,1,0
2020-09-25 15:10:02.727,c3373bab-13b2-4459-8775-7e24be6e2082,0,200,100,10164,ebc03cc6-28d7-413d-8ea1-e44f81a28f30,100,0,967c385c-1310-496d-b8dc-0003557297e6,NULL,4923,1,1,1,0
2020-07-21 09:19:36.563,b2fae189-f927-435d-a738-918b559e4c5b,0,1000,250,10164,ebc03cc6-28d7-413d-8ea1-e44f81a28f30,100,14.325293423333333,072482eb-9d12-4d17-b607-00035768617e,NULL,4923,1,1,1,0
2018-02-16 12:22:24.880,ec01f154-c5c0-49e3-84fb-214e2c3e2e7a,1,1000,1000,10164,ebc03cc6-28d7-413d-8ea1-e44f81a28f30,100,0.018146891666666668,27876048-07d1-479e-93a9-00035770ac4b,NULL,4923,1,1,1,0
2020-12-28 08:33:46.690,d815b3ea-4d33-4cae-9ea5-be7ff8d84ec7,0,2001,1500,10164,ebc03cc6-28d7-413d-8ea1-e44f81a28f30,100,39.750636146666665,c438254e-8ea2-4887-9b72-000357ad0ef2,NULL,4923,1,1,1,0
2020-11-24 09:11:45.087,b97587d6-b17c-42c8-af54-1ef8f0c98710,0,1000,200,10164,ebc03cc6-28d7-413d-8ea1-e44f81a28f30,100,0.2720951466666667,7a3b8def-174d-40b9-a431-000357bab7c7,NULL,4923,1,1,1,0
2021-03-27 10:39:46.817,9bb763a0-6402-4397-9b8e-4fa8b11cc326,0,1000,200,10164,ebc03cc6-28d7-413d-8ea1-e44f81a28f30,100,0.23426303833333334,4135b732-c81a-48a7-bfde-00035aae1489,NULL,4923,1,1,1,0
2020-12-22 10:36:34.023,8842e2dd-dd0a-4c48-a36d-5456b5175ab3,0,1000,90,10164,ebc03cc6-28d7-413d-8ea1-e44f81a28f30,100,33.28472558,67a4e899-99ae-4531-a55b-000360648362,NULL,4923,1,1,1,0
2020-07-22 13:13:55.747,2e529525-bc2e-4ae6-be43-c9f41f5824a2,1,1200,51,10164,ebc03cc6-28d7-413d-8ea1-e44f81a28f30,100,13.484427916666666,7e3a92c3-918b-4d1d-812a-000365ac80ec,NULL,4923,1,1,1,0
2018-09-27 15:38:51.063,e39916d7-e2b2-48d6-a8a3-840f42426e2a,0,1000,27,10164,ebc03cc6-28d7-413d-8ea1-e44f81a28f30,100,1.5195173483333333,90427989-82a4-436c-89d8-0003665ee550,NULL,4923,1,1,1,0
2020-07-17 08:53:47.300,c4641a56-26a4-4c25-8d13-73624df76040,0,1000,170,10164,ebc03cc6-28d7-413d-8ea1-e44f81a28f30,100,9.632600958333333,68058dac-4498-4931-94a4-000366c393ec,NULL,4923,1,1,1,0
2019-03-12 12:32:24.587,8858b061-70dd-459b-828e-492fff980c3e,0,2001,250,10164,ebc03cc6-28d7-413d-8ea1-e44f81a28f30,100,1.9282144316666667,72b55dbd-3e68-4596-b61e-000366e168ee,NULL,4923,1,1,1,0
2019-11-25 15:51:44.677,f6f1ac48-a93a-46d9-9216-731bc1c97097,1,250,1221,10164,b4304ac2-94a1-403c-b870-87c1030c2af9,100,31.090345248333335,e4b54b49-8987-48ba-bbcb-00001af8ffe6,2019-11-25 02:00:00.000,2820,1,1,1,0
2021-04-11 02:48:08.433,11af5cea-dc8d-4c55-98d2-6dc1bdddad97,1,2059,234,2216,43f21cc4-4e96-4072-a3a1-23ae5f68398e,100,0.06457935333333334,41ddd878-3451-4cfe-88ba-0000c7c1c1a9,2021-04-10 00:00:00.000,4406,1,1,0,10
2020-12-18 08:39:33.723,db4742df-091b-4c3f-b78d-5a17753556a7,0,2001,1001,395,340f02c6-c723-4c85-9413-ae2ec0ca39e6,100,9.640529788333334,fc3b8030-fc5e-403c-8b1f-0001741866ed,2020-12-15 00:00:00.000,5026,1,1,1,0
2021-07-18 09:35:08.923,1279d71a-185a-414b-ace0-aa0f247ad63d,0,250,1999,10164,b4304ac2-94a1-403c-b870-87c1030c2af9,100,0.63409235,61fd8899-27e7-4186-a8ca-00004a7d4c6e,2021-07-17 06:00:00.000,5075,1,1,1,0
2021-01-16 08:14:07.287,e5c11480-7a04-41e8-9186-2746d984c651,0,250,1999,10164,b4304ac2-94a1-403c-b870-87c1030c2af9,100,9.988804866666667,e63d691f-f3bb-4582-a085-0000adc1ffc7,2021-01-15 06:00:00.000,5075,1,1,1,0
2019-03-15 10:13:27.217,3d7c610b-47e3-429e-b924-160e5e76f427,0,2001,1000,10164,b4304ac2-94a1-403c-b870-87c1030c2af9,100,1.8793999750000001,9f26ca66-74e0-44e4-b3d6-00013235580e,2019-03-14 06:00:00.000,5075,1,1,1,0
2017-11-06 08:16:55.090,549a8b8e-1666-4c35-b197-94092c2d3235,0,1000,1000,140,569515e5-722d-4898-a6c3-01e02b964364,100,14.671923283333333,e7205bf4-15e4-4ef2-9632-00038226a77d,NULL,3053,1,1,1,0
2021-07-08 11:35:47.840,a9dba27b-2653-4c03-ad0f-312a7c567b41,0,300,500,10164,b4304ac2-94a1-403c-b870-87c1030c2af9,100,4.182056566666667,724d8142-8ae4-47d6-a696-00000eb8fcbf,2021-07-08 00:00:00.000,5139,1,1,1,0
2020-12-21 08:16:51.863,c94bcfe8-215a-481d-bbc1-805d5caaaf7f,0,300,500,10164,b4304ac2-94a1-403c-b870-87c1030c2af9,100,3.8713911683333335,28c42d22-7426-493a-8faa-00036c3ddaf9,2020-12-20 00:00:00.000,5139,1,1,1,0
2021-04-15 11:27:19.117,1c56aff5-4903-4465-b210-1a08dd0620fb,0,2001,50,27700,cd5e1afd-bbae-4ef3-a9f3-20d1492aca11,100,6.7841978,7eac40bc-004d-4154-ac51-00004971ba5b,2021-04-15 16:40:00.000,5142,1,1,2,0
2021-01-21 08:20:56.733,f3d769a7-a499-4ab0-b7c0-b4c59d128be4,0,200,600,27700,cd5e1afd-bbae-4ef3-a9f3-20d1492aca11,100,32.04155085166667,a7c4402b-0466-4911-a5db-00006471e263,2021-01-21 16:40:00.000,5142,1,1,2,0
2021-05-21 07:58:49.790,ea0e9028-9a1a-42c6-9c54-43094bc18802,0,250,50,27700,cd5e1afd-bbae-4ef3-a9f3-20d1492aca11,100,48.945520163333335,1601f6c8-7884-4ac7-bfe7-000071c0576b,2021-05-21 16:40:00.000,5142,1,1,2,0
2021-01-05 15:50:46.297,7e7d5564-b741-4aa6-ac0f-ffca538b4e4a,0,250,50,27700,cd5e1afd-bbae-4ef3-a9f3-20d1492aca11,100,185.55657639833333,3095cf56-f951-4ccd-a92a-0000743b3b7b,2021-01-05 16:40:00.000,5142,1,1,2,0
2021-05-10 09:05:07.493,9e63dce2-53e1-4052-ae25-a9d8da1f495f,0,250,50,27700,cd5e1afd-bbae-4ef3-a9f3-20d1492aca11,100,2.665227255,41367ee8-91ae-4839-9006-0000a1281c6b,2021-05-10 16:40:00.000,5142,1,1,2,0
2021-01-27 11:35:07.697,4618ed66-45c1-4deb-a8e5-1edfecca812f,0,250,50,27700,cd5e1afd-bbae-4ef3-a9f3-20d1492aca11,100,5.463342236666667,2eafff04-e590-40ea-8128-0000bfa33e14,2021-01-27 16:40:00.000,5142,1,1,2,0
2021-05-21 09:44:53.907,be798430-b5b6-4518-b020-26a466fde812,0,250,50,27700,cd5e1afd-bbae-4ef3-a9f3-20d1492aca11,100,162.41846953833334,536da061-cccb-4140-bf6f-0000e0a79991,2021-05-21 16:40:00.000,5142,1,1,2,0
2021-04-27 11:20:02.433,8ee3032a-d886-4679-ac75-c7ed29b6d03f,0,250,100,27700,cd5e1afd-bbae-4ef3-a9f3-20d1492aca11,100,22.165798756666668,eae19cb6-2647-43d7-9634-000108748912,2021-04-27 16:40:00.000,5142,1,1,2,0
2020-12-29 14:50:33.527,b910bfb7-048a-416e-b2bc-7430704d6000,0,250,50,27700,cd5e1afd-bbae-4ef3-a9f3-20d1492aca11,100,38.92071180833334,c33bc2c4-ec19-4e18-b23e-00011cfd26eb,2020-12-29 16:40:00.000,5142,1,1,2,0
2021-02-04 11:28:51.817,49670227-ae93-4aef-8d44-f6d3d398c49d,0,250,1500,27700,cd5e1afd-bbae-4ef3-a9f3-20d1492aca11,100,17.034040178333335,d5a966a8-a114-40b2-b0b8-00013087def5,2021-02-04 16:40:00.000,5142,1,1,2,0
2021-01-05 12:52:33.047,192d3cd4-86a8-4707-a94c-e11c4fab1198,0,200,500,27700,cd5e1afd-bbae-4ef3-a9f3-20d1492aca11,100,108.18555014,bb6e9482-a9c0-42d7-ba3c-00014e9fa432,2021-01-05 16:40:00.000,5142,1,1,2,0
2021-01-01 10:13:46.877,50829850-7b2a-487e-a8ab-59981b10a072,0,200,500,27700,cd5e1afd-bbae-4ef3-a9f3-20d1492aca11,100,0.5549462916666666,f104eae5-694c-4b51-a63c-00015834ce63,2021-01-01 16:40:00.000,5142,1,1,2,0
2021-04-21 13:50:02.600,e14a72c4-5482-4364-a504-5e1ef9a16731,0,250,100,27700,cd5e1afd-bbae-4ef3-a9f3-20d1492aca11,100,16.136363248333332,c18b4b34-4ee5-4113-8613-00021b424991,2021-04-21 16:40:00.000,5142,1,1,2,0
2021-01-05 15:46:20.920,6aa71bdd-20bd-4bde-a349-041dcb8dfce9,0,200,500,27700,cd5e1afd-bbae-4ef3-a9f3-20d1492aca11,100,67.10551690833333,7b919ede-e235-4998-a449-000238427370,2021-01-05 16:40:00.000,5142,1,1,2,0
2021-01-27 12:37:06.533,d5d8fbaf-647c-4d26-ac5f-927e8228dc13,0,250,100,27700,cd5e1afd-bbae-4ef3-a9f3-20d1492aca11,100,81.17230614,f0a5dd76-569e-4d7c-9879-00029d5c589e,2021-01-27 16:40:00.000,5142,1,1,2,0
2021-02-03 13:35:17.997,05dcefdf-49dd-4a96-b922-6f17e297ed23,0,200,600,27700,cd5e1afd-bbae-4ef3-a9f3-20d1492aca11,100,256.406972665,ef800cd7-eb7d-4a28-b618-0002b08f606a,2021-02-03 16:40:00.000,5142,1,1,2,0
2020-12-13 11:22:03.087,86bc89e5-e67c-4c11-bddf-a35f2baae10e,0,250,50,27700,cd5e1afd-bbae-4ef3-a9f3-20d1492aca11,100,88.67422206666667,f46a814d-6f8e-416e-b7ec-000310ae5000,2020-12-13 16:40:00.000,5142,1,1,2,0
2021-02-11 12:14:18.537,14a85cbf-b006-4687-940a-04e1ce7f6fc5,0,2001,100,27700,cd5e1afd-bbae-4ef3-a9f3-20d1492aca11,100,33.29601899,35306876-a2a0-4794-8d78-000399f9f94c,2021-02-11 16:40:00.000,5142,1,1,2,0
2021-04-16 08:33:20.260,3b168ce1-7ed6-48c5-9575-5f0d30f54b37,0,250,50,27700,cd5e1afd-bbae-4ef3-a9f3-20d1492aca11,100,63.456170981666666,5124eaf8-75cd-43b8-bdca-0003e06676b1,2021-04-16 16:40:00.000,5142,1,1,2,0
2020-12-10 03:54:22.153,2b14e587-3e09-4988-9bc2-9851ebf47b56,0,200,1367,10164,b4304ac2-94a1-403c-b870-87c1030c2af9,100,0.14167934833333334,e5d6cc72-0cf2-4e2a-b4da-0003157959a2,2020-12-09 02:00:00.000,4725,1,1,1,0
2019-04-26 09:04:26.377,8e005498-5931-49fe-8675-7140fbadba8e,0,875,1001,395,340f02c6-c723-4c85-9413-ae2ec0ca39e6,100,5.983123726666666,eb475847-5a67-40b0-98f8-00033a1f3629,2019-04-17 00:00:00.000,4750,0,1,1,0
2020-06-29 10:06:35.520,d5b18660-bccf-4bf8-b6d6-e4abf35e46b0,1,250,1000,10164,b4304ac2-94a1-403c-b870-87c1030c2af9,100,0.4286846633333333,905015f2-9646-4143-b9d5-0002dd90f6ec,2020-06-29 00:00:00.000,5136,1,1,1,0
2021-07-04 13:30:18.513,e0f64def-f3a6-4d8a-ace4-97816b0b0671,0,300,300,10164,b4304ac2-94a1-403c-b870-87c1030c2af9,100,0.094895725,58c83839-987b-4958-b34c-0000df6eb02b,2021-07-04 00:00:00.000,5134,1,1,1,0
2021-02-03 11:29:22.853,dcd928f4-d4fb-4b5e-9ead-6a0446bb5d2c,0,201,1000,3789,7c475ebf-3e1e-40f2-863e-3ddde132645d,100,21.660646928333335,2f529ed3-9ee2-473e-a520-00033809eff3,2021-02-02 00:00:00.000,5100,1,1,1,0
2020-11-30 03:02:18.010,94d1cb95-c11c-4b63-b93b-338afab59cf3,0,100,2000,10164,b4304ac2-94a1-403c-b870-87c1030c2af9,100,0,13587974-93d0-4c04-841c-000204b834b4,2020-11-29 00:00:00.000,4888,0,1,1,0
2021-04-26 16:39:33.377,dca4fdeb-8cbd-4513-a970-c2488105f310,0,100,2000,10164,b4304ac2-94a1-403c-b870-87c1030c2af9,100,0.76509625,be959e0c-4e74-4930-ad28-000242a09769,2021-04-26 00:00:00.000,4888,0,1,1,0
2021-01-26 09:53:03.397,08ee99ae-76fe-40c4-ab65-891f9ae862b5,0,2001,499,10164,b4304ac2-94a1-403c-b870-87c1030c2af9,100,2.3581823566666666,75f08842-7079-4181-9e6f-0000389f9326,2020-10-04 16:40:00.000,5149,1,1,1,0
2020-12-02 07:08:43.157,c1faddf7-4c95-43b1-83f8-16d0402a6523,0,1000,500,0,451d96e7-a65c-4923-94a2-1839b0508d12,100,0,47b8410e-4010-4df1-88c2-00009e91a192,2020-12-01 00:00:00.000,4065,1,1,1,0
2020-08-19 09:32:33.477,97351881-ecb8-4e51-8b12-2542343a19e4,0,300,500,10164,b4304ac2-94a1-403c-b870-87c1030c2af9,100,9.526164711666667,b432646f-9398-4d99-8403-0000fcb4b1ac,2020-08-18 00:00:00.000,5140,1,1,1,0
2021-01-25 10:32:54.877,394ab96e-97c0-43c5-a339-b45fa160d1eb,1,2050,1000,0,451d96e7-a65c-4923-94a2-1839b0508d12,100,1.3163179333333335,5992285a-9790-44ed-a35f-0002dd29fcb8,2021-01-24 00:00:00.000,4065,1,1,1,0
2020-09-08 10:20:35.547,33f9806d-7960-4c4d-9a29-00171dbd2f81,1,1000,253,0,451d96e7-a65c-4923-94a2-1839b0508d12,100,1.01711386,28911deb-355a-4926-9f0c-0003b626abcb,2020-09-08 00:00:00.000,4065,1,1,1,0
2021-04-25 08:02:48.980,75788293-3977-4f3d-98e2-b3ea1e563b5d,0,1000,500,0,451d96e7-a65c-4923-94a2-1839b0508d12,100,1.3261474466666667,dc772450-5c57-45c8-9207-0003b81da541,2021-04-25 00:00:00.000,4065,1,1,1,0
2020-07-19 00:56:36.137,45337f51-bf5a-4838-a1b7-617464f8be12,0,300,500,10164,b4304ac2-94a1-403c-b870-87c1030c2af9,100,0.421884825,4de72402-e920-42a9-abda-0003cc6668ee,2020-07-18 00:00:00.000,5140,1,1,1,0
2021-01-21 09:34:44.860,6cdf3ba0-2375-41ce-a5ca-2c911c79f871,0,300,600,10164,b4304ac2-94a1-403c-b870-87c1030c2af9,100,39.96483766166667,d6f6b459-15bf-4e45-a1eb-0000322f4430,2021-01-18 00:00:00.000,5133,1,1,1,0
2021-01-21 08:32:57.690,86464216-1c6c-4979-85a2-2328a759b342,0,300,600,10164,b4304ac2-94a1-403c-b870-87c1030c2af9,100,18.397978966666667,b52ca12d-4f9b-4c98-aaae-00026188510c,2021-01-18 00:00:00.000,5133,1,1,1,0
2021-01-21 08:17:20.780,76b4bf3e-e726-4812-a122-37eb6fa59a16,0,300,600,10164,b4304ac2-94a1-403c-b870-87c1030c2af9,100,12.931212405,9c8e9e1b-52eb-48c1-a92f-000378ab6677,2021-01-19 00:00:00.000,5133,1,1,1,0
2020-06-05 18:53:00.017,aecc495e-4b4f-4af0-9a6b-8f9669a34c5f,0,300,600,10164,b4304ac2-94a1-403c-b870-87c1030c2af9,100,1.22005722,8d36614e-cf48-45fc-a36d-00038ba5a7f4,2020-06-05 00:00:00.000,5133,1,1,1,0
2020-05-28 11:55:10.157,c0a15765-a83e-4af5-945d-98f12074a1de,0,1200,37,10164,ebc03cc6-28d7-413d-8ea1-e44f81a28f30,100,3.23002774,3452cd55-b51d-4fe4-be93-000369a98480,NULL,4923,1,1,1,0
2019-08-18 10:01:20.603,c92eb5c8-e0f7-4417-97ea-036d38360c62,0,1000,90,10164,ebc03cc6-28d7-413d-8ea1-e44f81a28f30,100,0.33218806333333334,bb845a9a-a4fc-4b75-948a-00036a6438f4,NULL,4923,1,1,1,0
2020-11-28 11:32:44.843,24d7edfb-a3eb-46ad-b1ed-431830d70555,0,1200,25,10164,ebc03cc6-28d7-413d-8ea1-e44f81a28f30,100,1.77602973,a07dd6f4-7b8d-4be2-b09e-00036a761fe4,NULL,4923,1,1,1,0
2020-11-27 09:19:57.837,b52b7fba-83b0-4d34-ae20-c2b3340ea233,0,1000,60,10164,ebc03cc6-28d7-413d-8ea1-e44f81a28f30,100,6.233078783333333,617036f7-9275-431c-9a81-00036c597a37,NULL,4923,1,1,1,0
2021-04-15 12:18:54.607,c8f39075-5c6d-4f99-93f6-590814160a6e,0,1000,200,10164,ebc03cc6-28d7-413d-8ea1-e44f81a28f30,100,63.12274184333334,8f50d7f7-e06b-49ff-87f9-00036e439591,NULL,4923,1,1,1,0
2018-08-22 12:53:02.013,c14cef17-6fa9-4684-bbad-c6a68a3f9618,0,1000,51,10164,ebc03cc6-28d7-413d-8ea1-e44f81a28f30,100,18.278101548333332,56f274a9-8413-4987-bc9a-000370ae0cd9,NULL,4923,1,1,1,0
2018-01-25 15:06:34.743,17488d0b-ee93-480a-bd48-faa0ffcc6af0,0,250,800,10164,ebc03cc6-28d7-413d-8ea1-e44f81a28f30,100,1.0132459383333334,f334dd59-ecd7-48e2-80bc-000370f07089,NULL,4923,1,1,1,0
2020-10-10 08:14:05.627,bbd12a6c-5427-4f66-bbdb-0f38f546f2f8,0,1000,190,10164,ebc03cc6-28d7-413d-8ea1-e44f81a28f30,100,5.63426585,4c2217d9-f70a-474c-9bc8-0003718fa02f,NULL,4923,1,1,1,0
2018-06-15 12:39:49.097,8bb6b5e0-1c48-4022-a7ab-70a3fae66cf1,0,1000,60,10164,ebc03cc6-28d7-413d-8ea1-e44f81a28f30,100,39.58091709333333,a7031a29-1c3e-4d53-a02b-0003729003b6,NULL,4923,1,1,1,0
2020-04-03 12:33:40.027,5f78d41c-aa67-49d5-9bcb-3ae4a77abebe,0,1200,37,10164,ebc03cc6-28d7-413d-8ea1-e44f81a28f30,100,0.40170627166666667,0fbea048-6af4-4732-9b8f-000379683a49,NULL,4923,1,1,1,0
2020-04-09 11:15:34.007,f2c7b123-34fc-4631-a879-897492145278,0,1200,37,10164,ebc03cc6-28d7-413d-8ea1-e44f81a28f30,100,5.902737688333334,0bfe05b1-b55d-48b3-81be-00037a99517e,NULL,4923,1,1,1,0
2018-12-19 13:19:52.490,6913d650-aed8-4a03-aa65-a3e8a2ea4f1c,0,1000,37,10164,ebc03cc6-28d7-413d-8ea1-e44f81a28f30,100,3.8970208183333335,9e869822-fdbd-48dd-9c49-00037b26680f,NULL,4923,1,1,1,0
2020-08-07 09:22:07.393,32904a03-bb8e-4e52-a010-867f2895c3d3,0,1000,250,10164,ebc03cc6-28d7-413d-8ea1-e44f81a28f30,100,8.375074878333333,d6e3efcb-012e-4068-920a-00037ca06cdf,NULL,4923,1,1,1,0
2020-11-19 11:48:52.547,f82a1b92-4c05-4f04-a70d-ab35ee5f10bf,0,1000,200,10164,ebc03cc6-28d7-413d-8ea1-e44f81a28f30,100,15.674537933333333,e1b7a8fc-bca2-447a-8e0f-00037d897adf,NULL,4923,1,1,1,0
2020-12-07 11:37:21.593,1da77219-4543-46b0-9e7f-8eee3ec35ca0,0,1000,300,10164,ebc03cc6-28d7-413d-8ea1-e44f81a28f30,100,6.372683586666667,4d5904c6-0884-4457-96e1-00037f7e1ec6,NULL,4923,1,1,1,0
2020-04-15 08:16:29.303,afc6ae94-a87d-45a8-8796-e65848d15cff,0,1000,250,10164,ebc03cc6-28d7-413d-8ea1-e44f81a28f30,100,0,975e2ef1-b18c-4c4c-b022-0003842b0987,NULL,4923,1,1,1,0
2020-05-02 11:37:35.933,0a52549d-8697-47cd-a2d4-85e3b612f5f8,0,1200,51,10164,ebc03cc6-28d7-413d-8ea1-e44f81a28f30,100,4.3287749983333335,516c7d1d-65f5-4fbe-b112-000384cc48c9,NULL,4923,1,1,1,0
2020-12-11 09:29:51.957,a61a5097-09e7-45ce-baab-fd8f6d6285a7,0,1000,200,10164,ebc03cc6-28d7-413d-8ea1-e44f81a28f30,100,18.676963673333333,05002ea1-2fea-459f-8c25-000384f13146,NULL,4923,1,1,1,0
2020-08-20 08:59:42.273,82d06235-6c62-4331-903c-ef8b921cd4d0,0,1000,150,10164,ebc03cc6-28d7-413d-8ea1-e44f81a28f30,100,3.0826762983333333,e195d85d-05ea-45fb-a8ae-0003859f239a,NULL,4923,1,1,1,0
2020-12-28 08:24:48.127,88b69004-93b8-4935-9c5e-3417819bb13e,0,600,1500,10164,ebc03cc6-28d7-413d-8ea1-e44f81a28f30,100,39.96966837833333,445f0567-e57c-4419-a022-00038722da7a,NULL,4923,1,1,1,0
2020-05-30 11:12:30.613,41145975-485d-49df-918f-bf9a08c30710,0,1200,51,10164,ebc03cc6-28d7-413d-8ea1-e44f81a28f30,100,14.831544676666667,01b1e71f-d8dd-4cf1-ac55-00038c13ffa2,NULL,4923,1,1,1,0
2019-01-12 13:40:37.673,06c34d51-6bc4-4962-918b-67d6db14d3b8,0,1000,31,10164,ebc03cc6-28d7-413d-8ea1-e44f81a28f30,100,5.946751648333334,0b0a0eae-0049-4c8d-9028-00038d30b4f1,NULL,4923,1,1,1,0
2020-12-15 09:59:50.210,8b5c3444-f2e9-44c6-bd0c-6e199a6c467c,0,1000,180,10164,ebc03cc6-28d7-413d-8ea1-e44f81a28f30,100,39.63334038166667,3a3a3a1b-9dd8-4e29-b102-000390f61f6c,NULL,4923,1,1,1,0
2020-06-26 05:03:06.927,d4f57d47-484a-4cd9-9c4a-c5d2d5cb8847,0,250,50,10164,ebc03cc6-28d7-413d-8ea1-e44f81a28f30,100,0.33512283833333334,e80970ba-9c0b-4155-82b9-000392f16352,NULL,4923,1,1,1,0
2021-01-19 18:15:01.697,0c1268c2-79b5-4da5-a957-1fd6afb9bcec,0,2001,180,10164,ebc03cc6-28d7-413d-8ea1-e44f81a28f30,100,1.381414635,7c26402f-dd0e-4a45-8862-000394b3103d,NULL,4923,1,1,1,0
2020-02-15 12:15:31.843,a6fef9f8-dddd-4150-ad7f-5601d63c6bf6,0,1200,51,10164,ebc03cc6-28d7-413d-8ea1-e44f81a28f30,100,0.06379730666666666,449b5c2c-00f8-4069-98be-00039623e76c,NULL,4923,1,1,1,0
2020-12-17 10:54:03.103,94927db4-7558-4ff5-a54b-b0e68d576b79,0,1000,170,10164,ebc03cc6-28d7-413d-8ea1-e44f81a28f30,100,61.97949342333334,aba165f7-187d-4935-95cc-00039912ab4b,NULL,4923,1,1,1,0
2020-11-15 11:16:22.713,6c919646-ca1d-46e4-939d-e6854792bb38,0,1000,140,10164,ebc03cc6-28d7-413d-8ea1-e44f81a28f30,100,42.38435613833333,a924c88a-ccc4-475f-9aa0-00039fd6993b,NULL,4923,1,1,1,0
2020-12-17 10:42:50.493,212685d4-9e53-43dd-bfb3-d1abd3135ade,0,1000,200,10164,ebc03cc6-28d7-413d-8ea1-e44f81a28f30,100,61.32494343333333,4ab40611-d78c-4790-b7aa-0003a2c115a4,NULL,4923,1,1,1,0
2018-12-23 10:01:25.057,4deed88f-f590-424a-b8ea-5e88774aa362,0,1000,250,10164,ebc03cc6-28d7-413d-8ea1-e44f81a28f30,100,7.4434476966666665,cadd21d8-1673-4f45-86f1-0003a365ca2b,NULL,4923,1,1,1,0
2020-12-03 09:34:03.187,a0b2aaa4-5586-49a5-a325-d2656fed8f24,0,1000,250,10164,ebc03cc6-28d7-413d-8ea1-e44f81a28f30,100,15.088211251666667,aef7dc76-ee78-4601-bf63-0003a3991f16,NULL,4923,1,1,1,0
2020-08-19 09:16:34.390,0c3f7bfe-243f-4265-8e8e-6a92e20131fa,0,1000,190,10164,ebc03cc6-28d7-413d-8ea1-e44f81a28f30,100,3.279335506666667,093a9abc-817d-4c5c-93c4-0003a4653981,NULL,4923,1,1,1,0
2018-10-09 09:00:54.067,7f34d389-87b2-4455-a294-abf815ba22f6,0,1000,19,10164,ebc03cc6-28d7-413d-8ea1-e44f81a28f30,100,1.71310588,f95260ba-47ec-4cd2-82d4-0003a5ff770a,NULL,4923,1,1,1,0
2018-05-02 13:22:34.633,4d273917-5663-4308-a47a-501ea877dc99,0,250,50,10164,ebc03cc6-28d7-413d-8ea1-e44f81a28f30,100,14.106230393333334,b627a6de-d59d-46d6-8133-0003a6ea40f5,NULL,4923,1,1,1,0
2020-12-16 10:22:23.860,a6f38f43-cc83-4e93-8d4f-b8a03e1e542a,0,1000,200,10164,ebc03cc6-28d7-413d-8ea1-e44f81a28f30,100,32.224463916666664,adbedaf2-b24f-458a-9076-0003abb33135,NULL,4923,1,1,1,0
2019-07-10 10:16:31.060,9ca73b19-3509-43ac-85f8-4841444b2a8b,0,1000,130,10164,ebc03cc6-28d7-413d-8ea1-e44f81a28f30,100,0.940591225,d656c2ac-3ded-49a2-95c4-0003ada67937,NULL,4923,1,1,1,0
2018-09-03 13:43:38.113,95dfa3b2-7085-4cfc-a1fe-edada3319284,0,1000,37,10164,ebc03cc6-28d7-413d-8ea1-e44f81a28f30,100,14.491634698333334,8a381b5b-9f8d-47f8-92bf-0003ae5387a1,NULL,4923,1,1,1,0
2020-01-23 09:11:29.740,0b7261b3-90e1-443a-a32d-5199e9e01eb7,0,1000,120,10164,ebc03cc6-28d7-413d-8ea1-e44f81a28f30,100,0.05719842,cc6a11cf-2c64-4960-ae22-0003b0e008c7,NULL,4923,1,1,1,0
2021-08-01 12:08:33.317,a9d2f1f7-6180-4cc4-b22b-b3ba609e9c9c,0,2001,180,10164,ebc03cc6-28d7-413d-8ea1-e44f81a28f30,100,7.866912008333333,e21dc190-4bb3-4b01-8270-0003b215493d,NULL,4923,1,1,1,0
2021-01-02 12:03:55.307,4b843873-5e96-4e49-bbad-532b10fa6136,0,1200,23,10164,ebc03cc6-28d7-413d-8ea1-e44f81a28f30,100,0,ab919b6b-bf23-4488-b69a-0003b3f22dbe,NULL,4923,1,1,1,0
2019-03-08 10:58:23.210,6d2b96b3-37bf-44dd-8fbb-db28be43780a,0,2001,300,10164,ebc03cc6-28d7-413d-8ea1-e44f81a28f30,100,0.80057331,a830a7af-376d-4c23-be12-0003b6edfc8f,NULL,4923,1,1,1,0
2020-12-13 10:49:54.160,71c08916-e83c-4fa5-a74c-011e7b82fd8f,0,1200,51,10164,ebc03cc6-28d7-413d-8ea1-e44f81a28f30,100,27.418121250000002,e584773c-7f54-42fb-82ce-0003b71febb1,NULL,4923,1,1,1,0
2019-03-16 09:32:06.107,a258e7ef-b964-478c-bfb4-d095827d940a,0,1000,210,10164,ebc03cc6-28d7-413d-8ea1-e44f81a28f30,100,3.5944678733333335,7f11e01c-48a3-43d4-81ec-0003b85a823b,NULL,4923,1,1,1,0
2019-03-18 09:36:25.077,53876f49-2d67-48e7-a451-d027ce3d9156,0,2001,250,10164,ebc03cc6-28d7-413d-8ea1-e44f81a28f30,100,2.834737535,75245ea6-0361-40b6-acde-0003bc1102e6,NULL,4923,1,1,1,0
2020-12-16 10:32:22.987,6e5b319f-9516-40f6-a774-7641283d1b61,0,1200,19,10164,ebc03cc6-28d7-413d-8ea1-e44f81a28f30,100,5.791307923333333,184add8b-a653-4f7b-aa35-0003c069dc25,NULL,4923,1,1,1,0
2019-03-03 20:45:24.160,5cd47cc6-1311-4ed5-96ca-af8103d3bc5d,1,1000,51,10164,ebc03cc6-28d7-413d-8ea1-e44f81a28f30,100,1.2910671916666667,7ca5ecb5-4db3-4ae3-a6a6-0003c2c37120,NULL,4923,1,1,1,0
2020-06-04 08:25:36.977,df3edc85-0118-4dc8-b9da-7e8c61ab79d3,0,1000,190,10164,ebc03cc6-28d7-413d-8ea1-e44f81a28f30,100,0.21211556166666667,c3af4beb-31b1-4fb5-8d0e-0003c2c6c37e,NULL,4923,1,1,1,0
2018-08-17 16:06:13.020,b006bbdf-53c1-4de8-8aa5-6895ad0ad61f,0,2001,1100,9239,83f00d65-a1a6-4dae-a8f2-def4d2209705,100,1.5055413216666667,130dc454-e16f-4f7b-9753-00015b8397de,2018-08-17 10:00:00.000,4375,1,1,0,1
2021-07-12 10:20:56.427,63b5da4a-b379-4dc3-9640-6e6372d8ba95,0,2001,50,10164,b4304ac2-94a1-403c-b870-87c1030c2af9,100,8.889266268333333,3c2cbb92-841d-483a-8f94-0002fe5fc098,2021-07-08 16:40:00.000,5145,1,1,1,0
2019-03-12 18:23:25.847,c35ed06b-c566-4d2e-8509-0d0dc7323009,0,2001,1100,9239,83f00d65-a1a6-4dae-a8f2-def4d2209705,100,225.30004439500001,3c4cceaa-300b-4b65-a806-000354fbfd8d,2019-03-12 10:00:00.000,4375,1,1,0,1
2019-03-06 10:46:24.880,a56fd61c-5d9b-4fbc-a9a7-25fb69a5aaf4,0,2001,1100,9239,83f00d65-a1a6-4dae-a8f2-def4d2209705,100,0.35121625833333336,e6fbf442-8a2a-4980-8153-0003853c095a,2019-03-06 10:00:00.000,4375,1,1,0,1
2021-03-30 07:30:21.503,23617c53-3e89-4c5a-98d5-4fcab58cb334,0,300,1000,27700,cd5e1afd-bbae-4ef3-a9f3-20d1492aca11,100,1.3522931783333334,712ab6b2-87ab-4556-a71e-0000fd0e186f,2021-03-29 01:00:00.000,5135,1,1,2,0
2020-12-22 01:17:34.723,44417ab5-00cf-4e56-bd16-7e8304271506,1,200,1367,10164,b4304ac2-94a1-403c-b870-87c1030c2af9,100,2.491247415,14d31e3a-887e-443c-8a40-00015b44566a,2020-12-21 02:00:00.000,4721,1,1,1,0
2021-05-08 05:43:38.357,4b171094-e0d8-4473-af51-3acf5d61419d,0,300,1000,27700,cd5e1afd-bbae-4ef3-a9f3-20d1492aca11,100,0.268739205,23da6903-950f-48de-98da-00016af6aea3,2021-05-07 01:00:00.000,5135,1,1,2,0
2021-01-29 13:54:42.550,a81e1093-6835-4140-8639-8df2ebe233a7,0,250,500,2772,e3fb335d-bf9e-433f-b370-c4d9bcd63a05,100,7.957570551666667,29dac15a-6538-46d9-9833-00017473cb3c,2021-01-30 02:00:00.000,4770,0,1,1,0
2020-03-30 12:08:53.813,b0861588-e806-4cd0-9d1d-975b167481e1,0,300,1000,27700,cd5e1afd-bbae-4ef3-a9f3-20d1492aca11,100,1.4679429116666667,1436cb62-965a-4eb2-942d-0001a44f7c4e,2020-03-30 01:00:00.000,5135,1,1,2,0
2019-12-08 22:46:56.397,0c8c44c2-906b-4ac7-b1c7-12d25d101975,0,250,500,2772,e3fb335d-bf9e-433f-b370-c4d9bcd63a05,100,0.055422936666666665,8ef073cb-bba4-49d9-8993-000343969c6c,2019-12-09 02:00:00.000,4770,0,1,1,0
2020-07-04 19:21:44.597,f74387f9-5806-4efd-a97d-18a8eb96e7e8,0,300,1000,27700,cd5e1afd-bbae-4ef3-a9f3-20d1492aca11,100,0,091fbda8-6688-4430-ae0f-0003c434fb4c,2020-07-04 01:00:00.000,5135,1,1,2,0
2019-03-03 11:45:06.660,4bd8756d-52db-4654-b3e3-adf8e6bcd2c9,0,2001,500,9239,83f00d65-a1a6-4dae-a8f2-def4d2209705,100,0.2654720166666667,9ae8b19d-48da-4f5d-bf0c-00002239a5d5,NULL,5080,1,0,1,1
2020-10-03 09:06:15.993,74063a32-0297-4f0a-837a-0e2420be4e8f,0,1000,2000,10164,b4304ac2-94a1-403c-b870-87c1030c2af9,100,30.537526406666668,6aaf9b54-1761-479a-bfcf-000025297fe8,2020-10-03 05:00:00.000,4913,1,1,1,0
2020-03-25 05:16:42.423,47243de2-8fa1-4e2c-b83e-80cc3641eb8c,0,250,500,9239,83f00d65-a1a6-4dae-a8f2-def4d2209705,100,0.7411230983333333,3b1f8aad-5ece-421f-9b1d-000040440c31,NULL,5080,1,0,1,1
2020-12-29 15:50:33.263,2c77ca0f-d20c-40ae-ad9d-302c90747538,0,2001,500,9239,83f00d65-a1a6-4dae-a8f2-def4d2209705,100,17.786016595,95c03d5e-8fd5-4fb0-8b37-00006accc099,NULL,5080,1,0,1,1
2020-12-07 10:33:47.297,f63af22f-2ff0-4fc5-9b7f-b0dc04ad23fc,0,200,500,9239,83f00d65-a1a6-4dae-a8f2-def4d2209705,100,37.680089815,f1f2d79c-ca5a-43d3-8d82-0001356eee0d,NULL,5080,1,0,1,1
2020-01-27 09:17:18.897,976026c1-98a1-4027-b385-c9d9c61d201d,0,250,500,9239,83f00d65-a1a6-4dae-a8f2-def4d2209705,100,0.06774055,74374223-72b3-40a5-93da-0001380beeae,NULL,5080,1,0,1,1
2019-11-16 20:35:40.173,a9a1788a-ec6a-4566-9e3a-4a3a2814b9a5,0,250,500,9239,83f00d65-a1a6-4dae-a8f2-def4d2209705,100,0.06273493000000001,f903fa76-35f0-4746-9ac9-000194db8243,NULL,5080,1,0,1,1
2020-11-29 10:22:06.440,8203108d-cfd2-46d2-adb4-80888f5b0641,0,200,500,9239,83f00d65-a1a6-4dae-a8f2-def4d2209705,100,26.911469248333333,5dd9d058-6287-44b5-abff-0001a362c310,NULL,5080,1,0,1,1
2020-11-25 11:50:01.360,1109b39c-7178-4af1-b19f-88e6edb06e6d,0,200,500,9239,83f00d65-a1a6-4dae-a8f2-def4d2209705,100,111.01873787166667,c1fb2cb2-9615-44be-903e-00021cc45e08,NULL,5080,1,0,1,1
2020-10-02 09:12:24.013,4199c130-c830-4ce2-b4b7-905b6cc75bb6,0,200,500,9239,83f00d65-a1a6-4dae-a8f2-def4d2209705,100,16.329023575,80af9ff3-d1e0-4ee4-a24f-000259e2e158,NULL,5080,1,0,1,1
2019-10-19 09:40:23.787,2b638578-aeff-42f0-9bbd-ed606a1291b3,0,250,500,9239,83f00d65-a1a6-4dae-a8f2-def4d2209705,100,0.06277405666666666,f5483db4-7e80-4917-b411-00025adba3bb,NULL,5080,1,0,1,1
2020-01-16 22:22:43.210,45cd228e-73dc-4967-8e63-cceb149b0a3c,0,250,500,9239,83f00d65-a1a6-4dae-a8f2-def4d2209705,100,3.55022405,f2dd7700-57a5-46f4-8f52-00026e1d807a,NULL,5080,1,0,1,1
2020-03-13 22:44:29.123,ba8ca717-aa49-472a-b8ff-52e829241d66,0,250,500,9239,83f00d65-a1a6-4dae-a8f2-def4d2209705,100,0.7610245016666667,aa907dba-8e2c-456b-bcf0-0002761a7bf5,NULL,5080,1,0,1,1
2021-01-20 17:53:48.423,4ef4da46-f768-4ce7-b35a-4a2427481dfb,0,200,500,9239,83f00d65-a1a6-4dae-a8f2-def4d2209705,100,10.353607076666666,6a11a78a-f5d3-4ade-b975-0002fb139e8b,NULL,5080,1,0,1,1
2020-09-05 09:08:06.170,263cd0fc-bb72-423d-8394-624c513d3e65,0,1000,253,395,340f02c6-c723-4c85-9413-ae2ec0ca39e6,100,0.32634119,5ace26f3-a439-44e8-b4c9-0000ce70ce1f,2020-09-05 00:00:00.000,5041,0,1,1,0
2019-11-25 15:10:21.050,c1946f47-2823-4af8-8057-eb2e7080fbf1,0,250,1220,10164,b4304ac2-94a1-403c-b870-87c1030c2af9,100,0.066243925,628831be-f517-4bee-a94d-0002800a7ffb,2019-11-25 02:00:00.000,2819,1,1,1,0
2021-04-09 11:20:44.560,a0bedac6-68e4-4b82-b530-ccc863cfef35,0,1000,261,395,340f02c6-c723-4c85-9413-ae2ec0ca39e6,100,43.59969974,aa96e511-8633-4857-bf04-0002b2f4ecf6,2021-04-09 00:00:00.000,5041,0,1,1,0
2020-07-21 09:25:36.607,3e65cfe1-f6a6-432a-9ace-9a5106fdbfea,0,1000,250,10164,ebc03cc6-28d7-413d-8ea1-e44f81a28f30,100,27.989771553333334,8a80ee39-fbc2-49f0-a7fa-0003c3d4398a,NULL,4923,1,1,1,0
2019-02-22 19:10:46.057,9756fa7f-560e-40eb-8ab1-f7164c9b0bbd,0,1000,51,10164,ebc03cc6-28d7-413d-8ea1-e44f81a28f30,100,0.37447816666666667,904e0632-b29b-4b03-b0ea-0003c838e09c,NULL,4923,1,1,1,0
2018-12-15 14:21:06.693,8471ecfd-fbbb-441d-b8ad-8449905e3763,0,1000,49,10164,ebc03cc6-28d7-413d-8ea1-e44f81a28f30,100,35.49039956833333,066a1a69-6449-420c-8f75-0003cbcd4e64,NULL,4923,1,1,1,0
